,time,frame,keypoint_name,x,y,z
0,0.0,0,NOSE,-0.001475006341934204,0.09739054739475253,-0.16336787492036814
1,0.0,0,LEFT_EYE_INNER,0.008096128702163696,0.12279775738716134,-0.15077016502618784
2,0.0,0,LEFT_EYE,0.012769907712936401,0.12347401678562164,-0.15083176642656326
3,0.0,0,LEFT_EYE_OUTER,0.017167657613754272,0.12379959225654605,-0.15090025216341013
4,0.0,0,RIGHT_EYE_INNER,-0.008067280054092407,0.12183275818824774,-0.15109560638666153
5,0.0,0,RIGHT_EYE,-0.012641936540603638,0.12189930677413943,-0.15110010653734202
6,0.0,0,RIGHT_EYE_OUTER,-0.015842527151107788,0.12148949503898623,-0.15111649781465525
7,0.0,0,LEFT_EAR,0.025584548711776733,0.11680093407630923,-0.058772630989551544
8,0.0,0,RIGHT_EAR,-0.02053794264793396,0.11349843442440033,-0.06029952317476264
9,0.0,0,MOUTH_LEFT,0.00807240605354309,0.07506987452507025,-0.12699346989393234
10,0.0,0,MOUTH_RIGHT,-0.010227292776107788,0.07419744133949285,-0.12730104476213455
11,0.0,0,LEFT_SHOULDER,0.057744115591049194,-0.0019534826278686523,-0.003392636775970445
12,0.0,0,RIGHT_SHOULDER,-0.05774411559104925,0.0019534826278686523,0.003392636775970459
13,0.0,0,LEFT_ELBOW,0.08242902159690857,-0.12693020701408386,-0.03846796602010724
14,0.0,0,RIGHT_ELBOW,-0.08470472693443304,-0.11909505724906916,-0.018017061054706546
15,0.0,0,LEFT_WRIST,0.07686355710029602,-0.17598319053649902,-0.21681783348321915
16,0.0,0,RIGHT_WRIST,-0.09657672047615051,-0.20325332880020142,-0.18261016160249705
17,0.0,0,LEFT_PINKY,0.07352563738822937,-0.1919422149658203,-0.25983769446611404
18,0.0,0,RIGHT_PINKY,-0.10164597630500793,-0.229336678981781,-0.22167111188173294
19,0.0,0,LEFT_INDEX,0.0684184730052948,-0.17293113470077515,-0.27590943127870554
20,0.0,0,RIGHT_INDEX,-0.09317049384117132,-0.2193472981452942,-0.24144733697175974
21,0.0,0,LEFT_THUMB,0.06792548298835754,-0.16601622104644775,-0.22616783529520035
22,0.0,0,RIGHT_THUMB,-0.08724445104599005,-0.20707154273986816,-0.19371549040079117
23,0.0,0,LEFT_HIP,0.02525278925895691,-0.2300933599472046,0.10941653093323116
24,0.0,0,RIGHT_HIP,-0.03507491946220398,-0.2261255979537964,0.11921320343390106
25,0.0,0,LEFT_KNEE,0.04034420847892761,-0.3797176480293274,0.06194883957505236
26,0.0,0,RIGHT_KNEE,-0.04296037554740906,-0.380217969417572,0.08539419993758206
27,0.0,0,LEFT_ANKLE,0.0446142852306366,-0.5353367924690247,0.25935674458742136
28,0.0,0,RIGHT_ANKLE,-0.04975712299346924,-0.5229135751724243,0.2780887708067894
29,0.0,0,LEFT_HEEL,0.03412643074989319,-0.5406861305236816,0.27452609688043594
30,0.0,0,RIGHT_HEEL,-0.0432911217212677,-0.5303462147712708,0.29435887187719345
31,0.0,0,LEFT_FOOT_INDEX,0.04695400595664978,-0.6031208038330079,0.19976664334535596
32,0.0,0,RIGHT_FOOT_INDEX,-0.060684710741043146,-0.6118770241737366,0.21938373893499366
33,0.0333333333333333,1,NOSE,-0.0020010918378829956,0.09810622036457067,-0.169069804251194
34,0.0333333333333333,1,LEFT_EYE_INNER,0.007528737187385559,0.12299497425556188,-0.15559286624193192
35,0.0333333333333333,1,LEFT_EYE,0.012536540627479553,0.12362600862979889,-0.1556384339928627
36,0.0333333333333333,1,LEFT_EYE_OUTER,0.016902878880500793,0.12380655109882358,-0.15568853169679642
37,0.0333333333333333,1,RIGHT_EYE_INNER,-0.008632227778434753,0.12273867428302768,-0.1557248905301094
38,0.0333333333333333,1,RIGHT_EYE,-0.01289735734462738,0.12303796410560608,-0.1557450070977211
39,0.0333333333333333,1,RIGHT_EYE_OUTER,-0.01618318259716034,0.1230843216180802,-0.1557424440979958
40,0.0333333333333333,1,LEFT_EAR,0.025358274579048157,0.11625990271568298,-0.0596298351883888
41,0.0333333333333333,1,RIGHT_EAR,-0.020515188574790955,0.1154215037822724,-0.06132813543081289
42,0.0333333333333333,1,MOUTH_LEFT,0.007732287049293518,0.0757402777671814,-0.1313312128186226
43,0.0333333333333333,1,MOUTH_RIGHT,-0.01091812551021576,0.07506251335144049,-0.1316682621836662
44,0.0333333333333333,1,LEFT_SHOULDER,0.05776633322238922,-0.0020342767238616943,-0.0033557787537575046
45,0.0333333333333333,1,RIGHT_SHOULDER,-0.05776633322238928,0.0020342767238616943,0.0033557787537575046
46,0.0333333333333333,1,LEFT_ELBOW,0.08235819637775421,-0.13208773732185364,-0.0327975079417229
47,0.0333333333333333,1,RIGHT_ELBOW,-0.08531965315341955,-0.1189821064472198,-0.020566903054714203
48,0.0333333333333333,1,LEFT_WRIST,0.07577647268772125,-0.17520111799240112,-0.2117017880082131
49,0.0333333333333333,1,RIGHT_WRIST,-0.09297309815883636,-0.19503116607666016,-0.20149842649698257
50,0.0333333333333333,1,LEFT_PINKY,0.07165791094303131,-0.19086164236068726,-0.2571689262986183
51,0.0333333333333333,1,RIGHT_PINKY,-0.10119371116161346,-0.22779059410095215,-0.2451594844460488
52,0.0333333333333333,1,LEFT_INDEX,0.06690646708011627,-0.16941988468170166,-0.2739307954907418
53,0.0333333333333333,1,RIGHT_INDEX,-0.09117878973484045,-0.21264386177062988,-0.2639737501740456
54,0.0333333333333333,1,LEFT_THUMB,0.0660715252161026,-0.1624366044998169,-0.22162432223558431
55,0.0333333333333333,1,RIGHT_THUMB,-0.08424578607082367,-0.20188260078430176,-0.21312320977449423
56,0.0333333333333333,1,LEFT_HIP,0.025659337639808655,-0.23737746477127075,0.1104513183236122
57,0.0333333333333333,1,RIGHT_HIP,-0.035311803221702576,-0.2327020764350891,0.1182182554621248
58,0.0333333333333333,1,LEFT_KNEE,0.06142623722553253,-0.4037899971008301,0.0779218561947346
59,0.0333333333333333,1,RIGHT_KNEE,-0.043114110827445984,-0.39824169874191284,0.1055930117145181
60,0.0333333333333333,1,LEFT_ANKLE,0.053936973214149475,-0.5423972010612488,0.2963989302515983
61,0.0333333333333333,1,RIGHT_ANKLE,-0.048492804169654846,-0.5298846364021301,0.3082140013575553
62,0.0333333333333333,1,LEFT_HEEL,0.04356236755847931,-0.5459141731262207,0.3142715021967887
63,0.0333333333333333,1,RIGHT_HEEL,-0.04212115705013275,-0.5398634672164917,0.3256752267479896
64,0.0333333333333333,1,LEFT_FOOT_INDEX,0.06224037706851959,-0.6268960237503052,0.240968070924282
65,0.0333333333333333,1,RIGHT_FOOT_INDEX,-0.06058739125728607,-0.6149532198905944,0.2487239614129066
66,0.0666666666666666,2,NOSE,-0.00259573757648468,0.09873397648334498,-0.15966248884797093
67,0.0666666666666666,2,LEFT_EYE_INNER,0.006921395659446716,0.12333646416664118,-0.14653024449944493
68,0.0666666666666666,2,LEFT_EYE,0.012214168906211853,0.12389932572841639,-0.14657211676239965
69,0.0666666666666666,2,LEFT_EYE_OUTER,0.016602322459220886,0.1240035891532898,-0.14662480726838115
70,0.0666666666666666,2,RIGHT_EYE_INNER,-0.0091942697763443,0.12363474071025848,-0.14628011360764506
71,0.0666666666666666,2,RIGHT_EYE,-0.013223722577095032,0.12403205037116999,-0.14629960432648656
72,0.0666666666666666,2,RIGHT_EYE_OUTER,-0.01659722626209259,0.12426568567752838,-0.14630192890763286
73,0.0666666666666666,2,LEFT_EAR,0.025149807333946228,0.11610643565654749,-0.05505401268601415
74,0.0666666666666666,2,RIGHT_EAR,-0.020533517003059387,0.11645886301994318,-0.055780652910470935
75,0.0666666666666666,2,MOUTH_LEFT,0.00728820264339447,0.07624073326587671,-0.12422302737832064
76,0.0666666666666666,2,MOUTH_RIGHT,-0.011619701981544495,0.07556737959384918,-0.12420264258980754
77,0.0666666666666666,2,LEFT_SHOULDER,0.05777691304683685,-0.0020056813955307007,-0.002984393388032941
78,0.0666666666666666,2,RIGHT_SHOULDER,-0.05777691304683685,0.0020056813955307007,0.002984393388032955
79,0.0666666666666666,2,LEFT_ELBOW,0.08246539533138275,-0.1371173411607743,-0.02873722091317174
80,0.0666666666666666,2,RIGHT_ELBOW,-0.08614109456539154,-0.1196952611207962,-0.020472381263971356
81,0.0666666666666666,2,LEFT_WRIST,0.07416586577892303,-0.17456351220607763,-0.19716665521264073
82,0.0666666666666666,2,RIGHT_WRIST,-0.09253419935703283,-0.19380222260952001,-0.19011819735169413
83,0.0666666666666666,2,LEFT_PINKY,0.06928901374340057,-0.18925748765468603,-0.23978305235505107
84,0.0666666666666666,2,RIGHT_PINKY,-0.10119627416133886,-0.22730879485607153,-0.22955152764916423
85,0.0666666666666666,2,LEFT_INDEX,0.06563381850719452,-0.16627739369869238,-0.2538069225847721
86,0.0666666666666666,2,RIGHT_INDEX,-0.09108479321002966,-0.21177391707897192,-0.24637458100914952
87,0.0666666666666666,2,LEFT_THUMB,0.06469689309597015,-0.1598657220602036,-0.20565450564026835
88,0.0666666666666666,2,RIGHT_THUMB,-0.08402298390865326,-0.2016084641218186,-0.20066059008240703
89,0.0666666666666666,2,LEFT_HIP,0.025815412402153015,-0.24176214635372167,0.10190979810431605
90,0.0666666666666666,2,RIGHT_HIP,-0.03578402101993561,-0.23752580583095556,0.10897768405266095
91,0.0666666666666666,2,LEFT_KNEE,0.06337474286556244,-0.41214697062969213,0.06552247703075416
92,0.0666666666666666,2,RIGHT_KNEE,-0.04312242567539215,-0.40337847173213964,0.09639453329145906
93,0.0666666666666666,2,LEFT_ANKLE,0.054128095507621765,-0.547262653708458,0.28386669978499407
94,0.0666666666666666,2,RIGHT_ANKLE,-0.04818786680698395,-0.5323973745107651,0.2975845895707606
95,0.0666666666666666,2,LEFT_HEEL,0.0443064421415329,-0.5570506304502487,0.3040799908339976
96,0.0666666666666666,2,RIGHT_HEEL,-0.04193325340747833,-0.5440504401922226,0.31484740599989886
97,0.0666666666666666,2,LEFT_FOOT_INDEX,0.05991534888744354,-0.6230783313512802,0.21733765676617617
98,0.0666666666666666,2,RIGHT_FOOT_INDEX,-0.06056933104991913,-0.6159716099500656,0.23074459657073015
99,0.1,3,NOSE,-0.0031169503927230835,0.09921671450138089,-0.15922956913709643
100,0.1,3,LEFT_EYE_INNER,0.006389215588569641,0.12361311912536618,-0.14579989761114115
101,0.1,3,LEFT_EYE,0.011883392930030823,0.12411367893218989,-0.14583804458379745
102,0.1,3,LEFT_EYE_OUTER,0.016306474804878235,0.12415112555027008,-0.14586786180734634
103,0.1,3,RIGHT_EYE_INNER,-0.00968901813030243,0.1244429498910904,-0.14467691630125046
104,0.1,3,RIGHT_EYE,-0.013533160090446472,0.1249509006738663,-0.14469873160123825
105,0.1,3,RIGHT_EYE_OUTER,-0.016944274306297302,0.1253460496664047,-0.14470576494932175
106,0.1,3,LEFT_EAR,0.02490486204624176,0.1161262691020965,-0.05508788675069806
107,0.1,3,RIGHT_EAR,-0.020546242594718933,0.1175449192523956,-0.052156873047351865
108,0.1,3,MOUTH_LEFT,0.00693298876285553,0.07661595940589899,-0.12437108904123306
109,0.1,3,MOUTH_RIGHT,-0.012084051966667175,0.07607781887054438,-0.12330738455057144
110,0.1,3,LEFT_SHOULDER,0.057773128151893616,-0.0018913745880126953,-0.0047776028513908525
111,0.1,3,RIGHT_SHOULDER,-0.057773128151893616,0.0018913745880126953,0.0047776028513908525
112,0.1,3,LEFT_ELBOW,0.08306260406970978,-0.1383852362632752,-0.028364740312099457
113,0.1,3,RIGHT_ELBOW,-0.086326614022255,-0.119483083486557,-0.02344530075788495
114,0.1,3,LEFT_WRIST,0.07276929914951324,-0.1743603646755219,-0.19275822490453723
115,0.1,3,RIGHT_WRIST,-0.0926394015550614,-0.18871977925300604,-0.19769310206174853
116,0.1,3,LEFT_PINKY,0.06849844753742218,-0.18902209401130682,-0.23487397283315656
117,0.1,3,RIGHT_PINKY,-0.10149721801280981,-0.2240609228610993,-0.23694866150617597
118,0.1,3,LEFT_INDEX,0.06498326361179352,-0.16610929369926458,-0.24865608662366864
119,0.1,3,RIGHT_INDEX,-0.0911227315664292,-0.20941552519798284,-0.2545824870467186
120,0.1,3,LEFT_THUMB,0.06385542452335358,-0.15962120890617376,-0.20095204561948773
121,0.1,3,RIGHT_THUMB,-0.08397574722766882,-0.1993620097637177,-0.20833786576986316
122,0.1,3,LEFT_HIP,0.027099326252937317,-0.24491658806800848,0.09519075648859145
123,0.1,3,RIGHT_HIP,-0.03559117019176483,-0.24103221297264105,0.10122609511017795
124,0.1,3,LEFT_KNEE,0.06358940899372101,-0.41808918118476873,0.03922833502292635
125,0.1,3,RIGHT_KNEE,-0.042534515261650085,-0.40917459130287176,0.055599611252546345
126,0.1,3,LEFT_ANKLE,0.056167617440223694,-0.5514887273311615,0.26848586648702616
127,0.1,3,RIGHT_ANKLE,-0.04739789664745331,-0.5342985093593597,0.25875113159418095
128,0.1,3,LEFT_HEEL,0.04686225950717926,-0.5625644028186798,0.2936600521206856
129,0.1,3,RIGHT_HEEL,-0.04083798825740814,-0.544916421175003,0.27635820955038065
130,0.1,3,LEFT_FOOT_INDEX,0.06325806677341461,-0.627096563577652,0.20619075745344156
131,0.1,3,RIGHT_FOOT_INDEX,-0.06057541072368622,-0.6221692264080048,0.19709182530641545
132,0.1333333333333333,4,NOSE,-0.0034796446561813354,0.0991978645324707,-0.1677903532981873
133,0.1333333333333333,4,LEFT_EYE_INNER,0.006077125668525696,0.12356267869472509,-0.15501520037651062
134,0.1333333333333333,4,LEFT_EYE,0.011684730648994446,0.1239565908908844,-0.1550512611865998
135,0.1333333333333333,4,LEFT_EYE_OUTER,0.016124501824378967,0.1238416731357575,-0.15507078170776373
136,0.1333333333333333,4,RIGHT_EYE_INNER,-0.0099935382604599,0.1245008111000061,-0.15450012683868408
137,0.1333333333333333,4,RIGHT_EYE,-0.013740405440330505,0.1250340938568116,-0.1545230150222779
138,0.1333333333333333,4,RIGHT_EYE_OUTER,-0.01715277135372162,0.1254850029945374,-0.1545116007328034
139,0.1333333333333333,4,LEFT_EAR,0.02468593418598175,0.11587445437908181,-0.0603079497814179
140,0.1333333333333333,4,RIGHT_EAR,-0.0205221027135849,0.11784747242927551,-0.059987619519233704
141,0.1333333333333333,4,MOUTH_LEFT,0.006616845726966858,0.07660448551177979,-0.1309362053871155
142,0.1333333333333333,4,MOUTH_RIGHT,-0.012408658862113953,0.07607677578926092,-0.1306036561727524
143,0.1333333333333333,4,LEFT_SHOULDER,0.057735636830329895,-0.001782447099685669,-0.003010913729667705
144,0.1333333333333333,4,RIGHT_SHOULDER,-0.057735636830329895,0.0017824470996857245,0.0030109137296676913
145,0.1333333333333333,4,LEFT_ELBOW,0.08312352001667023,-0.13805976510047907,-0.017713218927383395
146,0.1333333333333333,4,RIGHT_ELBOW,-0.08634324371814728,-0.11941784620285029,-0.023027554154396113
147,0.1333333333333333,4,LEFT_WRIST,0.07297064363956451,-0.174668550491333,-0.1799831092357636
148,0.1333333333333333,4,RIGHT_WRIST,-0.0922223180532456,-0.1891431212425232,-0.2025969922542572
149,0.1333333333333333,4,LEFT_PINKY,0.06876738369464874,-0.18960916996002197,-0.23286175727844238
150,0.1333333333333333,4,RIGHT_PINKY,-0.1008022278547287,-0.22420066595077515,-0.2452140748500824
151,0.1333333333333333,4,LEFT_INDEX,0.06510944664478302,-0.16660064458847046,-0.2529130578041077
152,0.1333333333333333,4,RIGHT_INDEX,-0.08991323411464697,-0.20951324701309204,-0.2643032670021057
153,0.1333333333333333,4,LEFT_THUMB,0.06399573385715485,-0.15977418422698975,-0.1930896639823914
154,0.1333333333333333,4,RIGHT_THUMB,-0.08329515159130096,-0.20001459121704102,-0.21419665217399603
155,0.1333333333333333,4,LEFT_HIP,0.027548328042030334,-0.2447909712791443,0.1085653989575803
156,0.1333333333333333,4,RIGHT_HIP,-0.03491036593914032,-0.2414957880973816,0.1140230088494717
157,0.1333333333333333,4,LEFT_KNEE,0.06214816868305206,-0.42256951332092285,0.0884430352598429
158,0.1333333333333333,4,RIGHT_KNEE,-0.03813813626766205,-0.4178980588912964,0.1472973152995109
159,0.1333333333333333,4,LEFT_ANKLE,0.05657495558261871,-0.5530439615249634,0.2978540062904357
160,0.1333333333333333,4,RIGHT_ANKLE,-0.04726044833660126,-0.5353934168815613,0.3480791449546813
161,0.1333333333333333,4,LEFT_HEEL,0.04670359194278717,-0.5643824934959413,0.3155013024806975
162,0.1333333333333333,4,RIGHT_HEEL,-0.04057715833187103,-0.5455190539360046,0.3653285205364227
163,0.1333333333333333,4,LEFT_FOOT_INDEX,0.06502462923526764,-0.6294947266578673,0.2390487939119338
164,0.1333333333333333,4,RIGHT_FOOT_INDEX,-0.06053631007671356,-0.6219111084938049,0.2887906879186629
165,0.1666666666666666,5,NOSE,-0.003778234124183655,0.09918977320194244,-0.17035077512264252
166,0.1666666666666666,5,LEFT_EYE_INNER,0.005804345011711121,0.12348569929599765,-0.1577471643686294
167,0.1666666666666666,5,LEFT_EYE,0.011477813124656677,0.12382048368453974,-0.157786563038826
168,0.1666666666666666,5,LEFT_EYE_OUTER,0.015942499041557312,0.12368796765804285,-0.157799944281578
169,0.1666666666666666,5,RIGHT_EYE_INNER,-0.010271802544593811,0.12470136582851404,-0.1574224978685379
170,0.1666666666666666,5,RIGHT_EYE,-0.013972416520118713,0.12527246773242945,-0.15743528306484222
171,0.1666666666666666,5,RIGHT_EYE_OUTER,-0.017400935292243958,0.12579016387462613,-0.15742363035678858
172,0.1666666666666666,5,LEFT_EAR,0.024539753794670105,0.11571654677391055,-0.0618079602718353
173,0.1666666666666666,5,RIGHT_EAR,-0.020549848675727844,0.11828143894672394,-0.062391772866249
174,0.1666666666666666,5,MOUTH_LEFT,0.0063658207654953,0.07656975090503687,-0.1328123062849044
175,0.1666666666666666,5,MOUTH_RIGHT,-0.012682333588600159,0.07605646550655365,-0.1327006816864013
176,0.1666666666666666,5,LEFT_SHOULDER,0.057719215750694275,-0.0017086416482925415,-0.003865063190460205
177,0.1666666666666666,5,RIGHT_SHOULDER,-0.057719215750694275,0.0017086416482925415,0.003865063190460205
178,0.1666666666666666,5,LEFT_ELBOW,0.08293794095516205,-0.13749794661998754,-0.0220072269439697
179,0.1666666666666666,5,RIGHT_ELBOW,-0.0863714069128037,-0.11674635112285614,-0.028389498591423007
180,0.1666666666666666,5,LEFT_WRIST,0.07303313910961151,-0.17495755851268774,-0.20277021825313568
181,0.1666666666666666,5,RIGHT_WRIST,-0.09232859313488007,-0.1830363124608994,-0.2254065722227096
182,0.1666666666666666,5,LEFT_PINKY,0.06979648768901825,-0.19057677686214453,-0.25411556661129
183,0.1666666666666666,5,RIGHT_PINKY,-0.10071329772472382,-0.22192113101482397,-0.2709200233221054
184,0.1666666666666666,5,LEFT_INDEX,0.06554649770259857,-0.1685693114995957,-0.2736789137125015
185,0.1666666666666666,5,RIGHT_INDEX,-0.0889942198991776,-0.20960579812526708,-0.2905665189027786
186,0.1666666666666666,5,LEFT_THUMB,0.06406311690807343,-0.1612966507673264,-0.21501009166240692
187,0.1666666666666666,5,RIGHT_THUMB,-0.08296199142932897,-0.19870458543300634,-0.23768828809261322
188,0.1666666666666666,5,LEFT_HIP,0.027638480067253113,-0.24588225781917578,0.1134682246483863
189,0.1666666666666666,5,RIGHT_HIP,-0.03461112082004547,-0.24165074527263647,0.119219624903053
190,0.1666666666666666,5,LEFT_KNEE,0.0604739636182785,-0.4231798499822617,0.1089835008606315
191,0.1666666666666666,5,RIGHT_KNEE,-0.037771716713905334,-0.41714726388454443,0.1599998995661735
192,0.1666666666666666,5,LEFT_ANKLE,0.05579976737499237,-0.5529793947935104,0.3222942352294922
193,0.1666666666666666,5,RIGHT_ANKLE,-0.04715009033679968,-0.5352808684110641,0.3573241531848907
194,0.1666666666666666,5,LEFT_HEEL,0.04582379758358002,-0.5619488805532455,0.3396871834993362
195,0.1666666666666666,5,RIGHT_HEEL,-0.0410812646150589,-0.5494432300329208,0.374241903424263
196,0.1666666666666666,5,LEFT_FOOT_INDEX,0.06312631070613861,-0.6269803494215012,0.2696288675069809
197,0.1666666666666666,5,RIGHT_FOOT_INDEX,-0.0605583935976029,-0.6221483200788498,0.3000101745128631
198,0.2,6,NOSE,-0.004134640097618103,0.09906065464019781,-0.17377642914652824
199,0.2,6,LEFT_EYE_INNER,0.005509808659553528,0.12337231636047372,-0.16084207221865654
200,0.2,6,LEFT_EYE,0.011262848973274231,0.12358307838439941,-0.16088039800524717
201,0.2,6,LEFT_EYE_OUTER,0.0157749205827713,0.1233244240283966,-0.16089985892176634
202,0.2,6,RIGHT_EYE_INNER,-0.010613307356834412,0.12467966973781591,-0.16036282107234007
203,0.2,6,RIGHT_EYE,-0.014252051711082458,0.12525147199630743,-0.16037465259432793
204,0.2,6,RIGHT_EYE_OUTER,-0.017729446291923523,0.12577238678932193,-0.16037104651331907
205,0.2,6,LEFT_EAR,0.024400845170021057,0.11553467810153961,-0.06310204789042476
206,0.2,6,RIGHT_EAR,-0.020609483122825623,0.11837159097194672,-0.06324882432818416
207,0.2,6,MOUTH_LEFT,0.006062403321266174,0.07652746140956884,-0.13544489070773125
208,0.2,6,MOUTH_RIGHT,-0.013011619448661804,0.07602627575397491,-0.13519419357180595
209,0.2,6,LEFT_SHOULDER,0.057726696133613586,-0.001704826951026861,-0.0037130005657672466
210,0.2,6,RIGHT_SHOULDER,-0.057726696133613586,0.0017048269510269165,0.0037130005657672466
211,0.2,6,LEFT_ELBOW,0.08284379541873932,-0.13691402971744537,-0.025770109146833448
212,0.2,6,RIGHT_ELBOW,-0.08637861907482153,-0.11563505232334137,-0.02760029956698415
213,0.2,6,LEFT_WRIST,0.07310815155506134,-0.17525093257427216,-0.21680323407053953
214,0.2,6,RIGHT_WRIST,-0.09241525828838348,-0.1840624064207077,-0.22197194024920464
215,0.2,6,LEFT_PINKY,0.0699244886636734,-0.1907808631658554,-0.26654786989092827
216,0.2,6,RIGHT_PINKY,-0.09849266707897192,-0.22207556664943695,-0.26742012426257133
217,0.2,6,LEFT_INDEX,0.06568707525730133,-0.16880802810192108,-0.28381360694766045
218,0.2,6,RIGHT_INDEX,-0.08708451688289642,-0.2097436636686325,-0.2856631390750409
219,0.2,6,LEFT_THUMB,0.06410153210163116,-0.16144029796123505,-0.22763631865382195
220,0.2,6,RIGHT_THUMB,-0.08261345326900482,-0.19888411462306976,-0.23346061632037163
221,0.2,6,LEFT_HIP,0.027716055512428284,-0.24783627688884735,0.11327900714240964
222,0.2,6,RIGHT_HIP,-0.03394947946071625,-0.2427719682455063,0.11904952628538004
223,0.2,6,LEFT_KNEE,0.05900736153125763,-0.4224349111318588,0.09580782987177375
224,0.2,6,RIGHT_KNEE,-0.037873491644859314,-0.41666440665721893,0.13550663739442814
225,0.2,6,LEFT_ANKLE,0.05560429394245148,-0.5521166771650314,0.32565088942646975
226,0.2,6,RIGHT_ANKLE,-0.04699651896953583,-0.5363109558820724,0.34049429371953005
227,0.2,6,LEFT_HEEL,0.04456688463687897,-0.5607778280973436,0.3451040722429751
228,0.2,6,RIGHT_HEEL,-0.041093215346336365,-0.5485800951719284,0.358481217175722
229,0.2,6,LEFT_FOOT_INDEX,0.060639575123786926,-0.6254309266805648,0.27557307854294766
230,0.2,6,RIGHT_FOOT_INDEX,-0.0603844970464707,-0.6219312399625778,0.28187235072255123
231,0.2333333333333333,7,NOSE,-0.004218056797981262,0.09910200536251074,-0.17048633098602295
232,0.2333333333333333,7,LEFT_EYE_INNER,0.005462393164634705,0.12343290448188785,-0.15770992636680603
233,0.2333333333333333,7,LEFT_EYE,0.011247202754020691,0.12360206246376046,-0.15774855017662054
234,0.2333333333333333,7,LEFT_EYE_OUTER,0.015765830874443054,0.12332746386528015,-0.15776824951171875
235,0.2333333333333333,7,RIGHT_EYE_INNER,-0.010748282074928284,0.12481512129306796,-0.15733772516250616
236,0.2333333333333333,7,RIGHT_EYE,-0.014378026127815247,0.12537051737308505,-0.15734198689460754
237,0.2333333333333333,7,RIGHT_EYE_OUTER,-0.017878010869026184,0.12588429450988775,-0.15733298659324646
238,0.2333333333333333,7,LEFT_EAR,0.024376913905143738,0.11553055047988894,-0.06124366819858554
239,0.2333333333333333,7,RIGHT_EAR,-0.020677760243415833,0.11864139139652255,-0.06157247722148895
240,0.2333333333333333,7,MOUTH_LEFT,0.00604073703289032,0.07660634815692907,-0.13273721933364874
241,0.2333333333333333,7,MOUTH_RIGHT,-0.013196185231208801,0.07605369389057165,-0.13254243135452273
242,0.2333333333333333,7,LEFT_SHOULDER,0.05775325000286102,-0.0017478018999099731,-0.004936173558235141
243,0.2333333333333333,7,RIGHT_SHOULDER,-0.05775325000286102,0.0017478018999099731,0.004936173558235155
244,0.2333333333333333,7,LEFT_ELBOW,0.08249340951442719,-0.13667072355747223,-0.036482051014900235
245,0.2333333333333333,7,RIGHT_ELBOW,-0.08638836443424225,-0.11446888744831085,-0.03474946320056915
246,0.2333333333333333,7,LEFT_WRIST,0.0732416957616806,-0.17538021504878998,-0.22835895419120794
247,0.2333333333333333,7,RIGHT_WRIST,-0.09328044950962072,-0.17124126851558685,-0.24609398841857916
248,0.2333333333333333,7,LEFT_PINKY,0.07037405669689178,-0.19130007922649384,-0.27778577804565435
249,0.2333333333333333,7,RIGHT_PINKY,-0.09882570803165441,-0.21149395406246185,-0.2942779362201691
250,0.2333333333333333,7,LEFT_INDEX,0.06606493890285492,-0.16933463513851166,-0.29557102918624883
251,0.2333333333333333,7,RIGHT_INDEX,-0.08720333874225622,-0.200426384806633,-0.31392019987106323
252,0.2333333333333333,7,LEFT_THUMB,0.06420187652111053,-0.16172270476818085,-0.23927626013755804
253,0.2333333333333333,7,RIGHT_THUMB,-0.08310453593730932,-0.18789874017238617,-0.25913605093955994
254,0.2333333333333333,7,LEFT_HIP,0.0276973694562912,-0.24960462749004364,0.11432305769994855
255,0.2333333333333333,7,RIGHT_HIP,-0.033772364258766174,-0.24400530755519867,0.11999433813616625
256,0.2333333333333333,7,LEFT_KNEE,0.058485791087150574,-0.4193463772535324,0.10965484520420435
257,0.2333333333333333,7,RIGHT_KNEE,-0.038779035210609436,-0.4137919396162033,0.14650617912411676
258,0.2333333333333333,7,LEFT_ANKLE,0.05544339120388031,-0.5517328232526779,0.32939027249813074
259,0.2333333333333333,7,RIGHT_ANKLE,-0.04768253862857824,-0.5368205159902573,0.34398588538169855
260,0.2333333333333333,7,LEFT_HEEL,0.04478435218334198,-0.5597281903028489,0.3472651094198226
261,0.2333333333333333,7,RIGHT_HEEL,-0.04218359291553497,-0.5480662435293198,0.36082127690315235
262,0.2333333333333333,7,LEFT_FOOT_INDEX,0.06014262139797211,-0.6244244426488877,0.2791856229305266
263,0.2333333333333333,7,RIGHT_FOOT_INDEX,-0.06067560613155365,-0.6202828139066697,0.28720934689044947
264,0.2666666666666666,8,NOSE,-0.003905877470970154,0.09938856959342962,-0.16026700288057324
265,0.2666666666666666,8,LEFT_EYE_INNER,0.005782380700111389,0.12367095053195962,-0.14693433791399005
266,0.2666666666666666,8,LEFT_EYE,0.011556640267372131,0.1237486749887467,-0.14697981625795367
267,0.2666666666666666,8,LEFT_EYE_OUTER,0.016073063015937805,0.123411700129509,-0.14699531346559527
268,0.2666666666666666,8,RIGHT_EYE_INNER,-0.01045672595500946,0.1251877695322037,-0.14713243395090106
269,0.2666666666666666,8,RIGHT_EYE,-0.014118537306785583,0.1257596015930176,-0.14711356908082965
270,0.2666666666666666,8,RIGHT_EYE_OUTER,-0.0176115483045578,0.1262894570827484,-0.14708683639764783
271,0.2666666666666666,8,LEFT_EAR,0.02465219795703888,0.1155924946069718,-0.052645377814769745
272,0.2666666666666666,8,RIGHT_EAR,-0.0204877108335495,0.11945413053035742,-0.05593790858983996
273,0.2666666666666666,8,MOUTH_LEFT,0.006353810429573059,0.07688912749290472,-0.12381548434495926
274,0.2666666666666666,8,MOUTH_RIGHT,-0.012944445013999939,0.07629337906837463,-0.12438542395830154
275,0.2666666666666666,8,LEFT_SHOULDER,0.05801220238208771,-0.0017335116863250732,-0.004896067082881955
276,0.2666666666666666,8,RIGHT_SHOULDER,-0.05801220238208771,0.0017335116863251288,0.004896067082881941
277,0.2666666666666666,8,LEFT_ELBOW,0.08279778063297272,-0.1372584700584411,-0.034555830061435644
278,0.2666666666666666,8,RIGHT_ELBOW,-0.08642600476741791,-0.11513900756835938,-0.039593346416950254
279,0.2666666666666666,8,LEFT_WRIST,0.07358218729496002,-0.17606323957443237,-0.22508300095796588
280,0.2666666666666666,8,RIGHT_WRIST,-0.09370766580104833,-0.17117679119110107,-0.24126214534044263
281,0.2666666666666666,8,LEFT_PINKY,0.07122392952442169,-0.1920335292816162,-0.27673859149217606
282,0.2666666666666666,8,RIGHT_PINKY,-0.09872131049633032,-0.20881259441375732,-0.28729335218667984
283,0.2666666666666666,8,LEFT_INDEX,0.06676562130451202,-0.17010498046875,-0.2949580028653145
284,0.2666666666666666,8,RIGHT_INDEX,-0.08729304373264313,-0.1965664029121399,-0.306437112390995
285,0.2666666666666666,8,LEFT_THUMB,0.0646531730890274,-0.16237366199493408,-0.23618821054697034
286,0.2666666666666666,8,RIGHT_THUMB,-0.08363579213619232,-0.18343979120254517,-0.2537696436047554
287,0.2666666666666666,8,LEFT_HIP,0.027812615036964417,-0.2534347176551819,0.10187985887750985
288,0.2666666666666666,8,RIGHT_HIP,-0.03346876800060272,-0.2483428716659546,0.10721511160954825
289,0.2666666666666666,8,LEFT_KNEE,0.058391109108924866,-0.42016857862472534,0.10417802989832124
290,0.2666666666666666,8,RIGHT_KNEE,-0.038578733801841736,-0.41513633728027344,0.14935571327805514
291,0.2666666666666666,8,LEFT_ANKLE,0.05528511106967926,-0.5510293245315552,0.3282453045248984
292,0.2666666666666666,8,RIGHT_ANKLE,-0.047851368784904535,-0.5375651121139526,0.34944506734609593
293,0.2666666666666666,8,LEFT_HEEL,0.04414708912372589,-0.5558788180351258,0.3471051529049872
294,0.2666666666666666,8,RIGHT_HEEL,-0.042979225516319275,-0.5483903884887695,0.3671703264117241
295,0.2666666666666666,8,LEFT_FOOT_INDEX,0.05446137487888336,-0.6238637566566466,0.2868843004107474
296,0.2666666666666666,8,RIGHT_FOOT_INDEX,-0.06043232977390289,-0.6193196773529054,0.3000552877783774
297,0.3,9,NOSE,-0.0036890804767608643,0.09993661940097812,-0.16153864935040477
298,0.3,9,LEFT_EYE_INNER,0.005995124578475952,0.12406231462955483,-0.14820079877972606
299,0.3,9,LEFT_EYE,0.011764436960220337,0.12405487895011902,-0.14823742583394053
300,0.3,9,LEFT_EYE_OUTER,0.016272753477096558,0.12363395094871521,-0.14822225645184514
301,0.3,9,RIGHT_EYE_INNER,-0.010243445634841919,0.1255990862846375,-0.14845113828778264
302,0.3,9,RIGHT_EYE,-0.013915807008743286,0.1261780560016632,-0.14844961836934092
303,0.3,9,RIGHT_EYE_OUTER,-0.017402201890945435,0.126703143119812,-0.14842568710446355
304,0.3,9,LEFT_EAR,0.02478167414665222,0.1157861649990082,-0.05322029069066045
305,0.3,9,RIGHT_EAR,-0.020305663347244263,0.1203332841396332,-0.05741022899746895
306,0.3,9,MOUTH_LEFT,0.006560713052749634,0.07746607065200811,-0.12520666792988774
307,0.3,9,MOUTH_RIGHT,-0.012750118970870972,0.07677966356277471,-0.12595132365822795
308,0.3,9,LEFT_SHOULDER,0.05800476670265198,-0.0017150342464447021,-0.004210982471704441
309,0.3,9,RIGHT_SHOULDER,-0.05800476670265203,0.0017150342464447021,0.004210982471704455
310,0.3,9,LEFT_ELBOW,0.08301743865013123,-0.1382867991924286,-0.028351534157991437
311,0.3,9,RIGHT_ELBOW,-0.08624649047851562,-0.11523652076721186,-0.03820227459073064
312,0.3,9,LEFT_WRIST,0.07292035222053528,-0.17754706740379333,-0.21494229510426524
313,0.3,9,RIGHT_WRIST,-0.09355232119560242,-0.17282256484031677,-0.23894100263714793
314,0.3,9,LEFT_PINKY,0.07063552737236023,-0.19350197911262512,-0.26456599310040474
315,0.3,9,RIGHT_PINKY,-0.09831815958023071,-0.20726200938224792,-0.28384118154644966
316,0.3,9,LEFT_INDEX,0.06624475121498108,-0.17126712203025818,-0.2825996167957783
317,0.3,9,RIGHT_INDEX,-0.08717605471611023,-0.1933651864528656,-0.3022182770073414
318,0.3,9,LEFT_THUMB,0.0642528235912323,-0.16374406218528748,-0.22578262165188792
319,0.3,9,RIGHT_THUMB,-0.0835479199886322,-0.18098828196525574,-0.25098710134625435
320,0.3,9,LEFT_HIP,0.027869850397109985,-0.25281891226768494,0.10902560222893956
321,0.3,9,RIGHT_HIP,-0.03321245312690735,-0.2481321394443512,0.11437934869900336
322,0.3,9,LEFT_KNEE,0.05823943018913269,-0.421543151140213,0.11563663091510526
323,0.3,9,RIGHT_KNEE,-0.03920528292655945,-0.41429075598716736,0.15515899285674087
324,0.3,9,LEFT_ANKLE,0.05508431792259216,-0.551076740026474,0.33004575595259655
325,0.3,9,RIGHT_ANKLE,-0.048093944787979126,-0.5372976958751678,0.3478015772998333
326,0.3,9,LEFT_HEEL,0.04407188296318054,-0.5548498928546906,0.34766687080264086
327,0.3,9,RIGHT_HEEL,-0.04338982701301575,-0.5464936196804047,0.3646831028163433
328,0.3,9,LEFT_FOOT_INDEX,0.05468311905860901,-0.6235566437244415,0.2842205278575419
329,0.3,9,RIGHT_FOOT_INDEX,-0.06082412600517273,-0.6192715466022491,0.29533263668417925
330,0.3333333333333333,10,NOSE,-0.003590121865272522,0.09993313252925876,-0.17135011032223701
331,0.3333333333333333,10,LEFT_EYE_INNER,0.006097063422203064,0.12380465865135196,-0.15897499397397047
332,0.3333333333333333,10,LEFT_EYE,0.011860117316246033,0.12374915182590485,-0.15900488570332533
333,0.3333333333333333,10,LEFT_EYE_OUTER,0.016365334391593933,0.12329925596714025,-0.15901516750454903
334,0.3333333333333333,10,RIGHT_EYE_INNER,-0.010143294930458069,0.12542636692523956,-0.15794183686375624
335,0.3333333333333333,10,RIGHT_EYE,-0.01384533941745758,0.12601646780967715,-0.15795053914189344
336,0.3333333333333333,10,RIGHT_EYE_OUTER,-0.017310157418251038,0.12654337286949166,-0.15793727710843092
337,0.3333333333333333,10,LEFT_EAR,0.02484290301799774,0.11543811857700356,-0.06335045769810674
338,0.3333333333333333,10,RIGHT_EAR,-0.020267382264137268,0.12035131454467776,-0.06178571656346324
339,0.3333333333333333,10,MOUTH_LEFT,0.006657466292381287,0.07754214107990265,-0.13417746499180794
340,0.3333333333333333,10,MOUTH_RIGHT,-0.012697473168373108,0.07693208754062658,-0.13334979489445692
341,0.3333333333333333,10,LEFT_SHOULDER,0.05795721709728241,-0.0017880946397781372,-0.005991268903017044
342,0.3333333333333333,10,RIGHT_SHOULDER,-0.05795721709728241,0.0017880946397781372,0.005991268903017058
343,0.3333333333333333,10,LEFT_ELBOW,0.08311198651790619,-0.13982607424259186,-0.022615481168031748
344,0.3333333333333333,10,RIGHT_ELBOW,-0.08573885262012482,-0.11564983427524567,-0.034814793616533335
345,0.3333333333333333,10,LEFT_WRIST,0.07214896380901337,-0.17830370366573334,-0.19902481511235243
346,0.3333333333333333,10,RIGHT_WRIST,-0.0934646874666214,-0.17140881717205048,-0.24237169697880745
347,0.3333333333333333,10,LEFT_PINKY,0.07020364701747894,-0.19384877383708954,-0.24621723964810377
348,0.3333333333333333,10,RIGHT_PINKY,-0.09858374297618872,-0.19632963836193085,-0.28871427848935133
349,0.3333333333333333,10,LEFT_INDEX,0.06526868045330048,-0.17158512771129608,-0.26388524845242506
350,0.3333333333333333,10,RIGHT_INDEX,-0.08747892081737518,-0.1835213154554367,-0.30688782408833504
351,0.3333333333333333,10,LEFT_THUMB,0.06342373788356781,-0.16411761939525604,-0.20907698944211012
352,0.3333333333333333,10,RIGHT_THUMB,-0.08357386291027069,-0.17296181619167328,-0.25462232902646065
353,0.3333333333333333,10,LEFT_HIP,0.027909323573112488,-0.2524637430906296,0.11572687816806136
354,0.3333333333333333,10,RIGHT_HIP,-0.0331619530916214,-0.24774490296840668,0.12063701427541666
355,0.3333333333333333,10,LEFT_KNEE,0.057922109961509705,-0.4232519119977951,0.11493571777828036
356,0.3333333333333333,10,RIGHT_KNEE,-0.041552916169166565,-0.4140820950269699,0.16299311071634287
357,0.3333333333333333,10,LEFT_ANKLE,0.055065736174583435,-0.5517119616270065,0.3514038585126399
358,0.3333333333333333,10,RIGHT_ANKLE,-0.048134043812751826,-0.5374560803174973,0.39310954138636583
359,0.3333333333333333,10,LEFT_HEEL,0.04578082263469696,-0.5551292151212692,0.37152571603655804
360,0.3333333333333333,10,RIGHT_HEEL,-0.04333271086215973,-0.541747972369194,0.41385246440768236
361,0.3333333333333333,10,LEFT_FOOT_INDEX,0.05480144917964935,-0.6401443928480148,0.30045656487345684
362,0.3333333333333333,10,RIGHT_FOOT_INDEX,-0.06082706153392792,-0.6194397658109665,0.3390222303569316
363,0.3666666666666666,11,NOSE,-0.0032093822956085205,0.09964047372341162,-0.1633418500423432
364,0.3666666666666666,11,LEFT_EYE_INNER,0.006510108709335327,0.12345200777053841,-0.15060409903526312
365,0.3666666666666666,11,LEFT_EYE,0.012257307767868042,0.12333558499813083,-0.15065515041351318
366,0.3666666666666666,11,LEFT_EYE_OUTER,0.01674458384513855,0.12284316122531891,-0.150694340467453
367,0.3666666666666666,11,RIGHT_EYE_INNER,-0.009765535593032837,0.12513354420661932,-0.15028363466262823
368,0.3666666666666666,11,RIGHT_EYE,-0.013496965169906616,0.12573693692684182,-0.15029829740524292
369,0.3666666666666666,11,RIGHT_EYE_OUTER,-0.016957074403762817,0.12628079950809482,-0.15029481053352362
370,0.3666666666666666,11,LEFT_EAR,0.0251753032207489,0.11511020362377172,-0.058291271328926114
371,0.3666666666666666,11,RIGHT_EAR,-0.02013114094734192,0.12039759755134583,-0.0598658621311188
372,0.3666666666666666,11,MOUTH_LEFT,0.007028907537460327,0.07727275788784033,-0.1275207102298737
373,0.3666666666666666,11,MOUTH_RIGHT,-0.012376278638839722,0.07675580680370331,-0.1276738345623016
374,0.3666666666666666,11,LEFT_SHOULDER,0.058012694120407104,-0.0015510767698287964,-0.004025124013423906
375,0.3666666666666666,11,RIGHT_SHOULDER,-0.05801269412040716,0.0015510767698287964,0.004025124013423892
376,0.3666666666666666,11,LEFT_ELBOW,0.08342495560646057,-0.14108924567699427,-0.005907788872718811
377,0.3666666666666666,11,RIGHT_ELBOW,-0.08565336465835577,-0.1328795999288559,-0.026380941271781894
378,0.3666666666666666,11,LEFT_WRIST,0.07199296355247498,-0.17973987758159637,-0.15102684497833252
379,0.3666666666666666,11,RIGHT_WRIST,-0.08973810076713568,-0.17823724448680878,-0.2024962604045868
380,0.3666666666666666,11,LEFT_PINKY,0.07025596499443054,-0.19416289031505585,-0.1915789246559143
381,0.3666666666666666,11,RIGHT_PINKY,-0.09435468912124634,-0.20051072537899017,-0.24219897389411932
382,0.3666666666666666,11,LEFT_INDEX,0.06528148055076599,-0.1718684285879135,-0.20696881413459783
383,0.3666666666666666,11,RIGHT_INDEX,-0.08711028099060059,-0.18649427592754364,-0.2574948966503144
384,0.3666666666666666,11,LEFT_THUMB,0.06355646252632141,-0.16447018086910248,-0.15935438871383673
385,0.3666666666666666,11,RIGHT_THUMB,-0.08308258652687078,-0.17534951865673065,-0.2126977443695069
386,0.3666666666666666,11,LEFT_HIP,0.02825036644935608,-0.2522578686475754,0.1086668819189072
387,0.3666666666666666,11,RIGHT_HIP,-0.03311547636985779,-0.24777851998806,0.1124599945032968
388,0.3666666666666666,11,LEFT_KNEE,0.058016806840896606,-0.42624615132808685,0.10735664889216419
389,0.3666666666666666,11,RIGHT_KNEE,-0.042250484228134155,-0.4146740287542343,0.154026698321104
390,0.3666666666666666,11,LEFT_ANKLE,0.055327028036117554,-0.551980659365654,0.33249923586845387
391,0.3666666666666666,11,RIGHT_ANKLE,-0.047952622175216675,-0.5375533550977707,0.3632252216339111
392,0.3666666666666666,11,LEFT_HEEL,0.04688212275505066,-0.5552960485219957,0.35151049494743336
393,0.3666666666666666,11,RIGHT_HEEL,-0.0429668128490448,-0.5406473726034164,0.3820301592350005
394,0.3666666666666666,11,LEFT_FOOT_INDEX,0.05551585555076599,-0.6468125432729721,0.2859104722738265
395,0.3666666666666666,11,RIGHT_FOOT_INDEX,-0.06057381629943848,-0.6209581941366197,0.3114102631807326
396,0.4,12,NOSE,-0.002780720591545105,0.09889923036098483,-0.18541543185710913
397,0.4,12,LEFT_EYE_INNER,0.006896868348121643,0.12248842418193823,-0.17150826752185822
398,0.4,12,LEFT_EYE,0.012490406632423401,0.12228739261627203,-0.17156405746936798
399,0.4,12,LEFT_EYE_OUTER,0.01691688597202301,0.12176808714866644,-0.17160926759243011
400,0.4,12,RIGHT_EYE_INNER,-0.00943516194820404,0.12414939701557162,-0.172563835978508
401,0.4,12,RIGHT_EYE,-0.013351187109947205,0.12484939396381384,-0.1725862473249436
402,0.4,12,RIGHT_EYE_OUTER,-0.0167989581823349,0.12535259127616882,-0.1725669950246811
403,0.4,12,LEFT_EAR,0.025277569890022278,0.11451056599617004,-0.0670684427022934
404,0.4,12,RIGHT_EAR,-0.02016274631023407,0.11988453567028054,-0.07453697919845581
405,0.4,12,MOUTH_LEFT,0.007247999310493469,0.07677097618579865,-0.14444823563098913
406,0.4,12,MOUTH_RIGHT,-0.012218579649925232,0.07626654207706451,-0.1463069766759873
407,0.4,12,LEFT_SHOULDER,0.05794842541217804,-0.0014781802892684937,-0.001989409327507019
408,0.4,12,RIGHT_SHOULDER,-0.057948425412178095,0.0014781802892685492,0.0019894093275069913
409,0.4,12,LEFT_ELBOW,0.08347691595554352,-0.13942156732082367,0.005251333117484991
410,0.4,12,RIGHT_ELBOW,-0.0841933935880661,-0.13339097797870636,-0.030731186270713806
411,0.4,12,LEFT_WRIST,0.0716446191072464,-0.18011219799518585,-0.15610899031162262
412,0.4,12,RIGHT_WRIST,-0.08000482618808746,-0.17126192152500153,-0.2223963588476181
413,0.4,12,LEFT_PINKY,0.07000376284122467,-0.19461388885974884,-0.1995895355939865
414,0.4,12,RIGHT_PINKY,-0.08247192203998571,-0.18860699236392975,-0.2673013061285019
415,0.4,12,LEFT_INDEX,0.06447429955005646,-0.1726030856370926,-0.21466191112995153
416,0.4,12,RIGHT_INDEX,-0.07861046493053436,-0.16373015940189362,-0.2829507142305374
417,0.4,12,LEFT_THUMB,0.06295795738697052,-0.16529031097888947,-0.1651615351438523
418,0.4,12,RIGHT_THUMB,-0.0751575380563736,-0.16034527122974396,-0.2331800013780594
419,0.4,12,LEFT_HIP,0.02838672697544098,-0.25177009403705597,0.12861933768726888
420,0.4,12,RIGHT_HIP,-0.033845409750938416,-0.2479097992181778,0.1324139141943305
421,0.4,12,LEFT_KNEE,0.05802948772907257,-0.42599107325077057,0.13927158713340748
422,0.4,12,RIGHT_KNEE,-0.042307719588279724,-0.4157344251871109,0.1892405301332473
423,0.4,12,LEFT_ANKLE,0.05533553659915924,-0.550064280629158,0.3816034942865371
424,0.4,12,RIGHT_ANKLE,-0.047837093472480774,-0.5378942638635635,0.4116864651441573
425,0.4,12,LEFT_HEEL,0.04685021936893463,-0.555026963353157,0.4026667326688766
426,0.4,12,RIGHT_HEEL,-0.04278574883937836,-0.5412154346704483,0.4321485012769698
427,0.4,12,LEFT_FOOT_INDEX,0.05524994432926178,-0.645139768719673,0.3336687237024306
428,0.4,12,RIGHT_FOOT_INDEX,-0.060627296566963196,-0.6215813905000687,0.35630004107952107
429,0.4333333333333333,13,NOSE,-0.0021539032459259033,0.09763278067111975,-0.1895644292235375
430,0.4333333333333333,13,LEFT_EYE_INNER,0.0074742138385772705,0.12109480798244485,-0.17568998783826834
431,0.4333333333333333,13,LEFT_EYE,0.012779921293258667,0.12079706788063055,-0.17574592679739004
432,0.4333333333333333,13,LEFT_EYE_OUTER,0.01708129048347473,0.12020416557788854,-0.17580228298902512
433,0.4333333333333333,13,RIGHT_EYE_INNER,-0.008900672197341919,0.12273015081882482,-0.17642232030630112
434,0.4333333333333333,13,RIGHT_EYE,-0.013183027505874634,0.12343603372573853,-0.17644774168729782
435,0.4333333333333333,13,RIGHT_EYE_OUTER,-0.01661410927772522,0.12388020753860474,-0.1764345988631249
436,0.4333333333333333,13,LEFT_EAR,0.02532169222831726,0.11359435319900513,-0.06753783673048022
437,0.4333333333333333,13,RIGHT_EAR,-0.020113259553909302,0.11902348697185525,-0.07316572219133383
438,0.4333333333333333,13,MOUTH_LEFT,0.007547050714492798,0.07601363956928253,-0.14665942639112473
439,0.4333333333333333,13,MOUTH_RIGHT,-0.012028783559799194,0.07553215324878693,-0.14810078591108322
440,0.4333333333333333,13,LEFT_SHOULDER,0.05801776051521301,-0.0016547590494155884,-0.0030204877257347107
441,0.4333333333333333,13,RIGHT_SHOULDER,-0.05801776051521307,0.0016547590494156439,0.003020487725734683
442,0.4333333333333333,13,LEFT_ELBOW,0.0836087167263031,-0.13838537037372584,-0.0020626261830330173
443,0.4333333333333333,13,RIGHT_ELBOW,-0.08291068673133856,-0.13617564737796778,-0.03355907648801801
444,0.4333333333333333,13,LEFT_WRIST,0.07161590456962585,-0.1792575567960739,-0.16016053408384323
445,0.4333333333333333,13,RIGHT_WRIST,-0.07509154081344604,-0.15845613181591034,-0.2495366558432579
446,0.4333333333333333,13,LEFT_PINKY,0.06968191266059875,-0.19452260434627533,-0.2079648301005364
447,0.4333333333333333,13,RIGHT_PINKY,-0.07624715566635137,-0.16943131387233734,-0.2975599691271782
448,0.4333333333333333,13,LEFT_INDEX,0.06408455967903137,-0.17260996997356415,-0.2277432307600975
449,0.4333333333333333,13,RIGHT_INDEX,-0.07406020164489746,-0.14889980852603907,-0.31106837838888174
450,0.4333333333333333,13,LEFT_THUMB,0.06272485852241516,-0.1653146594762802,-0.1697627231478691
451,0.4333333333333333,13,RIGHT_THUMB,-0.06904324889183044,-0.14489103853702545,-0.2595501765608788
452,0.4333333333333333,13,LEFT_HIP,0.028472691774368286,-0.25128351151943207,0.12555769796017557
453,0.4333333333333333,13,RIGHT_HIP,-0.03496977686882019,-0.24838541448116302,0.1287076141452416
454,0.4333333333333333,13,LEFT_KNEE,0.0584464967250824,-0.4267531484365463,0.11902035679668188
455,0.4333333333333333,13,RIGHT_KNEE,-0.044505506753921564,-0.4192107766866684,0.1786836870014667
456,0.4333333333333333,13,LEFT_ANKLE,0.055900365114212036,-0.5526026338338852,0.3655808642506599
457,0.4333333333333333,13,RIGHT_ANKLE,-0.04779458045959478,-0.5401982516050339,0.39587423950433726
458,0.4333333333333333,13,LEFT_HEEL,0.04829654097557068,-0.5554770678281784,0.38703826814889897
459,0.4333333333333333,13,RIGHT_HEEL,-0.04265865683555603,-0.5450919717550278,0.41659433394670475
460,0.4333333333333333,13,LEFT_FOOT_INDEX,0.05700364708900452,-0.6487197130918502,0.31161583214998234
461,0.4333333333333333,13,RIGHT_FOOT_INDEX,-0.06058064103126526,-0.6238608211278915,0.33396459370851506
462,0.4666666666666667,14,NOSE,-0.0012212693691253662,0.0955788344144822,-0.19288337230682379
463,0.4666666666666667,14,LEFT_EYE_INNER,0.008135169744491577,0.1192431449890137,-0.1798867583274842
464,0.4666666666666667,14,LEFT_EYE,0.013230472803115845,0.11904868483543399,-0.1799366474151612
465,0.4666666666666667,14,LEFT_EYE_OUTER,0.017433494329452515,0.1186128556728363,-0.17999994754791265
466,0.4666666666666667,14,RIGHT_EYE_INNER,-0.008316606283187866,0.12074969708919528,-0.18104505538940435
467,0.4666666666666667,14,RIGHT_EYE,-0.012853473424911499,0.1215333044528962,-0.18107283115386968
468,0.4666666666666667,14,RIGHT_EYE_OUTER,-0.01629313826560974,0.12203569710254669,-0.18104499578475958
469,0.4666666666666667,14,LEFT_EAR,0.0254954993724823,0.11273276805877688,-0.07340441644191745
470,0.4666666666666667,14,RIGHT_EAR,-0.020043224096298218,0.1175134778022767,-0.08097824454307556
471,0.4666666666666667,14,MOUTH_LEFT,0.008089691400527954,0.0748587846755982,-0.15026763081550604
472,0.4666666666666667,14,MOUTH_RIGHT,-0.011591523885726929,0.07426396012306219,-0.15218907594680786
473,0.4666666666666667,14,LEFT_SHOULDER,0.05772915482521057,-0.001284241676330511,-0.002119675278663663
474,0.4666666666666667,14,RIGHT_SHOULDER,-0.05772915482521063,0.0012842416763305664,0.0021196752786636353
475,0.4666666666666667,14,LEFT_ELBOW,0.08388438820838928,-0.13358360528945923,0.004649922251701341
476,0.4666666666666667,14,RIGHT_ELBOW,-0.08113390207290655,-0.14060723781585693,-0.038921758532524164
477,0.4666666666666667,14,LEFT_WRIST,0.07147195935249329,-0.17927640676498413,-0.14301171898841863
478,0.4666666666666667,14,RIGHT_WRIST,-0.06871211528778076,-0.14794695377349854,-0.24224337935447698
479,0.4666666666666667,14,LEFT_PINKY,0.06924763321876526,-0.19483715295791626,-0.18538653850555425
480,0.4666666666666667,14,RIGHT_PINKY,-0.06673803925514221,-0.154384434223175,-0.28833490610122686
481,0.4666666666666667,14,LEFT_INDEX,0.06305429339408875,-0.17300963401794434,-0.20428907871246343
482,0.4666666666666667,14,RIGHT_INDEX,-0.06431242823600775,-0.12972590327262878,-0.29956990480422974
483,0.4666666666666667,14,LEFT_THUMB,0.06170472502708435,-0.16580212116241455,-0.15220481157302856
484,0.4666666666666667,14,RIGHT_THUMB,-0.06086656451225286,-0.1249755322933197,-0.25083446502685547
485,0.4666666666666667,14,LEFT_HIP,0.028876036405563354,-0.2509758472442627,0.12720211315900085
486,0.4666666666666667,14,RIGHT_HIP,-0.03467300534248352,-0.24837768077850342,0.13038386439438893
487,0.4666666666666667,14,LEFT_KNEE,0.05859193205833435,-0.4275655746459961,0.12156148720532654
488,0.4666666666666667,14,RIGHT_KNEE,-0.04414048790931702,-0.42166686058044434,0.18440524488687504
489,0.4666666666666667,14,LEFT_ANKLE,0.05770483613014221,-0.5564631223678589,0.35954783856868733
490,0.4666666666666667,14,RIGHT_ANKLE,-0.047546833753585815,-0.5412389039993286,0.40197086334228505
491,0.4666666666666667,14,LEFT_HEEL,0.0491509735584259,-0.5560300946235657,0.37983775138854975
492,0.4666666666666667,14,RIGHT_HEEL,-0.042240649461746216,-0.5465368628501892,0.42218330502510065
493,0.4666666666666667,14,LEFT_FOOT_INDEX,0.05987706780433655,-0.6498074531555175,0.30663198232650746
494,0.4666666666666667,14,RIGHT_FOOT_INDEX,-0.060373127460479736,-0.6266745328903199,0.34136632084846485
495,0.5,15,NOSE,-0.0013671815395355225,0.09031118452548986,-0.17624289914965627
496,0.5,15,LEFT_EYE_INNER,0.00798085331916809,0.11502689123153687,-0.16712902113795278
497,0.5,15,LEFT_EYE,0.013075798749923706,0.11521676182746887,-0.16715748235583308
498,0.5,15,LEFT_EYE_OUTER,0.01724335551261902,0.11516074836254128,-0.16721425577998159
499,0.5,15,RIGHT_EYE_INNER,-0.008538275957107544,0.11602824926376348,-0.16618288680911067
500,0.5,15,RIGHT_EYE,-0.01321682333946228,0.11705344915390017,-0.16619668528437617
501,0.5,15,RIGHT_EYE_OUTER,-0.016659528017044067,0.11778068542480477,-0.16616759821772578
502,0.5,15,LEFT_EAR,0.025065213441848755,0.11045876145362857,-0.0747960917651653
503,0.5,15,RIGHT_EAR,-0.020899146795272827,0.11405418813228607,-0.07206908985972399
504,0.5,15,MOUTH_LEFT,0.007946997880935669,0.07062755525112158,-0.1377444379031658
505,0.5,15,MOUTH_RIGHT,-0.01183667778968811,0.0703463107347489,-0.13689787313342097
506,0.5,15,LEFT_SHOULDER,0.05705520510673523,-0.001799598336219732,-0.00690516456961629
507,0.5,15,RIGHT_SHOULDER,-0.057055205106735285,0.0017995983362197876,0.006905164569616304
508,0.5,15,LEFT_ELBOW,0.08372446894645691,-0.13092179596424103,0.003935780376195908
509,0.5,15,RIGHT_ELBOW,-0.07932496070861816,-0.1455622762441635,-0.05358212813735008
510,0.5,15,LEFT_WRIST,0.07063224911689758,-0.18071113526821136,-0.11545250937342638
511,0.5,15,RIGHT_WRIST,-0.05843338370323187,-0.113724336028099,-0.252802949398756
512,0.5,15,LEFT_PINKY,0.06785723567008972,-0.19646655023097992,-0.14817534014582637
513,0.5,15,RIGHT_PINKY,-0.05506029725074768,-0.1136016696691513,-0.2953873388469219
514,0.5,15,LEFT_INDEX,0.061732739210128784,-0.17429934442043304,-0.1615615896880627
515,0.5,15,RIGHT_INDEX,-0.049145668745040894,-0.07984243333339691,-0.30571575090289116
516,0.5,15,LEFT_THUMB,0.060293227434158325,-0.16706357896327972,-0.1212407164275646
517,0.5,15,RIGHT_THUMB,-0.04711413383483887,-0.07935099303722382,-0.25774578377604485
518,0.5,15,LEFT_HIP,0.028712421655654907,-0.2502068728208542,0.11516519868746401
519,0.5,15,RIGHT_HIP,-0.034866124391555786,-0.24468235671520233,0.11981021543033411
520,0.5,15,LEFT_KNEE,0.05978187918663025,-0.4238504618406296,0.0793106444180012
521,0.5,15,RIGHT_KNEE,-0.04568338394165039,-0.4094514101743698,0.09962587617337701
522,0.5,15,LEFT_ANKLE,0.05763724446296692,-0.5556795448064804,0.28876449540257454
523,0.5,15,RIGHT_ANKLE,-0.047753721475601196,-0.5426443070173264,0.2954191900789737
524,0.5,15,LEFT_HEEL,0.049077004194259644,-0.557676836848259,0.30586427822709084
525,0.5,15,RIGHT_HEEL,-0.04190823435783386,-0.546275183558464,0.3134414292871951
526,0.5,15,LEFT_FOOT_INDEX,0.061463862657547,-0.6503565758466722,0.2345645539462566
527,0.5,15,RIGHT_FOOT_INDEX,-0.060656219720840454,-0.6278900355100632,0.2409353367984294
528,0.5333333333333333,16,NOSE,-0.000756487250328064,0.08729434013366705,-0.20456812530756002
529,0.5333333333333333,16,LEFT_EYE_INNER,0.00858016312122345,0.11249260604381564,-0.19489414244890213
530,0.5333333333333333,16,LEFT_EYE,0.013668134808540344,0.11304338276386264,-0.19491193443536764
531,0.5333333333333333,16,LEFT_EYE_OUTER,0.01769430935382843,0.11328867077827454,-0.19496379047632223
532,0.5333333333333333,16,RIGHT_EYE_INNER,-0.008035823702812195,0.11316062510013586,-0.19476095587015152
533,0.5333333333333333,16,RIGHT_EYE,-0.012847647070884705,0.11433406174182895,-0.1947817280888558
534,0.5333333333333333,16,RIGHT_EYE_OUTER,-0.01632283627986908,0.11530543863773346,-0.1947199478745461
535,0.5333333333333333,16,LEFT_EAR,0.02488328516483307,0.10932403802871704,-0.09057668596506122
536,0.5333333333333333,16,RIGHT_EAR,-0.02141188085079193,0.11203864216804504,-0.09158159047365191
537,0.5333333333333333,16,MOUTH_LEFT,0.008523359894752502,0.06816259026527405,-0.1609200313687325
538,0.5333333333333333,16,MOUTH_RIGHT,-0.011327967047691345,0.06781655550003057,-0.16099903732538223
539,0.5333333333333333,16,LEFT_SHOULDER,0.056593671441078186,-0.0017290115356445312,-0.004828043282032013
540,0.5333333333333333,16,RIGHT_SHOULDER,-0.056593671441078186,0.0017290115356445312,0.004828043282031985
541,0.5333333333333333,16,LEFT_ELBOW,0.08426691591739655,-0.12884074449539185,0.01867175102233888
542,0.5333333333333333,16,RIGHT_ELBOW,-0.07895408570766455,-0.15420717000961304,-0.056029908359050806
543,0.5333333333333333,16,LEFT_WRIST,0.0709843784570694,-0.18074893951416016,-0.10717662423849111
544,0.5333333333333333,16,RIGHT_WRIST,-0.06078444421291357,-0.11431738734245295,-0.2760914042592049
545,0.5333333333333333,16,LEFT_PINKY,0.06754423677921295,-0.19694799184799194,-0.14295408874750143
546,0.5333333333333333,16,RIGHT_PINKY,-0.054315909743309077,-0.11045077443122864,-0.3237564638257027
547,0.5333333333333333,16,LEFT_INDEX,0.06160677969455719,-0.17471706867218018,-0.15987161546945572
548,0.5333333333333333,16,RIGHT_INDEX,-0.04944653809070587,-0.07568755745887756,-0.3268185630440712
549,0.5333333333333333,16,LEFT_THUMB,0.06032945215702057,-0.1673608422279358,-0.11442176252603531
550,0.5333333333333333,16,RIGHT_THUMB,-0.049040004611015375,-0.07525256276130676,-0.2812040522694588
551,0.5333333333333333,16,LEFT_HIP,0.02924390137195587,-0.24958890676498413,0.13265784131363037
552,0.5333333333333333,16,RIGHT_HIP,-0.034922048449516296,-0.24513256549835205,0.1374792393762617
553,0.5333333333333333,16,LEFT_KNEE,0.05921955406665802,-0.4258897304534912,0.1290505537763238
554,0.5333333333333333,16,RIGHT_KNEE,-0.04445548355579376,-0.4171142578125,0.1994925439357757
555,0.5333333333333333,16,LEFT_ANKLE,0.05814196169376373,-0.5544588565826416,0.3868781253695487
556,0.5333333333333333,16,RIGHT_ANKLE,-0.04705925285816198,-0.5429653525352478,0.44737081974744786
557,0.5333333333333333,16,LEFT_HEEL,0.04990173876285553,-0.5581015348434448,0.40894689410924906
558,0.5333333333333333,16,RIGHT_HEEL,-0.04064933955669403,-0.5462290048599243,0.4707094058394431
559,0.5333333333333333,16,LEFT_FOOT_INDEX,0.061874642968177795,-0.6492571830749512,0.3291139379143714
560,0.5333333333333333,16,RIGHT_FOOT_INDEX,-0.060523793101310785,-0.628177285194397,0.39115803688764567
561,0.5666666666666667,17,NOSE,0.00027535855770111084,0.08293074369430548,-0.19792297109961515
562,0.5666666666666667,17,LEFT_EYE_INNER,0.00940464437007904,0.10778276622295385,-0.18780308589339256
563,0.5666666666666667,17,LEFT_EYE,0.01449500024318695,0.10858125984668737,-0.18783697113394737
564,0.5666666666666667,17,LEFT_EYE_OUTER,0.018164202570915222,0.10916426777839666,-0.18791150674223905
565,0.5666666666666667,17,RIGHT_EYE_INNER,-0.007122054696083069,0.10890874266624456,-0.18782728537917137
566,0.5666666666666667,17,RIGHT_EYE,-0.012100473046302795,0.11040243506431585,-0.18784260377287865
567,0.5666666666666667,17,RIGHT_EYE_OUTER,-0.01562131941318512,0.11164951324462896,-0.18780031427741056
568,0.5666666666666667,17,LEFT_EAR,0.024619683623313904,0.10726580023765567,-0.08507367596030235
569,0.5666666666666667,17,RIGHT_EAR,-0.021430090069770813,0.10948751866817477,-0.08642385527491575
570,0.5666666666666667,17,MOUTH_LEFT,0.009328290820121765,0.06444144248962408,-0.15539079532027245
571,0.5666666666666667,17,MOUTH_RIGHT,-0.010379984974861145,0.06382632255554205,-0.15563812479376798
572,0.5666666666666667,17,LEFT_SHOULDER,0.05697678029537201,-0.0014337599277496338,-0.004593994468450574
573,0.5666666666666667,17,RIGHT_SHOULDER,-0.056976780295372065,0.0014337599277496338,0.004593994468450546
574,0.5666666666666667,17,LEFT_ELBOW,0.0853956788778305,-0.12976786494255066,0.035696554929018035
575,0.5666666666666667,17,RIGHT_ELBOW,-0.07801054418087006,-0.16321134567260742,-0.05656101927161217
576,0.5666666666666667,17,LEFT_WRIST,0.07206748425960541,-0.181146502494812,-0.07694807276129725
577,0.5666666666666667,17,RIGHT_WRIST,-0.05596537888050085,-0.10995453596115112,-0.25968235358595854
578,0.5666666666666667,17,LEFT_PINKY,0.06743286550045013,-0.1977090835571289,-0.10856562480330467
579,0.5666666666666667,17,RIGHT_PINKY,-0.04499275982379913,-0.10110965371131891,-0.30688750371336937
580,0.5666666666666667,17,LEFT_INDEX,0.062099918723106384,-0.1750456690788269,-0.12223109230399137
581,0.5666666666666667,17,RIGHT_INDEX,-0.044088020920753535,-0.06468135118484492,-0.31005450710654264
582,0.5666666666666667,17,LEFT_THUMB,0.06121884286403656,-0.16763126850128174,-0.08215900883078575
583,0.5666666666666667,17,RIGHT_THUMB,-0.04554919898509985,-0.06590494513511652,-0.2748644910752774
584,0.5666666666666667,17,LEFT_HIP,0.029818639159202576,-0.2498568892478943,0.12461818312294784
585,0.5666666666666667,17,RIGHT_HIP,-0.03519196808338165,-0.24780923128128052,0.12957941507920614
586,0.5666666666666667,17,LEFT_KNEE,0.06197546422481537,-0.43123573064804077,0.10317316278815264
587,0.5666666666666667,17,RIGHT_KNEE,-0.045372769236564636,-0.4225742220878601,0.18327996507287014
588,0.5666666666666667,17,LEFT_ANKLE,0.059199437499046326,-0.5542276501655579,0.36788167431950564
589,0.5666666666666667,17,RIGHT_ANKLE,-0.04611290991306305,-0.5431899428367615,0.41734594479203213
590,0.5666666666666667,17,LEFT_HEEL,0.05110184848308563,-0.5549029111862183,0.39122796431183804
591,0.5666666666666667,17,RIGHT_HEEL,-0.039500847458839417,-0.5462406277656555,0.43999845162034024
592,0.5666666666666667,17,LEFT_FOOT_INDEX,0.0632154792547226,-0.6487082839012147,0.3188292123377322
593,0.5666666666666667,17,RIGHT_FOOT_INDEX,-0.060024574398994446,-0.6287060379981996,0.36384830251336087
594,0.6,18,NOSE,2.4944543838500977e-05,0.08043202757835394,-0.20543806254863742
595,0.6,18,LEFT_EYE_INNER,0.009099811315536499,0.10580118000507363,-0.19633544981479648
596,0.6,18,LEFT_EYE,0.014294952154159546,0.10674561560153964,-0.1963657885789871
597,0.6,18,LEFT_EYE_OUTER,0.017779141664505005,0.10747620463371282,-0.1964565068483353
598,0.6,18,RIGHT_EYE_INNER,-0.00765189528465271,0.10676780343055733,-0.195869967341423
599,0.6,18,RIGHT_EYE,-0.012563616037368774,0.10820104181766513,-0.19588167965412143
600,0.6,18,RIGHT_EYE_OUTER,-0.016194969415664673,0.10939343273639682,-0.19585008919239041
601,0.6,18,LEFT_EAR,0.023917943239212036,0.10628215968608862,-0.0926817059516907
602,0.6,18,RIGHT_EAR,-0.021945565938949585,0.10772386193275452,-0.09161573648452762
603,0.6,18,MOUTH_LEFT,0.009322315454483032,0.062269181013107355,-0.1618867069482803
604,0.6,18,MOUTH_RIGHT,-0.01037248969078064,0.06120052933692932,-0.1615086644887924
605,0.6,18,LEFT_SHOULDER,0.05692419409751892,-0.0008323788642882746,-0.005330607295036316
606,0.6,18,RIGHT_SHOULDER,-0.056924194097518976,0.0008323788642883301,0.005330607295036302
607,0.6,18,LEFT_ELBOW,0.08616241812705994,-0.13038352131843567,0.0296147465705872
608,0.6,18,RIGHT_ELBOW,-0.0774210393428803,-0.16431289911270142,-0.05749690532684329
609,0.6,18,LEFT_WRIST,0.07268652319908142,-0.18175464868545532,-0.0818037390708923
610,0.6,18,RIGHT_WRIST,-0.0485357940196991,-0.09840774536132807,-0.26757605373859406
611,0.6,18,LEFT_PINKY,0.0671132504940033,-0.19832247495651245,-0.1123394221067428
612,0.6,18,RIGHT_PINKY,-0.03470119833946228,-0.08367875218391418,-0.3094637840986252
613,0.6,18,LEFT_INDEX,0.06204196810722351,-0.1755976676940918,-0.12387834489345548
614,0.6,18,RIGHT_INDEX,-0.03640630841255188,-0.04916533827781677,-0.3054567724466324
615,0.6,18,LEFT_THUMB,0.06148609519004822,-0.1681339144706726,-0.08575636148452762
616,0.6,18,RIGHT_THUMB,-0.038527995347976685,-0.05211460590362549,-0.2701308876276016
617,0.6,18,LEFT_HIP,0.02956297993659973,-0.25045859813690186,0.1240885984152556
618,0.6,18,RIGHT_HIP,-0.03534838557243347,-0.24984997510910034,0.132228230126202
619,0.6,18,LEFT_KNEE,0.061755746603012085,-0.4358808994293213,0.08644271641969681
620,0.6,18,RIGHT_KNEE,-0.0475488007068634,-0.423519492149353,0.173870239406824
621,0.6,18,LEFT_ANKLE,0.058427244424819946,-0.5469779372215271,0.3652256280183791
622,0.6,18,RIGHT_ANKLE,-0.04552757740020752,-0.5428555607795715,0.4132610112428665
623,0.6,18,LEFT_HEEL,0.05102697014808655,-0.5524694323539734,0.3900882452726364
624,0.6,18,RIGHT_HEEL,-0.038721829652786255,-0.5460970997810364,0.4295237809419631
625,0.6,18,LEFT_FOOT_INDEX,0.05825534462928772,-0.6372901797294616,0.3241214901208877
626,0.6,18,RIGHT_FOOT_INDEX,-0.05938872694969177,-0.6292534470558168,0.350622996687889
627,0.6333333333333333,19,NOSE,-0.0003171265125274658,0.07768119871616364,-0.21497027575969702
628,0.6333333333333333,19,LEFT_EYE_INNER,0.00845453143119812,0.10309650003910065,-0.20710621774196625
629,0.6333333333333333,19,LEFT_EYE,0.013574868440628052,0.10409101843833923,-0.20712549984455114
630,0.6333333333333333,19,LEFT_EYE_OUTER,0.016988664865493774,0.10486610233783725,-0.20721609890460974
631,0.6333333333333333,19,RIGHT_EYE_INNER,-0.00824245810508728,0.10381494462490085,-0.20624415576457983
632,0.6333333333333333,19,RIGHT_EYE,-0.013146907091140747,0.10527674853801733,-0.20626620948314672
633,0.6333333333333333,19,RIGHT_EYE_OUTER,-0.016912251710891724,0.10650989413261414,-0.20623387396335602
634,0.6333333333333333,19,LEFT_EAR,0.022632986307144165,0.10436718165874484,-0.10234041512012484
635,0.6333333333333333,19,RIGHT_EAR,-0.022778302431106567,0.10557998716831213,-0.09933544695377353
636,0.6333333333333333,19,MOUTH_LEFT,0.009081989526748657,0.059511080384254456,-0.17028377950191503
637,0.6333333333333333,19,MOUTH_RIGHT,-0.010486036539077759,0.05804251134395605,-0.16937540471553802
638,0.6333333333333333,19,LEFT_SHOULDER,0.05657884478569031,0.00021754205226903744,-0.0067512840032577515
639,0.6333333333333333,19,RIGHT_SHOULDER,-0.05657884478569036,-0.00021754205226898193,0.0067512840032577515
640,0.6333333333333333,19,LEFT_ELBOW,0.08665892481803894,-0.13176731765270228,0.04062812775373456
641,0.6333333333333333,19,RIGHT_ELBOW,-0.07525640726089478,-0.1685466319322586,-0.06374825537204745
642,0.6333333333333333,19,LEFT_WRIST,0.07126197218894958,-0.18317581713199615,-0.07544338703155523
643,0.6333333333333333,19,RIGHT_WRIST,-0.04373106360435486,-0.08217646181583405,-0.277651771903038
644,0.6333333333333333,19,LEFT_PINKY,0.06414678692817688,-0.1996094137430191,-0.10444593429565435
645,0.6333333333333333,19,RIGHT_PINKY,-0.03211227059364319,-0.05935873091220856,-0.31828092038631445
646,0.6333333333333333,19,LEFT_INDEX,0.06000933051109314,-0.17676998674869537,-0.11336283385753632
647,0.6333333333333333,19,RIGHT_INDEX,-0.034633785486221313,-0.032035872340202276,-0.31044642627239233
648,0.6333333333333333,19,LEFT_THUMB,0.060039252042770386,-0.1692955046892166,-0.07807673513889313
649,0.6333333333333333,19,RIGHT_THUMB,-0.03647473454475403,-0.038037076592445374,-0.27723090350627905
650,0.6333333333333333,19,LEFT_HIP,0.030107825994491577,-0.251664474606514,0.13699129689484835
651,0.6333333333333333,19,RIGHT_HIP,-0.03475138545036316,-0.25218458473682404,0.14776909258216606
652,0.6333333333333333,19,LEFT_KNEE,0.05722364783287048,-0.44108547270298004,0.10638793930411336
653,0.6333333333333333,19,RIGHT_KNEE,-0.04688796401023865,-0.4297408014535904,0.19718395173549647
654,0.6333333333333333,19,LEFT_ANKLE,0.05907413363456726,-0.5506609827280045,0.37867441773414606
655,0.6333333333333333,19,RIGHT_ANKLE,-0.04504752159118658,-0.5438558012247086,0.43128772079944605
656,0.6333333333333333,19,LEFT_HEEL,0.05146506428718567,-0.5557727366685867,0.4028577357530593
657,0.6333333333333333,19,RIGHT_HEEL,-0.0382361114025116,-0.5471804291009903,0.45330287516117085
658,0.6333333333333333,19,LEFT_FOOT_INDEX,0.058365315198898315,-0.6418585330247879,0.3309032171964644
659,0.6333333333333333,19,RIGHT_FOOT_INDEX,-0.05949530005455017,-0.6305335909128189,0.373315006494522
660,0.6666666666666666,20,NOSE,-0.0011191517114639282,0.07729847729206085,-0.21510908007621765
661,0.6666666666666666,20,LEFT_EYE_INNER,0.007579609751701355,0.10257306694984439,-0.20642021298408503
662,0.6666666666666666,20,LEFT_EYE,0.012699291110038757,0.10345327854156497,-0.20643696188926697
663,0.6666666666666666,20,LEFT_EYE_OUTER,0.016160354018211365,0.10412333905696877,-0.20652297139167786
664,0.6666666666666666,20,RIGHT_EYE_INNER,-0.00911279022693634,0.10336193442344668,-0.20519492030143738
665,0.6666666666666666,20,RIGHT_EYE,-0.013951078057289124,0.10473710298538208,-0.20521694421768183
666,0.6666666666666666,20,RIGHT_EYE_OUTER,-0.0177774578332901,0.10588738322257998,-0.20519822835922236
667,0.6666666666666666,20,LEFT_EAR,0.02158711850643158,0.10328020155429848,-0.10032147169113156
668,0.6666666666666666,20,RIGHT_EAR,-0.023533418774604797,0.10458262264728546,-0.09585799276828766
669,0.6666666666666666,20,MOUTH_LEFT,0.008538052439689636,0.05883292853832245,-0.17034557461738586
670,0.6666666666666666,20,MOUTH_RIGHT,-0.01115436851978302,0.057450696825981196,-0.16897845268249506
671,0.6666666666666666,20,LEFT_SHOULDER,0.05617307126522064,0.001255974173545893,-0.006720066070556641
672,0.6666666666666666,20,RIGHT_SHOULDER,-0.05617307126522064,-0.0012559741735458374,0.006720066070556641
673,0.6666666666666666,20,LEFT_ELBOW,0.08723525702953339,-0.13295413553714752,0.030485130846500452
674,0.6666666666666666,20,RIGHT_ELBOW,-0.0741901844739914,-0.1725112944841385,-0.07546280324459076
675,0.6666666666666666,20,LEFT_WRIST,0.06929479539394379,-0.18535400927066803,-0.07727867364883415
676,0.6666666666666666,20,RIGHT_WRIST,-0.04092587530612951,-0.07431797683238983,-0.29439473152160645
677,0.6666666666666666,20,LEFT_PINKY,0.06140469014644623,-0.2010336071252823,-0.10681876540184015
678,0.6666666666666666,20,RIGHT_PINKY,-0.029526546597480774,-0.04822354018688202,-0.33575209975242615
679,0.6666666666666666,20,LEFT_INDEX,0.057780489325523376,-0.17804302275180817,-0.11359840631484985
680,0.6666666666666666,20,RIGHT_INDEX,-0.031979337334632874,-0.02320246398448944,-0.32629603147506714
681,0.6666666666666666,20,LEFT_THUMB,0.05828087031841278,-0.17071731388568878,-0.07920640707015986
682,0.6666666666666666,20,RIGHT_THUMB,-0.03363849222660065,-0.030222132802009527,-0.29338124394416804
683,0.6666666666666666,20,LEFT_HIP,0.030596181750297546,-0.25299276411533356,0.14258995372802025
684,0.6666666666666666,20,RIGHT_HIP,-0.03410841524600983,-0.25433285534381866,0.15557470778003335
685,0.6666666666666666,20,LEFT_KNEE,0.05376081168651581,-0.4419033080339432,0.11628949642181405
686,0.6666666666666666,20,RIGHT_KNEE,-0.04585464298725134,-0.4303944259881973,0.20664859935641283
687,0.6666666666666666,20,LEFT_ANKLE,0.05918477475643158,-0.5518884211778641,0.38793931901454926
688,0.6666666666666666,20,RIGHT_ANKLE,-0.04460056126117712,-0.5434869080781937,0.45015606284141535
689,0.6666666666666666,20,LEFT_HEEL,0.05192159116268158,-0.556434765458107,0.41217467188835144
690,0.6666666666666666,20,RIGHT_HEEL,-0.038368359208106995,-0.5481828600168228,0.47425138950347895
691,0.6666666666666666,20,LEFT_FOOT_INDEX,0.057834193110466,-0.641536608338356,0.33704233169555664
692,0.6666666666666666,20,RIGHT_FOOT_INDEX,-0.05931134521961212,-0.6308565884828569,0.39299522340297693
693,0.7,21,NOSE,-0.0017573833465576172,0.07805393636226649,-0.20618043094873426
694,0.7,21,LEFT_EYE_INNER,0.007078945636749268,0.10326127707958219,-0.19703794270753863
695,0.7,21,LEFT_EYE,0.01219630241394043,0.10424834489822388,-0.19706062227487567
696,0.7,21,LEFT_EYE_OUTER,0.015638649463653564,0.10482051968574518,-0.19713977724313733
697,0.7,21,RIGHT_EYE_INNER,-0.009587466716766357,0.10353364050388339,-0.19591514021158216
698,0.7,21,RIGHT_EYE,-0.014450013637542725,0.10474739968776697,-0.19595382362604144
699,0.7,21,RIGHT_EYE_OUTER,-0.018218398094177246,0.10585205256938929,-0.19594410806894305
700,0.7,21,LEFT_EAR,0.02111232280731201,0.10323287546634669,-0.09303066879510874
701,0.7,21,RIGHT_EAR,-0.024122178554534912,0.10407206416130069,-0.08894882351160047
702,0.7,21,MOUTH_LEFT,0.008191049098968506,0.0590692013502121,-0.16271466761827466
703,0.7,21,MOUTH_RIGHT,-0.011750578880310059,0.058785721659660284,-0.16142300516366956
704,0.7,21,LEFT_SHOULDER,0.05607330799102783,0.0020185261964797974,-0.006129227578639956
705,0.7,21,RIGHT_SHOULDER,-0.05607330799102789,-0.0020185261964797974,0.006129227578639956
706,0.7,21,LEFT_ELBOW,0.08804112672805786,-0.13379903137683874,0.024170689284801455
707,0.7,21,RIGHT_ELBOW,-0.072867751121521,-0.174948200583458,-0.08072903007268906
708,0.7,21,LEFT_WRIST,0.06683880090713501,-0.18763922154903417,-0.07176046818494794
709,0.7,21,RIGHT_WRIST,-0.03747665882110596,-0.058317407965660095,-0.28938475996255875
710,0.7,21,LEFT_PINKY,0.05904519557952881,-0.20322786271572119,-0.09923825412988665
711,0.7,21,RIGHT_PINKY,-0.026695430278778076,-0.02965961396694189,-0.3292314484715462
712,0.7,21,LEFT_INDEX,0.05561709403991699,-0.18029783666133886,-0.10334018617868426
713,0.7,21,RIGHT_INDEX,-0.029808402061462402,-0.005811676383018494,-0.31836486607789993
714,0.7,21,LEFT_THUMB,0.056112706661224365,-0.1734705418348313,-0.07230112701654434
715,0.7,21,RIGHT_THUMB,-0.030683457851409912,-0.01296545565128332,-0.28752271085977554
716,0.7,21,LEFT_HIP,0.031047940254211426,-0.2541575878858567,0.14260429516434675
717,0.7,21,RIGHT_HIP,-0.0335010290145874,-0.2557289451360703,0.15747682657092804
718,0.7,21,LEFT_KNEE,0.04784351587295532,-0.44157700240612036,0.12611867301166055
719,0.7,21,RIGHT_KNEE,-0.04318761825561529,-0.43110202252864843,0.21616875380277625
720,0.7,21,LEFT_ANKLE,0.0595628023147583,-0.552920863032341,0.4017245993018149
721,0.7,21,RIGHT_ANKLE,-0.04413652420043945,-0.5430754870176315,0.4696480855345726
722,0.7,21,LEFT_HEEL,0.049459636211395264,-0.5557129234075546,0.42648058384656906
723,0.7,21,RIGHT_HEEL,-0.037903785705566406,-0.544951543211937,0.495059572160244
724,0.7,21,LEFT_FOOT_INDEX,0.05626946687698364,-0.6381291598081591,0.35433063656091685
725,0.7,21,RIGHT_FOOT_INDEX,-0.05916416645050049,-0.6308659762144091,0.4162931069731711
726,0.7333333333333333,22,NOSE,-0.002201765775680542,0.07865414023399359,-0.22119557112455368
727,0.7333333333333333,22,LEFT_EYE_INNER,0.006933838129043579,0.10414259135723117,-0.21107923239469528
728,0.7333333333333333,22,LEFT_EYE,0.012033909559249878,0.10501199960708618,-0.211096279323101
729,0.7333333333333333,22,LEFT_EYE_OUTER,0.015480488538742065,0.10533624887466436,-0.21117543429136276
730,0.7333333333333333,22,RIGHT_EYE_INNER,-0.009946376085281372,0.10393582284450537,-0.2097695991396904
731,0.7333333333333333,22,RIGHT_EYE,-0.01485016942024231,0.10493409633636477,-0.20981954783201218
732,0.7333333333333333,22,RIGHT_EYE_OUTER,-0.018644660711288452,0.10591945052146917,-0.209811769425869
733,0.7333333333333333,22,LEFT_EAR,0.021060019731521606,0.10299634933471688,-0.09964530915021896
734,0.7333333333333333,22,RIGHT_EAR,-0.024684101343154907,0.10345540940761566,-0.09467136114835739
735,0.7333333333333333,22,MOUTH_LEFT,0.007969647645950317,0.05902671813964849,-0.1747056469321251
736,0.7333333333333333,22,MOUTH_RIGHT,-0.012390941381454468,0.059137880802154597,-0.1732142791152
737,0.7333333333333333,22,LEFT_SHOULDER,0.055939823389053345,0.0023887157440185547,-0.006599999964237185
738,0.7333333333333333,22,RIGHT_SHOULDER,-0.0559398233890534,-0.0023887157440185547,0.006599999964237213
739,0.7333333333333333,22,LEFT_ELBOW,0.08865544199943542,-0.13565814495086664,0.012762613594532013
740,0.7333333333333333,22,RIGHT_ELBOW,-0.07200360298156744,-0.17559990286827087,-0.09177624434232706
741,0.7333333333333333,22,LEFT_WRIST,0.06536677479743958,-0.18857434391975403,-0.08809825032949448
742,0.7333333333333333,22,RIGHT_WRIST,-0.03614327311515808,-0.06082582473754883,-0.31704636663198466
743,0.7333333333333333,22,LEFT_PINKY,0.057961493730545044,-0.20388314127922058,-0.11611496657133097
744,0.7333333333333333,22,RIGHT_PINKY,-0.02549871802330017,-0.031861066818237305,-0.3596085235476494
745,0.7333333333333333,22,LEFT_INDEX,0.05425235629081726,-0.18088886141777039,-0.11445938795804977
746,0.7333333333333333,22,RIGHT_INDEX,-0.028570860624313354,-0.006038427352905218,-0.3481760546565056
747,0.7333333333333333,22,LEFT_THUMB,0.05489698052406311,-0.17425253987312317,-0.08709236234426498
748,0.7333333333333333,22,RIGHT_THUMB,-0.02922704815864563,-0.013078421354293823,-0.3154241070151329
749,0.7333333333333333,22,LEFT_HIP,0.03158929944038391,-0.25403138995170593,0.158544734120369
750,0.7333333333333333,22,RIGHT_HIP,-0.032916873693466187,-0.2561129033565521,0.17563228495419023
751,0.7333333333333333,22,LEFT_KNEE,0.04801949858665466,-0.44012436270713806,0.14042308181524282
752,0.7333333333333333,22,RIGHT_KNEE,-0.04088518023490911,-0.43167153000831604,0.22952137887477872
753,0.7333333333333333,22,LEFT_ANKLE,0.059897273778915405,-0.5505687892436981,0.4236174598336219
754,0.7333333333333333,22,RIGHT_ANKLE,-0.04340216517448431,-0.5410210192203522,0.4888589456677436
755,0.7333333333333333,22,LEFT_HEEL,0.04921981692314148,-0.5561195313930511,0.44930607825517654
756,0.7333333333333333,22,RIGHT_HEEL,-0.03685799241065979,-0.5440613329410553,0.5144548192620277
757,0.7333333333333333,22,LEFT_FOOT_INDEX,0.05630585551261902,-0.6357225477695466,0.3714633956551551
758,0.7333333333333333,22,RIGHT_FOOT_INDEX,-0.05854812264442444,-0.6311372816562653,0.429658718407154
759,0.7666666666666667,23,NOSE,-0.0028908252716064453,0.08077102899551397,-0.22221317142248156
760,0.7666666666666667,23,LEFT_EYE_INNER,0.006661057472229004,0.10614508390426636,-0.21091877669095996
761,0.7666666666666667,23,LEFT_EYE,0.011803150177001953,0.10686388611793526,-0.21094592660665515
762,0.7666666666666667,23,LEFT_EYE_OUTER,0.015323758125305176,0.10693305730819705,-0.21102037280797956
763,0.7666666666666667,23,RIGHT_EYE_INNER,-0.010372579097747803,0.10594928264617925,-0.20927854627370837
764,0.7666666666666667,23,RIGHT_EYE,-0.015231966972351074,0.10675999522209176,-0.20933451503515246
765,0.7666666666666667,23,RIGHT_EYE_OUTER,-0.019114971160888672,0.10760518908500674,-0.20933165401220324
766,0.7666666666666667,23,LEFT_EAR,0.021030068397521973,0.10357752442359924,-0.09855868667364123
767,0.7666666666666667,23,RIGHT_EAR,-0.024982154369354248,0.10413298010826116,-0.09198965877294543
768,0.7666666666666667,23,MOUTH_LEFT,0.007238268852233887,0.06063359975814825,-0.17575224488973615
769,0.7666666666666667,23,MOUTH_RIGHT,-0.01319873332977295,0.06052207946777344,-0.17377188056707385
770,0.7666666666666667,23,LEFT_SHOULDER,0.05593252182006836,0.002173185348510742,-0.008492715656757355
771,0.7666666666666667,23,RIGHT_SHOULDER,-0.05593252182006836,-0.002173185348510742,0.008492715656757355
772,0.7666666666666667,23,LEFT_ELBOW,0.08943259716033936,-0.13601934909820557,0.010151915252208765
773,0.7666666666666667,23,RIGHT_ELBOW,-0.07109409570693975,-0.17553502321243286,-0.08652258664369586
774,0.7666666666666667,23,LEFT_WRIST,0.06582039594650269,-0.18900012969970703,-0.09231390804052356
775,0.7666666666666667,23,RIGHT_WRIST,-0.03395223617553711,-0.056663393974304144,-0.3138868138194084
776,0.7666666666666667,23,LEFT_PINKY,0.05831259489059448,-0.20440107583999634,-0.12159814685583117
777,0.7666666666666667,23,RIGHT_PINKY,-0.024875938892364502,-0.02447909116744995,-0.35695334523916245
778,0.7666666666666667,23,LEFT_INDEX,0.05451244115829468,-0.18135404586791992,-0.12183680385351184
779,0.7666666666666667,23,RIGHT_INDEX,-0.028131604194641113,-0.0006534159183502197,-0.3466190919280052
780,0.7666666666666667,23,LEFT_THUMB,0.0551910400390625,-0.17471808195114136,-0.09246071428060534
781,0.7666666666666667,23,RIGHT_THUMB,-0.02844458818435669,-0.008601546287536621,-0.3127934858202934
782,0.7666666666666667,23,LEFT_HIP,0.03214329481124878,-0.2542516589164734,0.15102858655154705
783,0.7666666666666667,23,RIGHT_HIP,-0.033070385456085205,-0.2563779950141907,0.17169537022709835
784,0.7666666666666667,23,LEFT_KNEE,0.049581944942474365,-0.4345966577529907,0.11009686812758446
785,0.7666666666666667,23,RIGHT_KNEE,-0.04115700721740728,-0.4288340210914612,0.19795637950301165
786,0.7666666666666667,23,LEFT_ANKLE,0.06035482883453369,-0.5492624044418335,0.40345413237810124
787,0.7666666666666667,23,RIGHT_ANKLE,-0.04264050722122198,-0.5383854508399963,0.4736814275383948
788,0.7666666666666667,23,LEFT_HEEL,0.0497969388961792,-0.556300163269043,0.4313618913292885
789,0.7666666666666667,23,RIGHT_HEEL,-0.0361095666885376,-0.5431707501411438,0.49393460899591446
790,0.7666666666666667,23,LEFT_FOOT_INDEX,0.05692911148071289,-0.6347255110740662,0.34449043124914164
791,0.7666666666666667,23,RIGHT_FOOT_INDEX,-0.05787292122840887,-0.6315059065818786,0.4113680198788643
792,0.8,24,NOSE,-0.003572702407836914,0.08296212553977972,-0.2273695841431618
793,0.8,24,LEFT_EYE_INNER,0.006053626537322998,0.10823336243629464,-0.2156436815857887
794,0.8,24,LEFT_EYE,0.011257052421569824,0.10880880057811743,-0.21567026525735852
795,0.8,24,LEFT_EYE_OUTER,0.01487886905670166,0.10865789651870733,-0.2157465890049934
796,0.8,24,RIGHT_EYE_INNER,-0.011008799076080322,0.10794000327587133,-0.2137960568070412
797,0.8,24,RIGHT_EYE,-0.01581120491027832,0.10844439268112183,-0.2138499096035957
798,0.8,24,RIGHT_EYE_OUTER,-0.019777536392211914,0.10899642109870913,-0.213845320045948
799,0.8,24,LEFT_EAR,0.020850718021392822,0.10408513247966772,-0.10085875540971759
800,0.8,24,RIGHT_EAR,-0.025294601917266846,0.10463178157806402,-0.0931242182850838
801,0.8,24,MOUTH_LEFT,0.006765961647033691,0.06185612082481384,-0.18005964905023572
802,0.8,24,MOUTH_RIGHT,-0.013773620128631592,0.06166061758995062,-0.17778236418962481
803,0.8,24,LEFT_SHOULDER,0.05585324764251709,0.0019248723983765204,-0.009563557803630801
804,0.8,24,RIGHT_SHOULDER,-0.05585324764251709,-0.0019248723983764648,0.009563557803630801
805,0.8,24,LEFT_ELBOW,0.08982312679290771,-0.13650819659233088,0.00953137129545209
806,0.8,24,RIGHT_ELBOW,-0.07077300548553467,-0.17549335956573486,-0.0878041610121727
807,0.8,24,LEFT_WRIST,0.06571769714355469,-0.18929815292358398,-0.09358776360750201
808,0.8,24,RIGHT_WRIST,-0.03446328639984131,-0.061609476804733276,-0.32286811619997025
809,0.8,24,LEFT_PINKY,0.057701826095581055,-0.20454400777816772,-0.1230748072266579
810,0.8,24,RIGHT_PINKY,-0.025454342365264893,-0.025783538818359375,-0.36741334944963455
811,0.8,24,LEFT_INDEX,0.054039716720581055,-0.18135619163513184,-0.1242718771100044
812,0.8,24,RIGHT_INDEX,-0.028022944927215576,-0.0020982325077056885,-0.35695040971040726
813,0.8,24,LEFT_THUMB,0.055044472217559814,-0.1748320460319519,-0.09398806840181353
814,0.8,24,RIGHT_THUMB,-0.028145790100097656,-0.011586755514144842,-0.32192716747522354
815,0.8,24,LEFT_HIP,0.032129645347595215,-0.25504815578460693,0.14912141300737858
816,0.8,24,RIGHT_HIP,-0.033635735511779785,-0.2571401000022888,0.17062865663319818
817,0.8,24,LEFT_KNEE,0.04908132553100586,-0.4349972605705261,0.11466772481799128
818,0.8,24,RIGHT_KNEE,-0.04214051365852356,-0.42935997247695923,0.20837371423840517
819,0.8,24,LEFT_ANKLE,0.06080716848373413,-0.5517631769180298,0.4128308817744255
820,0.8,24,RIGHT_ANKLE,-0.042185395956039484,-0.5376786589622498,0.4885171577334404
821,0.8,24,LEFT_HEEL,0.050139427185058594,-0.556721031665802,0.44003181904554356
822,0.8,24,RIGHT_HEEL,-0.03567594289779663,-0.5434707999229431,0.5145639702677726
823,0.8,24,LEFT_FOOT_INDEX,0.06004667282104492,-0.6337150931358337,0.35338730365037907
824,0.8,24,RIGHT_FOOT_INDEX,-0.057524859905242975,-0.6319879889488221,0.42748355120420445
825,0.8333333333333334,25,NOSE,-0.0037226229906082153,0.08397994935512543,-0.22254987806081772
826,0.8333333333333334,25,LEFT_EYE_INNER,0.0060272663831710815,0.10917298495769504,-0.21127285808324814
827,0.8333333333333334,25,LEFT_EYE,0.011212214827537537,0.10977080464363104,-0.21129497140645975
828,0.8333333333333334,25,LEFT_EYE_OUTER,0.014791592955589294,0.10958668589591983,-0.21136971563100815
829,0.8333333333333334,25,RIGHT_EYE_INNER,-0.01092560589313507,0.10886652767658234,-0.20957674831151962
830,0.8333333333333334,25,RIGHT_EYE,-0.01576121151447296,0.10939890146255493,-0.20962788909673685
831,0.8333333333333334,25,RIGHT_EYE_OUTER,-0.019596830010414124,0.10995607078075412,-0.20962082594633102
832,0.8333333333333334,25,LEFT_EAR,0.020742937922477722,0.10456293821334842,-0.09824331849813456
833,0.8333333333333334,25,RIGHT_EAR,-0.02485533058643341,0.10520084202289584,-0.09114073961973185
834,0.8333333333333334,25,MOUTH_LEFT,0.006609007716178894,0.06298030912876135,-0.17582391947507853
835,0.8333333333333334,25,MOUTH_RIGHT,-0.013869240880012512,0.062441214919090327,-0.17371996492147446
836,0.8333333333333334,25,LEFT_SHOULDER,0.05595247447490692,0.0016443282365799505,-0.008885376155376434
837,0.8333333333333334,25,RIGHT_SHOULDER,-0.05595247447490698,-0.001644328236579895,0.008885376155376462
838,0.8333333333333334,25,LEFT_ELBOW,0.09010659158229828,-0.13703335821628565,0.011346302926540458
839,0.8333333333333334,25,RIGHT_ELBOW,-0.07036112248897552,-0.1751682311296463,-0.08802134543657295
840,0.8333333333333334,25,LEFT_WRIST,0.06506060063838959,-0.18979544937610626,-0.07596182078123084
841,0.8333333333333334,25,RIGHT_WRIST,-0.033655062317848206,-0.05297978222370148,-0.31553029268980026
842,0.8333333333333334,25,LEFT_PINKY,0.05681578814983368,-0.2050388604402542,-0.10334249585866923
843,0.8333333333333334,25,RIGHT_PINKY,-0.025203123688697815,-0.01794077455997467,-0.3590487465262413
844,0.8333333333333334,25,LEFT_INDEX,0.053107306361198425,-0.18186064064502716,-0.10635276883840555
845,0.8333333333333334,25,RIGHT_INDEX,-0.02750237286090851,0.004083171486854553,-0.34843816608190536
846,0.8333333333333334,25,LEFT_THUMB,0.05433313548564911,-0.1753288060426712,-0.07565543800592414
847,0.8333333333333334,25,RIGHT_THUMB,-0.027595296502113342,-0.005045488476753179,-0.31440138071775436
848,0.8333333333333334,25,LEFT_HIP,0.03149859607219696,-0.25589461624622345,0.14612276758998635
849,0.8333333333333334,25,RIGHT_HIP,-0.034340813755989075,-0.2578554302453995,0.16853609401732675
850,0.8333333333333334,25,LEFT_KNEE,0.047802671790122986,-0.43427176773548126,0.12275290861725816
851,0.8333333333333334,25,RIGHT_KNEE,-0.04145587980747223,-0.43075020611286163,0.22965546697378156
852,0.8333333333333334,25,LEFT_ANKLE,0.058507487177848816,-0.5496067553758621,0.43255890160799026
853,0.8333333333333334,25,RIGHT_ANKLE,-0.04169447720050817,-0.5379899889230728,0.5102153494954109
854,0.8333333333333334,25,LEFT_HEEL,0.050237223505973816,-0.5570172816514969,0.46032509952783585
855,0.8333333333333334,25,RIGHT_HEEL,-0.035176292061805725,-0.5440538078546524,0.537634439766407
856,0.8333333333333334,25,LEFT_FOOT_INDEX,0.06000886857509613,-0.6298607140779496,0.3811944946646689
857,0.8333333333333334,25,RIGHT_FOOT_INDEX,-0.05692435801029205,-0.6332847625017165,0.4523008242249489
858,0.8666666666666667,26,NOSE,-0.0034394264221191406,0.08498254418373113,-0.22788832336664197
859,0.8666666666666667,26,LEFT_EYE_INNER,0.006249487400054932,0.11006471514701852,-0.21509740501642224
860,0.8666666666666667,26,LEFT_EYE,0.01136922836303711,0.11068564653396612,-0.21512759476900103
861,0.8666666666666667,26,LEFT_EYE_OUTER,0.014861226081848145,0.1104783564805985,-0.21519897133111957
862,0.8666666666666667,26,RIGHT_EYE_INNER,-0.01056218147277832,0.10969671607017523,-0.21346084028482434
863,0.8666666666666667,26,RIGHT_EYE,-0.015505015850067139,0.11039574444293981,-0.21351198107004168
864,0.8666666666666667,26,RIGHT_EYE_OUTER,-0.01924997568130493,0.1110976040363312,-0.21350882202386853
865,0.8666666666666667,26,LEFT_EAR,0.020845651626586914,0.10478372871875763,-0.10354874283075335
866,0.8666666666666667,26,RIGHT_EAR,-0.024575471878051758,0.10614277422428131,-0.09169315546751025
867,0.8666666666666667,26,MOUTH_LEFT,0.006953060626983643,0.06421193480491644,-0.18057642132043836
868,0.8666666666666667,26,MOUTH_RIGHT,-0.013565123081207275,0.06374645233154302,-0.17856020480394366
869,0.8666666666666667,26,LEFT_SHOULDER,0.05602079629898071,0.0010958313941956122,-0.009530492126941653
870,0.8666666666666667,26,RIGHT_SHOULDER,-0.05602079629898071,-0.0010958313941955566,0.009530492126941653
871,0.8666666666666667,26,LEFT_ELBOW,0.0901188850402832,-0.137057363986969,0.008422784507274655
872,0.8666666666666667,26,RIGHT_ELBOW,-0.07010617852211004,-0.17517712712287903,-0.09331799298524857
873,0.8666666666666667,26,LEFT_WRIST,0.06439834833145142,-0.19030269980430603,-0.08857250958681107
874,0.8666666666666667,26,RIGHT_WRIST,-0.03378552198410034,-0.04337635636329651,-0.3397209420800209
875,0.8666666666666667,26,LEFT_PINKY,0.05577331781387329,-0.20552214980125427,-0.11759016662836078
876,0.8666666666666667,26,RIGHT_PINKY,-0.02494513988494873,-0.006746798753738403,-0.3875297084450722
877,0.8666666666666667,26,LEFT_INDEX,0.05228835344314575,-0.18226292729377747,-0.12277952581644055
878,0.8666666666666667,26,RIGHT_INDEX,-0.026325345039367676,0.011846333742141724,-0.376831091940403
879,0.8666666666666667,26,LEFT_THUMB,0.053771257400512695,-0.17567303776741028,-0.08936163038015366
880,0.8666666666666667,26,RIGHT_THUMB,-0.02699357271194458,0.0038497745990753174,-0.33917055279016495
881,0.8666666666666667,26,LEFT_HIP,0.030858099460601807,-0.2567262351512909,0.13631515204906464
882,0.8666666666666667,26,RIGHT_HIP,-0.034848034381866455,-0.2584935128688812,0.15826795529574145
883,0.8666666666666667,26,LEFT_KNEE,0.048394978046417236,-0.4348825514316559,0.08168376237154004
884,0.8666666666666667,26,RIGHT_KNEE,-0.04450470209121704,-0.4315054714679718,0.17036180011928073
885,0.8666666666666667,26,LEFT_ANKLE,0.058244526386260986,-0.549783855676651,0.4134211763739586
886,0.8666666666666667,26,RIGHT_ANKLE,-0.041371226310730036,-0.5386168658733368,0.4837978705763817
887,0.8666666666666667,26,LEFT_HEEL,0.05058252811431885,-0.5576527416706085,0.4368148073554038
888,0.8666666666666667,26,RIGHT_HEEL,-0.03481215238571167,-0.5443967282772064,0.5241184160113335
889,0.8666666666666667,26,LEFT_FOOT_INDEX,0.05703991651535034,-0.631317526102066,0.3546660020947455
890,0.8666666666666667,26,RIGHT_FOOT_INDEX,-0.056606411933898926,-0.6341412961483001,0.39512341469526285
891,0.9,27,NOSE,-0.0032318830490112305,0.08593212068080905,-0.23550616949796677
892,0.9,27,LEFT_EYE_INNER,0.006325423717498779,0.11081610620021823,-0.21882408112287527
893,0.9,27,LEFT_EYE,0.011372804641723633,0.11146882176399234,-0.2188649103045464
894,0.9,27,LEFT_EYE_OUTER,0.014799773693084717,0.11134304106235504,-0.2189342305064202
895,0.9,27,RIGHT_EYE_INNER,-0.010329782962799072,0.11030924320220953,-0.21661191433668137
896,0.9,27,RIGHT_EYE,-0.01532822847366333,0.11109447479248052,-0.2166770920157433
897,0.9,27,RIGHT_EYE_OUTER,-0.019001781940460205,0.11182874441146853,-0.21668695658445358
898,0.9,27,LEFT_EAR,0.02074640989303589,0.10559396445751193,-0.09886809438467029
899,0.9,27,RIGHT_EAR,-0.024327576160430908,0.10679757595062264,-0.08906274288892749
900,0.9,27,MOUTH_LEFT,0.007160067558288574,0.06541059911251074,-0.18478833884000778
901,0.9,27,MOUTH_RIGHT,-0.013291358947753906,0.06551159918308264,-0.1820888444781304
902,0.9,27,LEFT_SHOULDER,0.05586135387420654,0.0011404603719711304,-0.00881987065076828
903,0.9,27,RIGHT_SHOULDER,-0.05586135387420654,-0.0011404603719710749,0.008819870650768308
904,0.9,27,LEFT_ELBOW,0.08991938829421997,-0.13584275543689728,0.012498371303081512
905,0.9,27,RIGHT_ELBOW,-0.07008469104766846,-0.17552419006824493,-0.0971145257353783
906,0.9,27,LEFT_WRIST,0.0642274022102356,-0.19050665199756622,-0.08108378201723099
907,0.9,27,RIGHT_WRIST,-0.03446775674819946,-0.04399563372135157,-0.3406329080462456
908,0.9,27,LEFT_PINKY,0.05537480115890503,-0.20583809912204742,-0.10929443687200549
909,0.9,27,RIGHT_PINKY,-0.025761842727661133,-0.008723989129066467,-0.38760130852460867
910,0.9,27,LEFT_INDEX,0.05167502164840698,-0.18261493742465973,-0.11501085013151169
911,0.9,27,RIGHT_INDEX,-0.027145683765411377,0.010712042450904846,-0.3779198452830315
912,0.9,27,LEFT_THUMB,0.05318707227706909,-0.17594261467456818,-0.08191289752721789
913,0.9,27,RIGHT_THUMB,-0.027673840522766113,0.003210589289665222,-0.3404463455080986
914,0.9,27,LEFT_HIP,0.030878901481628418,-0.25770415365695953,0.1286146873608231
915,0.9,27,RIGHT_HIP,-0.0345039963722229,-0.25912560522556305,0.15023268200457082
916,0.9,27,LEFT_KNEE,0.04776507616043091,-0.43683166801929474,0.08371729403734211
917,0.9,27,RIGHT_KNEE,-0.04387977719306946,-0.434322789311409,0.1868881583213805
918,0.9,27,LEFT_ANKLE,0.05957549810409546,-0.5544559508562088,0.4025940373539924
919,0.9,27,RIGHT_ANKLE,-0.04125255346298218,-0.5392644554376602,0.4790207520127296
920,0.9,27,LEFT_HEEL,0.05073469877243042,-0.5582225471735001,0.4284774437546729
921,0.9,27,RIGHT_HEEL,-0.03467661142349243,-0.5449429899454117,0.5076889470219611
922,0.9,27,LEFT_FOOT_INDEX,0.05739384889602661,-0.6336493045091629,0.3437713310122489
923,0.9,27,RIGHT_FOOT_INDEX,-0.05663323402404785,-0.6347698718309402,0.40826783329248423
924,0.9333333333333332,28,NOSE,-0.0032048821449279785,0.08707989752292633,-0.2167593091726303
925,0.9333333333333332,28,LEFT_EYE_INNER,0.006256461143493652,0.11196507513523105,-0.2029099017381668
926,0.9333333333333332,28,LEFT_EYE,0.011256039142608643,0.11257660388946533,-0.20295371115207672
927,0.9333333333333332,28,LEFT_EYE_OUTER,0.014650166034698486,0.11248204112052923,-0.20302303135395044
928,0.9333333333333332,28,RIGHT_EYE_INNER,-0.01030498743057251,0.11133687198162084,-0.20054371654987335
929,0.9333333333333332,28,RIGHT_EYE,-0.01534801721572876,0.11209505796432503,-0.20059655606746674
930,0.9333333333333332,28,RIGHT_EYE_OUTER,-0.018949389457702637,0.11277876794338235,-0.20059649646282196
931,0.9333333333333332,28,LEFT_EAR,0.020687222480773926,0.10643202066421514,-0.09055100381374355
932,0.9333333333333332,28,RIGHT_EAR,-0.024225175380706787,0.10764603316783905,-0.08031754195690154
933,0.9333333333333332,28,MOUTH_LEFT,0.007235229015350342,0.06651118397712713,-0.17125271260738373
934,0.9333333333333332,28,MOUTH_RIGHT,-0.01316910982131958,0.06684774160385132,-0.16823361814022064
935,0.9333333333333332,28,LEFT_SHOULDER,0.05580270290374756,0.001142501831054743,-0.010887175798416152
936,0.9333333333333332,28,RIGHT_SHOULDER,-0.05580270290374756,-0.0011425018310546875,0.010887175798416152
937,0.9333333333333332,28,LEFT_ELBOW,0.0898817777633667,-0.135574609041214,0.012725397944450448
938,0.9333333333333332,28,RIGHT_ELBOW,-0.07026404142379766,-0.1753268539905548,-0.09442336857318874
939,0.9333333333333332,28,LEFT_WRIST,0.06384259462356567,-0.1910262405872345,-0.07193581759929656
940,0.9333333333333332,28,RIGHT_WRIST,-0.03508514165878296,-0.04361501336097717,-0.33843012154102325
941,0.9333333333333332,28,LEFT_PINKY,0.054892539978027344,-0.20660635828971863,-0.09929834306240075
942,0.9333333333333332,28,RIGHT_PINKY,-0.026554405689239502,-0.008872568607330267,-0.38716550171375275
943,0.9333333333333332,28,LEFT_INDEX,0.05161076784133911,-0.18353834748268127,-0.10537222027778624
944,0.9333333333333332,28,RIGHT_INDEX,-0.02786076068878174,0.009871572256088257,-0.3747703582048416
945,0.9333333333333332,28,LEFT_THUMB,0.05307173728942871,-0.17668649554252625,-0.07282970845699306
946,0.9333333333333332,28,RIGHT_THUMB,-0.028307557106018066,0.0027106106281280518,-0.3378297835588455
947,0.9333333333333332,28,LEFT_HIP,0.03095877170562744,-0.26074811816215515,0.11266493238508705
948,0.9333333333333332,28,RIGHT_HIP,-0.03383153676986694,-0.26253727078437805,0.13400042615830896
949,0.9333333333333332,28,LEFT_KNEE,0.0483357310295105,-0.44356104731559753,0.07607582211494446
950,0.9333333333333332,28,RIGHT_KNEE,-0.04379346966743469,-0.4411294162273407,0.18679805845022196
951,0.9333333333333332,28,LEFT_ANKLE,0.060336947441101074,-0.5586555302143097,0.38976179063320154
952,0.9333333333333332,28,RIGHT_ANKLE,-0.04122665524482727,-0.5406336486339569,0.47469337284564966
953,0.9333333333333332,28,LEFT_HEEL,0.053708672523498535,-0.5656622350215912,0.41636194288730616
954,0.9333333333333332,28,RIGHT_HEEL,-0.03457874059677124,-0.5483614504337311,0.5022982209920882
955,0.9333333333333332,28,LEFT_FOOT_INDEX,0.058706462383270264,-0.6410349309444426,0.3309533596038817
956,0.9333333333333332,28,RIGHT_FOOT_INDEX,-0.056848317384719904,-0.6352857053279877,0.40960727632045746
957,0.9666666666666668,29,NOSE,-0.003158584237098694,0.0872117877006531,-0.20599007233977315
958,0.9666666666666668,29,LEFT_EYE_INNER,0.006267949938774109,0.11211986839771268,-0.19398337230086324
959,0.9666666666666668,29,LEFT_EYE,0.011237666010856628,0.11267983913421628,-0.19402935728430745
960,0.9666666666666668,29,LEFT_EYE_OUTER,0.01460401713848114,0.1125668585300445,-0.19410854205489156
961,0.9666666666666668,29,RIGHT_EYE_INNER,-0.010325267910957336,0.1115212738513946,-0.19172644242644313
962,0.9666666666666668,29,RIGHT_EYE,-0.015436843037605286,0.11227139830589289,-0.19176697358489034
963,0.9666666666666668,29,RIGHT_EYE_OUTER,-0.01899261772632599,0.1129611134529114,-0.19176193699240687
964,0.9666666666666668,29,LEFT_EAR,0.020699426531791687,0.10638090968132019,-0.08753786608576775
965,0.9666666666666668,29,RIGHT_EAR,-0.024208560585975647,0.10783274471759799,-0.07745937630534175
966,0.9666666666666668,29,MOUTH_LEFT,0.007320627570152283,0.06649541854858398,-0.16269299015402797
967,0.9666666666666668,29,MOUTH_RIGHT,-0.013067200779914856,0.0668163001537323,-0.15974542126059535
968,0.9666666666666668,29,LEFT_SHOULDER,0.055650100111961365,0.0011894404888153076,-0.012221988290548352
969,0.9666666666666668,29,RIGHT_SHOULDER,-0.05565010011196142,-0.0011894404888153076,0.012221988290548352
970,0.9666666666666668,29,LEFT_ELBOW,0.08993206918239594,-0.1353648602962494,0.015249136835336755
971,0.9666666666666668,29,RIGHT_ELBOW,-0.07054860889911652,-0.17535808682441717,-0.08350085839629176
972,0.9666666666666668,29,LEFT_WRIST,0.06289617717266083,-0.19217857718467718,-0.05800833925604815
973,0.9666666666666668,29,RIGHT_WRIST,-0.035492077469825745,-0.04180407524108892,-0.30855345353484154
974,0.9666666666666668,29,LEFT_PINKY,0.0538092702627182,-0.20849391818046575,-0.08325767144560814
975,0.9666666666666668,29,RIGHT_PINKY,-0.02699388563632965,-0.006947517395019587,-0.3525712452828884
976,0.9666666666666668,29,LEFT_INDEX,0.050729379057884216,-0.18482252955436712,-0.08834468945860866
977,0.9666666666666668,29,RIGHT_INDEX,-0.02826191484928131,0.010740548372268677,-0.34207555279135704
978,0.9666666666666668,29,LEFT_THUMB,0.0522678941488266,-0.1779905259609223,-0.05812106654047966
979,0.9666666666666668,29,RIGHT_THUMB,-0.028685584664344788,0.003379791975021307,-0.3079185448586941
980,0.9666666666666668,29,LEFT_HIP,0.03105311095714569,-0.2625578343868256,0.10320645943284035
981,0.9666666666666668,29,RIGHT_HIP,-0.033713653683662415,-0.26419475674629217,0.12459789589047425
982,0.9666666666666668,29,LEFT_KNEE,0.04668043553829193,-0.44843253493309027,0.06878527626395226
983,0.9666666666666668,29,RIGHT_KNEE,-0.043629333376884516,-0.44488021731376654,0.18073307350277895
984,0.9666666666666668,29,LEFT_ANKLE,0.06043039262294769,-0.5647564828395844,0.3774106837809086
985,0.9666666666666668,29,RIGHT_ANKLE,-0.04133455455303192,-0.5422939956188202,0.4585702456533909
986,0.9666666666666668,29,LEFT_HEEL,0.05345664918422699,-0.5709585249423983,0.4036388136446476
987,0.9666666666666668,29,RIGHT_HEEL,-0.03493274748325348,-0.5520258247852325,0.4854535795748234
988,0.9666666666666668,29,LEFT_FOOT_INDEX,0.059533700346946716,-0.6410898268222811,0.31934279575943947
989,0.9666666666666668,29,RIGHT_FOOT_INDEX,-0.0569282621145249,-0.6357752978801727,0.39779550209641457
990,1.0,30,NOSE,-0.0031336545944213867,0.08709695935249329,-0.212310291826725
991,1.0,30,LEFT_EYE_INNER,0.006226778030395508,0.11201965808868408,-0.20015639811754232
992,1.0,30,LEFT_EYE,0.011201322078704834,0.11257085204124459,-0.2001990750432015
993,1.0,30,LEFT_EYE_OUTER,0.01455610990524292,0.1124534606933594,-0.20027784258127213
994,1.0,30,RIGHT_EYE_INNER,-0.010330259799957275,0.11142358183860779,-0.19798249751329422
995,1.0,30,RIGHT_EYE,-0.0154837965965271,0.11215838789939889,-0.1980184987187386
996,1.0,30,RIGHT_EYE_OUTER,-0.018972277641296387,0.11284668743610388,-0.1980079784989357
997,1.0,30,LEFT_EAR,0.020698904991149902,0.10626849532127389,-0.0908569917082787
998,1.0,30,RIGHT_EAR,-0.02416461706161499,0.10779708623886108,-0.08137572556734089
999,1.0,30,MOUTH_LEFT,0.00737839937210083,0.06635268032550817,-0.1678720191121102
1000,1.0,30,MOUTH_RIGHT,-0.012907624244689941,0.06663571298122412,-0.1651405468583107
1001,1.0,30,LEFT_SHOULDER,0.05549114942550659,0.0011576861143112738,-0.0119440332055092
1002,1.0,30,RIGHT_SHOULDER,-0.05549114942550665,-0.0011576861143112183,0.0119440332055092
1003,1.0,30,LEFT_ELBOW,0.08989948034286499,-0.13530908524990082,0.0145817995071411
1004,1.0,30,RIGHT_ELBOW,-0.07100167870521545,-0.17443691194057465,-0.08499120920896532
1005,1.0,30,LEFT_WRIST,0.06295639276504517,-0.19163237512111664,-0.06814289838075639
1006,1.0,30,RIGHT_WRIST,-0.036437928676605225,-0.04309825599193573,-0.3169420138001442
1007,1.0,30,LEFT_PINKY,0.053472936153411865,-0.20858649909496307,-0.0951426848769188
1008,1.0,30,RIGHT_PINKY,-0.027051568031311035,-0.011051073670387213,-0.36147869378328323
1009,1.0,30,LEFT_INDEX,0.04968196153640747,-0.1850288361310959,-0.1005327776074409
1010,1.0,30,RIGHT_INDEX,-0.028307080268859863,0.008082464337348993,-0.3523281887173653
1011,1.0,30,LEFT_THUMB,0.05139082670211792,-0.1780708283185959,-0.0685260519385338
1012,1.0,30,RIGHT_THUMB,-0.028834223747253418,0.0009351223707199097,-0.3167963996529579
1013,1.0,30,LEFT_HIP,0.031051993370056152,-0.26388292014598846,0.1033662930130959
1014,1.0,30,RIGHT_HIP,-0.03349924087524414,-0.2654408663511276,0.12462867144495239
1015,1.0,30,LEFT_KNEE,0.04729878902435303,-0.44932030141353607,0.0704303719103336
1016,1.0,30,RIGHT_KNEE,-0.043378740549087524,-0.44653354585170746,0.1792109385132789
1017,1.0,30,LEFT_ANKLE,0.060572803020477295,-0.5676609724760056,0.37491323798894877
1018,1.0,30,RIGHT_ANKLE,-0.04166322946548462,-0.5454094260931015,0.45579149574041355
1019,1.0,30,LEFT_HEEL,0.05304455757141113,-0.5737610906362534,0.4008815512061118
1020,1.0,30,RIGHT_HEEL,-0.03538048267364502,-0.5565162152051926,0.4824622198939323
1021,1.0,30,LEFT_FOOT_INDEX,0.06105196475982666,-0.6411646455526351,0.3187220469117164
1022,1.0,30,RIGHT_FOOT_INDEX,-0.05685132741928106,-0.6364940255880355,0.39326142519712437
1023,1.0333333333333334,31,NOSE,-0.0030197948217391968,0.08684879541397103,-0.21050617471337313
1024,1.0333333333333334,31,LEFT_EYE_INNER,0.006291404366493225,0.11175666749477392,-0.19864786043763155
1025,1.0333333333333334,31,LEFT_EYE,0.011274948716163635,0.11231447756290441,-0.19868827238678932
1026,1.0333333333333334,31,LEFT_EYE_OUTER,0.014637723565101624,0.11222040653228763,-0.19876009598374367
1027,1.0333333333333334,31,RIGHT_EYE_INNER,-0.010243639349937439,0.11118395626544952,-0.19668349996209145
1028,1.0333333333333334,31,RIGHT_EYE,-0.015433654189109802,0.11192014813423162,-0.19672379270195955
1029,1.0333333333333334,31,RIGHT_EYE_OUTER,-0.018876299262046814,0.11260938644409182,-0.19671273604035372
1030,1.0333333333333334,31,LEFT_EAR,0.020864561200141907,0.10614560544490823,-0.08984390273690225
1031,1.0333333333333334,31,RIGHT_EAR,-0.02405284345149994,0.10767108201980594,-0.08159684017300604
1032,1.0333333333333334,31,MOUTH_LEFT,0.007458940148353577,0.06611673533916473,-0.16619384661316872
1033,1.0333333333333334,31,MOUTH_RIGHT,-0.012660130858421326,0.06645570695400244,-0.16379091516137123
1034,1.0333333333333334,31,LEFT_SHOULDER,0.0553564578294754,0.0009676367044449408,-0.010865319520235048
1035,1.0333333333333334,31,RIGHT_SHOULDER,-0.0553564578294754,-0.0009676367044448853,0.010865319520235048
1036,1.0333333333333334,31,LEFT_ELBOW,0.08996202051639557,-0.13542185723781586,0.01294814422726634
1037,1.0333333333333334,31,RIGHT_ELBOW,-0.07193021476268768,-0.17251978814601898,-0.08516104891896246
1038,1.0333333333333334,31,LEFT_WRIST,0.06272615492343903,-0.19182883203029633,-0.07283482328057285
1039,1.0333333333333334,31,RIGHT_WRIST,-0.0370972603559494,-0.044681236147880554,-0.31569552794098854
1040,1.0333333333333334,31,LEFT_PINKY,0.05284889042377472,-0.20925109088420868,-0.10025722160935395
1041,1.0333333333333334,31,RIGHT_PINKY,-0.027054354548454285,-0.015281304717063904,-0.360104564577341
1042,1.0333333333333334,31,LEFT_INDEX,0.04889114201068878,-0.18587391078472137,-0.10528511181473725
1043,1.0333333333333334,31,RIGHT_INDEX,-0.028320059180259705,0.005011692643165644,-0.351115945726633
1044,1.0333333333333334,31,LEFT_THUMB,0.050535693764686584,-0.17875026166439056,-0.07319969311356546
1045,1.0333333333333334,31,RIGHT_THUMB,-0.028869614005088806,-0.001237913966178894,-0.31560141220688814
1046,1.0333333333333334,31,LEFT_HIP,0.031096890568733215,-0.26420454680919647,0.10755807533860215
1047,1.0333333333333334,31,RIGHT_HIP,-0.03326784074306488,-0.2656392902135849,0.12873641960322854
1048,1.0333333333333334,31,LEFT_KNEE,0.04613782465457916,-0.4504402130842209,0.07527248188853264
1049,1.0333333333333334,31,RIGHT_KNEE,-0.04237882792949682,-0.44800423085689545,0.18165334686636914
1050,1.0333333333333334,31,LEFT_ANKLE,0.06079913675785065,-0.5695513337850571,0.36246303841471667
1051,1.0333333333333334,31,RIGHT_ANKLE,-0.04160325229167938,-0.5483937114477158,0.45692664012312884
1052,1.0333333333333334,31,LEFT_HEEL,0.052350714802742004,-0.5758721679449083,0.386649277061224
1053,1.0333333333333334,31,RIGHT_HEEL,-0.035191282629966736,-0.5603420585393906,0.48172309622168535
1054,1.0333333333333334,31,LEFT_FOOT_INDEX,0.06230957806110382,-0.6415395587682723,0.30398515984416
1055,1.0333333333333334,31,RIGHT_FOOT_INDEX,-0.05663375556468969,-0.6373252719640731,0.3907531760632992
1056,1.0666666666666669,32,NOSE,-0.002380058169364929,0.08682164549827578,-0.21042484790086743
1057,1.0666666666666669,32,LEFT_EYE_INNER,0.006925418972969055,0.1116790771484375,-0.19836685806512835
1058,1.0666666666666669,32,LEFT_EYE,0.01189209520816803,0.1122384667396546,-0.19840575009584424
1059,1.0666666666666669,32,LEFT_EYE_OUTER,0.015265896916389465,0.11216811835765839,-0.19847393780946734
1060,1.0666666666666669,32,RIGHT_EYE_INNER,-0.00961737334728241,0.11110776662826541,-0.19681576639413836
1061,1.0666666666666669,32,RIGHT_EYE,-0.014844998717308044,0.11183838546276101,-0.19685996323823932
1062,1.0666666666666669,32,RIGHT_EYE_OUTER,-0.01830272376537323,0.11253160238266,-0.19684434682130816
1063,1.0666666666666669,32,LEFT_EAR,0.021494880318641663,0.10614013671875,-0.08905033022165296
1064,1.0666666666666669,32,RIGHT_EAR,-0.023626789450645447,0.10767775774002081,-0.08279480785131454
1065,1.0666666666666669,32,MOUTH_LEFT,0.00802864134311676,0.06615188717842102,-0.16591418534517285
1066,1.0666666666666669,32,MOUTH_RIGHT,-0.01202063262462616,0.06660237908363342,-0.16411355882883075
1067,1.0666666666666669,32,LEFT_SHOULDER,0.05543191730976105,0.0008634328842163086,-0.01125965267419815
1068,1.0666666666666669,32,RIGHT_SHOULDER,-0.0554319173097611,-0.0008634328842163086,0.01125965267419815
1069,1.0666666666666669,32,LEFT_ELBOW,0.0899633914232254,-0.1352297961711883,0.011765986680984553
1070,1.0666666666666669,32,RIGHT_ELBOW,-0.07320253551006323,-0.1715783178806305,-0.08150472491979593
1071,1.0666666666666669,32,LEFT_WRIST,0.060522034764289856,-0.19224563241004944,-0.07305767387151715
1072,1.0666666666666669,32,RIGHT_WRIST,-0.038602814078330994,-0.04518246650695801,-0.3085836246609688
1073,1.0666666666666669,32,LEFT_PINKY,0.05085660517215729,-0.2100640833377838,-0.09986352175474164
1074,1.0666666666666669,32,RIGHT_PINKY,-0.027328774333000183,-0.015977412462234497,-0.35216323286294937
1075,1.0666666666666669,32,LEFT_INDEX,0.04675580561161041,-0.18683454394340515,-0.10473460704088214
1076,1.0666666666666669,32,RIGHT_INDEX,-0.02916721999645233,0.0036518573760986883,-0.34346867352724075
1077,1.0666666666666669,32,LEFT_THUMB,0.04825575649738312,-0.17976602911949158,-0.07325469702482224
1078,1.0666666666666669,32,RIGHT_THUMB,-0.029641613364219666,-0.0028796195983886164,-0.3086092546582222
1079,1.0666666666666669,32,LEFT_HIP,0.03123779594898224,-0.2641846239566803,0.10867377743124966
1080,1.0666666666666669,32,RIGHT_HIP,-0.03306297957897186,-0.2655942142009735,0.12980930320918554
1081,1.0666666666666669,32,LEFT_KNEE,0.045949891209602356,-0.4500063359737396,0.07681894302368165
1082,1.0666666666666669,32,RIGHT_KNEE,-0.04165242612361908,-0.4474632441997528,0.18518872559070576
1083,1.0666666666666669,32,LEFT_ANKLE,0.06000639498233795,-0.5697717964649202,0.3635164722800255
1084,1.0666666666666669,32,RIGHT_ANKLE,-0.04118968546390539,-0.5489570796489716,0.45777010172605503
1085,1.0666666666666669,32,LEFT_HEEL,0.05204494297504425,-0.5770923793315887,0.3879097029566765
1086,1.0666666666666669,32,RIGHT_HEEL,-0.034650012850761414,-0.5611723363399506,0.4831150397658348
1087,1.0666666666666669,32,LEFT_FOOT_INDEX,0.06337274610996246,-0.6424319446086885,0.30425282567739476
1088,1.0666666666666669,32,RIGHT_FOOT_INDEX,-0.056298837065696716,-0.6382225453853607,0.39391686767339706
1089,1.1,33,NOSE,-0.002171814441680908,0.08673757314682012,-0.2081031501293182
1090,1.1,33,LEFT_EYE_INNER,0.006991386413574219,0.11146642267704013,-0.19559490680694577
1091,1.1,33,LEFT_EYE,0.011992156505584717,0.11202871799468994,-0.1956373751163483
1092,1.1,33,LEFT_EYE_OUTER,0.01544809341430664,0.11197929084301003,-0.19571915268898007
1093,1.1,33,RIGHT_EYE_INNER,-0.009520649909973145,0.11092276871204385,-0.1943454742431641
1094,1.1,33,RIGHT_EYE,-0.014766693115234375,0.11164985597133642,-0.1943672299385071
1095,1.1,33,RIGHT_EYE_OUTER,-0.01816624402999878,0.11234624683856964,-0.19435673952102658
1096,1.1,33,LEFT_EAR,0.02174586057662964,0.10597755014896393,-0.0870036780834198
1097,1.1,33,RIGHT_EAR,-0.023439228534698486,0.10755254328250893,-0.08281327784061429
1098,1.1,33,MOUTH_LEFT,0.008207380771636963,0.06609055399894714,-0.16415137052536008
1099,1.1,33,MOUTH_RIGHT,-0.011747419834136963,0.06676346063613892,-0.1629282236099243
1100,1.1,33,LEFT_SHOULDER,0.0554884672164917,0.0006332099437714178,-0.010556355118751498
1101,1.1,33,RIGHT_SHOULDER,-0.055488467216491755,-0.0006332099437713623,0.010556355118751498
1102,1.1,33,LEFT_ELBOW,0.08954626321792603,-0.13352814316749567,0.008039228618145003
1103,1.1,33,RIGHT_ELBOW,-0.07638317346572876,-0.16549518704414368,-0.0720254778861999
1104,1.1,33,LEFT_WRIST,0.059300243854522705,-0.18986967206001282,-0.0826101005077362
1105,1.1,33,RIGHT_WRIST,-0.03970685601234436,-0.06255030632019037,-0.2907707691192627
1106,1.1,33,LEFT_PINKY,0.049802184104919434,-0.20946547389030457,-0.10712772607803339
1107,1.1,33,RIGHT_PINKY,-0.02711552381515503,-0.03998735547065735,-0.33292579650878906
1108,1.1,33,LEFT_INDEX,0.04482424259185791,-0.18587026000022888,-0.1121648699045181
1109,1.1,33,RIGHT_INDEX,-0.02879166603088379,-0.017112642526626587,-0.3245382308959961
1110,1.1,33,LEFT_THUMB,0.046049296855926514,-0.17800244688987732,-0.0832939594984054
1111,1.1,33,RIGHT_THUMB,-0.02945488691329956,-0.022953510284423773,-0.29033517837524414
1112,1.1,33,LEFT_HIP,0.03072941303253174,-0.2612837851047516,0.1033484879881144
1113,1.1,33,RIGHT_HIP,-0.034748971462249756,-0.2615361511707306,0.1214846828952431
1114,1.1,33,LEFT_KNEE,0.04787087440490723,-0.43788233399391174,0.040870487689971896
1115,1.1,33,RIGHT_KNEE,-0.04196816682815557,-0.4408860504627228,0.1496291793882846
1116,1.1,33,LEFT_ANKLE,0.05963319540023804,-0.5641644299030304,0.3092668205499648
1117,1.1,33,RIGHT_ANKLE,-0.041452944278717097,-0.5468117296695709,0.407265305519104
1118,1.1,33,LEFT_HEEL,0.0510408878326416,-0.5742209255695344,0.3322565108537673
1119,1.1,33,RIGHT_HEEL,-0.03481161594390869,-0.5591890513896942,0.43087443709373474
1120,1.1,33,LEFT_FOOT_INDEX,0.06361919641494751,-0.6424596607685088,0.2449797689914703
1121,1.1,33,RIGHT_FOOT_INDEX,-0.05654570460319519,-0.6385903060436248,0.33943434059619904
1122,1.1333333333333333,34,NOSE,-0.0014879107475280762,0.0873697400093078,-0.2061885893344879
1123,1.1333333333333333,34,LEFT_EYE_INNER,0.007562756538391113,0.11190679669380191,-0.19367882609367368
1124,1.1333333333333333,34,LEFT_EYE,0.012593448162078857,0.11243598163127899,-0.19370898604393008
1125,1.1333333333333333,34,LEFT_EYE_OUTER,0.01607435941696167,0.1124072521924972,-0.19378504157066348
1126,1.1333333333333333,34,RIGHT_EYE_INNER,-0.008942902088165283,0.1114847511053085,-0.19262164831161502
1127,1.1333333333333333,34,RIGHT_EYE,-0.014216184616088867,0.11218361556529999,-0.19264248013496402
1128,1.1333333333333333,34,RIGHT_EYE_OUTER,-0.017574310302734375,0.1128754317760467,-0.1926282346248627
1129,1.1333333333333333,34,LEFT_EAR,0.02243274450302124,0.10635703802108759,-0.08645325899124148
1130,1.1333333333333333,34,RIGHT_EAR,-0.022912979125976562,0.1079702824354172,-0.08356684446334839
1131,1.1333333333333333,34,MOUTH_LEFT,0.00874418020248413,0.06641155481338501,-0.1629207134246826
1132,1.1333333333333333,34,MOUTH_RIGHT,-0.011109471321105957,0.06711062788963312,-0.1620602905750275
1133,1.1333333333333333,34,LEFT_SHOULDER,0.055673062801361084,-4.240870475769043e-05,-0.008357219398021698
1134,1.1333333333333333,34,RIGHT_SHOULDER,-0.055673062801361084,4.240870475769043e-05,0.008357219398021712
1135,1.1333333333333333,34,LEFT_ELBOW,0.08885550498962402,-0.13348600268363958,0.015600085258483914
1136,1.1333333333333333,34,RIGHT_ELBOW,-0.07949337363243109,-0.1603661477565766,-0.07046523690223688
1137,1.1333333333333333,34,LEFT_WRIST,0.058751702308654785,-0.18734231591224676,-0.08550700545310969
1138,1.1333333333333333,34,RIGHT_WRIST,-0.04105889797210699,-0.07878744602203369,-0.29414647817611694
1139,1.1333333333333333,34,LEFT_PINKY,0.04894536733627319,-0.2073496282100678,-0.1129075884819031
1140,1.1333333333333333,34,RIGHT_PINKY,-0.028570950031280518,-0.05867427587509161,-0.33739227056503296
1141,1.1333333333333333,34,LEFT_INDEX,0.044148385524749756,-0.18415042757987982,-0.11847399175167078
1142,1.1333333333333333,34,RIGHT_INDEX,-0.028993964195251465,-0.034562081098556574,-0.3295966386795044
1143,1.1333333333333333,34,LEFT_THUMB,0.04548752307891846,-0.1754600107669831,-0.08610488474369049
1144,1.1333333333333333,34,RIGHT_THUMB,-0.029624760150909424,-0.040262818336486816,-0.29398801922798157
1145,1.1333333333333333,34,LEFT_HIP,0.030000925064086914,-0.26024737954139715,0.09775717370212081
1146,1.1333333333333333,34,RIGHT_HIP,-0.03599351644515991,-0.259638398885727,0.11467097233980891
1147,1.1333333333333333,34,LEFT_KNEE,0.049743592739105225,-0.43526515364646917,0.03635945916175841
1148,1.1333333333333333,34,RIGHT_KNEE,-0.04431980848312378,-0.43600007891654974,0.1320387758314609
1149,1.1333333333333333,34,LEFT_ANKLE,0.060383617877960205,-0.5617141425609589,0.3056694567203521
1150,1.1333333333333333,34,RIGHT_ANKLE,-0.0407872200012207,-0.5434528887271881,0.39015907049179066
1151,1.1333333333333333,34,LEFT_HEEL,0.0514567494392395,-0.5722717344760895,0.32893747091293335
1152,1.1333333333333333,34,RIGHT_HEEL,-0.033907532691955566,-0.5555847585201263,0.4141435921192169
1153,1.1333333333333333,34,LEFT_FOOT_INDEX,0.0642971396446228,-0.6422446072101593,0.24518239498138422
1154,1.1333333333333333,34,RIGHT_FOOT_INDEX,-0.05588898062705999,-0.6385418474674227,0.3284054249525069
1155,1.1666666666666667,35,NOSE,-0.001565888524055481,0.08983308076858518,-0.18029491975903517
1156,1.1666666666666667,35,LEFT_EYE_INNER,0.007377192378044128,0.11346602439880368,-0.16853113844990736
1157,1.1666666666666667,35,LEFT_EYE,0.012464627623558044,0.11374747753143308,-0.16854833438992506
1158,1.1666666666666667,35,LEFT_EYE_OUTER,0.016060635447502136,0.11355431377887729,-0.16860779002308846
1159,1.1666666666666667,35,RIGHT_EYE_INNER,-0.009046927094459534,0.1135002821683884,-0.16709961369633675
1160,1.1666666666666667,35,RIGHT_EYE,-0.014266744256019592,0.11410006880760187,-0.16711964085698133
1161,1.1666666666666667,35,RIGHT_EYE_OUTER,-0.01753397285938263,0.11460874974727628,-0.16712139919400215
1162,1.1666666666666667,35,LEFT_EAR,0.022568151354789734,0.10715402662754059,-0.07250349596142776
1163,1.1666666666666667,35,RIGHT_EAR,-0.022808626294136047,0.10910442471504209,-0.06897986307740216
1164,1.1666666666666667,35,MOUTH_LEFT,0.008495792746543884,0.06889179348945618,-0.14223365858197218
1165,1.1666666666666667,35,MOUTH_RIGHT,-0.01118941605091095,0.06921693682670588,-0.14109689369797707
1166,1.1666666666666667,35,LEFT_SHOULDER,0.05569241940975189,-0.0010741651058197021,-0.008758727461099652
1167,1.1666666666666667,35,RIGHT_SHOULDER,-0.05569241940975195,0.0010741651058197021,0.008758727461099652
1168,1.1666666666666667,35,LEFT_ELBOW,0.08791033923625946,-0.13401457667350775,0.007064040750265052
1169,1.1666666666666667,35,RIGHT_ELBOW,-0.08358977735042572,-0.154772698879242,-0.06695545092225076
1170,1.1666666666666667,35,LEFT_WRIST,0.05516372621059418,-0.1871843338012696,-0.09133796766400344
1171,1.1666666666666667,35,RIGHT_WRIST,-0.043933227658271845,-0.08163458108901983,-0.26821510866284376
1172,1.1666666666666667,35,LEFT_PINKY,0.04562853276729584,-0.2067182064056397,-0.11806692555546765
1173,1.1666666666666667,35,RIGHT_PINKY,-0.029288724064826965,-0.06599557399749761,-0.30626459792256355
1174,1.1666666666666667,35,LEFT_INDEX,0.040587231516838074,-0.18365812301635748,-0.12119807675480844
1175,1.1666666666666667,35,RIGHT_INDEX,-0.028631165623664856,-0.04259207844734192,-0.29473419860005384
1176,1.1666666666666667,35,LEFT_THUMB,0.042151376605033875,-0.17507797479629522,-0.09101175144314765
1177,1.1666666666666667,35,RIGHT_THUMB,-0.029325202107429504,-0.04505136609077459,-0.26557512953877455
1178,1.1666666666666667,35,LEFT_HIP,0.028264209628105164,-0.2594729661941529,0.08895279746502635
1179,1.1666666666666667,35,RIGHT_HIP,-0.03720678389072424,-0.25758314132690435,0.10570499114692194
1180,1.1666666666666667,35,LEFT_KNEE,0.04974929988384247,-0.42685931921005255,0.03268874809145925
1181,1.1666666666666667,35,RIGHT_KNEE,-0.04490412771701813,-0.42602562904357916,0.11408450454473484
1182,1.1666666666666667,35,LEFT_ANKLE,0.05748234689235687,-0.5482783317565918,0.2817835919559
1183,1.1666666666666667,35,RIGHT_ANKLE,-0.0408564954996109,-0.5404402613639832,0.34545988962054247
1184,1.1666666666666667,35,LEFT_HEEL,0.05016009509563446,-0.5591280460357666,0.30325449630618084
1185,1.1666666666666667,35,RIGHT_HEEL,-0.0336354523897171,-0.5483092665672302,0.3670692257583141
1186,1.1666666666666667,35,LEFT_FOOT_INDEX,0.05857466161251068,-0.6221665740013123,0.23359621688723553
1187,1.1666666666666667,35,RIGHT_FOOT_INDEX,-0.05583928525447851,-0.6370598077774048,0.29320110008120526
1188,1.2,36,NOSE,-0.001957118511199951,0.09144693613052365,-0.17451084032654762
1189,1.2,36,LEFT_EYE_INNER,0.006835818290710449,0.11452768743038175,-0.16370216384530073
1190,1.2,36,LEFT_EYE,0.01198875904083252,0.11467882990837094,-0.16371739283204084
1191,1.2,36,LEFT_EYE_OUTER,0.015689969062805176,0.11442993581295016,-0.16378361359238625
1192,1.2,36,RIGHT_EYE_INNER,-0.009547770023345947,0.11470784246921534,-0.16129106655716896
1193,1.2,36,RIGHT_EYE,-0.014653921127319336,0.11521650850772855,-0.16131025925278664
1194,1.2,36,RIGHT_EYE_OUTER,-0.017841577529907227,0.11555732786655426,-0.16132119670510292
1195,1.2,36,LEFT_EAR,0.022347748279571533,0.10776101052761075,-0.07186860218644145
1196,1.2,36,RIGHT_EAR,-0.02292919158935547,0.10962632298469546,-0.06407738104462624
1197,1.2,36,MOUTH_LEFT,0.008037984371185303,0.07082881033420557,-0.13797137513756755
1198,1.2,36,MOUTH_RIGHT,-0.0116194486618042,0.07043962180614466,-0.13560697808861735
1199,1.2,36,LEFT_SHOULDER,0.05560958385467529,-0.0023078173398971558,-0.010860491544008241
1200,1.2,36,RIGHT_SHOULDER,-0.05560958385467529,0.0023078173398971558,0.010860491544008255
1201,1.2,36,LEFT_ELBOW,0.08697563409805298,-0.13743491470813757,0.0033732913434505463
1202,1.2,36,RIGHT_ELBOW,-0.08675658702850347,-0.14571197330951696,-0.06558771803975105
1203,1.2,36,LEFT_WRIST,0.051006436347961426,-0.18809662759304052,-0.08707423880696294
1204,1.2,36,RIGHT_WRIST,-0.04380285739898687,-0.08434765040874487,-0.25746718421578413
1205,1.2,36,LEFT_PINKY,0.04118102788925171,-0.207141324877739,-0.11258016899228096
1206,1.2,36,RIGHT_PINKY,-0.028246164321899414,-0.07731457054615026,-0.2924909628927708
1207,1.2,36,LEFT_INDEX,0.03613924980163574,-0.18452666699886328,-0.11257344856858253
1208,1.2,36,RIGHT_INDEX,-0.02527397871017456,-0.053078785538673456,-0.27887305989861494
1209,1.2,36,LEFT_THUMB,0.03762948513031006,-0.17626170814037329,-0.08530019596219066
1210,1.2,36,RIGHT_THUMB,-0.02698594331741333,-0.052591100335121155,-0.2537089325487614
1211,1.2,36,LEFT_HIP,0.026773273944854736,-0.25910924375057226,0.08955337107181545
1212,1.2,36,RIGHT_HIP,-0.0386732816696167,-0.25556896626949316,0.10648428555577985
1213,1.2,36,LEFT_KNEE,0.04658043384552002,-0.4280590265989304,0.03754980117082595
1214,1.2,36,RIGHT_KNEE,-0.044382393360137995,-0.4259109944105149,0.12453649565577496
1215,1.2,36,LEFT_ANKLE,0.05486017465591431,-0.5459015220403671,0.29806722328066815
1216,1.2,36,RIGHT_ANKLE,-0.041884660720825195,-0.5402558892965317,0.35734811052680004
1217,1.2,36,LEFT_HEEL,0.04870790243148804,-0.5559293478727341,0.32059201225638384
1218,1.2,36,RIGHT_HEEL,-0.03444814682006836,-0.5485372394323349,0.37926140055060376
1219,1.2,36,LEFT_FOOT_INDEX,0.05568587779998779,-0.6245149821043015,0.24529619142413125
1220,1.2,36,RIGHT_FOOT_INDEX,-0.05648529529571539,-0.6355245560407639,0.3062269799411296
1221,1.2333333333333334,37,NOSE,-0.0022091716527938843,0.09178240597248072,-0.14830238372087484
1222,1.2333333333333334,37,LEFT_EYE_INNER,0.006426289677619934,0.1144989281892776,-0.13749403506517416
1223,1.2333333333333334,37,LEFT_EYE,0.011569932103157043,0.11462917923927302,-0.13749871402978894
1224,1.2333333333333334,37,LEFT_EYE_OUTER,0.015322700142860413,0.1144010573625564,-0.13753578811883926
1225,1.2333333333333334,37,RIGHT_EYE_INNER,-0.009761795401573181,0.11462773382663721,-0.13526181131601336
1226,1.2333333333333334,37,RIGHT_EYE,-0.014795646071434021,0.1150665879249573,-0.13526204973459247
1227,1.2333333333333334,37,RIGHT_EYE_OUTER,-0.017890915274620056,0.1153557747602463,-0.13527952879667285
1228,1.2333333333333334,37,LEFT_EAR,0.02192331850528717,0.1078280359506607,-0.055929802358150454
1229,1.2333333333333334,37,RIGHT_EAR,-0.022787854075431824,0.1093777865171432,-0.048602327704429654
1230,1.2333333333333334,37,MOUTH_LEFT,0.0077254921197891235,0.07179293036460871,-0.11620075255632406
1231,1.2333333333333334,37,MOUTH_RIGHT,-0.01172684133052826,0.07117950916290283,-0.11397641152143476
1232,1.2333333333333334,37,LEFT_SHOULDER,0.055441632866859436,-0.003611266613006592,-0.013377390801906558
1233,1.2333333333333334,37,RIGHT_SHOULDER,-0.05544163286685949,0.003611266613006592,0.013377390801906544
1234,1.2333333333333334,37,LEFT_ELBOW,0.08578260242938995,-0.13858270645141607,-0.017347894608974457
1235,1.2333333333333334,37,RIGHT_ELBOW,-0.08805866539478302,-0.1387276947498322,-0.06120885163545614
1236,1.2333333333333334,37,LEFT_WRIST,0.04966636002063751,-0.1903123557567597,-0.10670063644647595
1237,1.2333333333333334,37,RIGHT_WRIST,-0.04338647425174713,-0.0849257111549378,-0.22658742219209677
1238,1.2333333333333334,37,LEFT_PINKY,0.039604559540748596,-0.20836803317070013,-0.12941259890794754
1239,1.2333333333333334,37,RIGHT_PINKY,-0.026093587279319763,-0.08139169216156011,-0.25539217144250875
1240,1.2333333333333334,37,LEFT_INDEX,0.034594789147377014,-0.1863382756710053,-0.12477401643991476
1241,1.2333333333333334,37,RIGHT_INDEX,-0.021680817008018494,-0.059224486351013184,-0.23937270790338516
1242,1.2333333333333334,37,LEFT_THUMB,0.03619946539402008,-0.1785040199756623,-0.10329032689332965
1243,1.2333333333333334,37,RIGHT_THUMB,-0.023857757449150085,-0.05767083168029791,-0.22108689695596695
1244,1.2333333333333334,37,LEFT_HIP,0.02623017132282257,-0.2594694793224335,0.05894344020634885
1245,1.2333333333333334,37,RIGHT_HIP,-0.038509652018547114,-0.25434973835945135,0.08415511716157184
1246,1.2333333333333334,37,LEFT_KNEE,0.044096484780311584,-0.42504736781120306,0.002465978264808641
1247,1.2333333333333334,37,RIGHT_KNEE,-0.048075780272483826,-0.41559585928916937,0.05836852639913555
1248,1.2333333333333334,37,LEFT_ANKLE,0.053027525544166565,-0.5423257052898407,0.21987728029489503
1249,1.2333333333333334,37,RIGHT_ANKLE,-0.04179216921329498,-0.5363662540912628,0.24424583464860905
1250,1.2333333333333334,37,LEFT_HEEL,0.0457005649805069,-0.5452844202518463,0.23857835680246345
1251,1.2333333333333334,37,RIGHT_HEEL,-0.03422044217586517,-0.5459742844104767,0.26186382025480265
1252,1.2333333333333334,37,LEFT_FOOT_INDEX,0.05480630695819855,-0.6184220612049103,0.18519989401102055
1253,1.2333333333333334,37,RIGHT_FOOT_INDEX,-0.05694098770618439,-0.6358506381511688,0.20420026034116734
1254,1.2666666666666666,38,NOSE,-0.0021163523197174072,0.09189791977405545,-0.1467465069144965
1255,1.2666666666666666,38,LEFT_EYE_INNER,0.006320744752883911,0.11428865790367124,-0.1349147316068411
1256,1.2666666666666666,38,LEFT_EYE,0.011446207761764526,0.11439481377601624,-0.1349172051995993
1257,1.2666666666666666,38,LEFT_EYE_OUTER,0.01523849368095398,0.11416275799274445,-0.1349481400102377
1258,1.2666666666666666,38,RIGHT_EYE_INNER,-0.009623914957046509,0.11451877653598785,-0.132956674322486
1259,1.2666666666666666,38,RIGHT_EYE,-0.014584273099899292,0.11493262648582453,-0.1329456623643637
1260,1.2666666666666666,38,RIGHT_EYE_OUTER,-0.01763775944709778,0.11520689725875854,-0.1329682525247336
1261,1.2666666666666666,38,LEFT_EAR,0.021544605493545532,0.10759952664375305,-0.052935538813471794
1262,1.2666666666666666,38,RIGHT_EAR,-0.022393912076950073,0.10916984081268305,-0.046672223135829
1263,1.2666666666666666,38,MOUTH_LEFT,0.007757276296615601,0.07213547825813293,-0.11442232690751561
1264,1.2666666666666666,38,MOUTH_RIGHT,-0.011531323194503784,0.07159215211868286,-0.11253639124333858
1265,1.2666666666666666,38,LEFT_SHOULDER,0.055425435304641724,-0.004591077566146851,-0.012607248499989496
1266,1.2666666666666666,38,RIGHT_SHOULDER,-0.055425435304641724,0.004591077566146851,0.012607248499989503
1267,1.2666666666666666,38,LEFT_ELBOW,0.08446422219276428,-0.13984647393226624,-0.023616528138518403
1268,1.2666666666666666,38,RIGHT_ELBOW,-0.08853200078010559,-0.13244819641113287,-0.05375719629228119
1269,1.2666666666666666,38,LEFT_WRIST,0.049343258142471313,-0.1911796927452088,-0.12181766889989379
1270,1.2666666666666666,38,RIGHT_WRIST,-0.038557201623916626,-0.08890339732170105,-0.2080777492374182
1271,1.2666666666666666,38,LEFT_PINKY,0.03864136338233948,-0.20904296636581426,-0.144503777846694
1272,1.2666666666666666,38,RIGHT_PINKY,-0.020943433046340942,-0.09356939792633057,-0.23597391508519658
1273,1.2666666666666666,38,LEFT_INDEX,0.034353941679000854,-0.18708699941635137,-0.1381754484027625
1274,1.2666666666666666,38,RIGHT_INDEX,-0.015344768762588501,-0.07012036442756658,-0.2199102547019721
1275,1.2666666666666666,38,LEFT_THUMB,0.036316901445388794,-0.17920607328414923,-0.11779557727277279
1276,1.2666666666666666,38,RIGHT_THUMB,-0.018198460340499878,-0.06687721610069275,-0.2021984960883856
1277,1.2666666666666666,38,LEFT_HIP,0.026084929704666138,-0.25943017005920416,0.032993681728839805
1278,1.2666666666666666,38,RIGHT_HIP,-0.03879761695861822,-0.25226557254791265,0.0610885322093962
1279,1.2666666666666666,38,LEFT_KNEE,0.04134562611579895,-0.4197733402252198,-0.0516707058995963
1280,1.2666666666666666,38,RIGHT_KNEE,-0.054007053375244196,-0.4077692031860352,-0.009883066639304196
1281,1.2666666666666666,38,LEFT_ANKLE,0.0519842803478241,-0.5408933162689209,0.16504414565861208
1282,1.2666666666666666,38,RIGHT_ANKLE,-0.04140418767929083,-0.533555805683136,0.1737658921629189
1283,1.2666666666666666,38,LEFT_HEEL,0.03503921627998352,-0.5412790179252625,0.184121737256646
1284,1.2666666666666666,38,RIGHT_HEEL,-0.033719152212142944,-0.543870210647583,0.1913352552801369
1285,1.2666666666666666,38,LEFT_FOOT_INDEX,0.051050275564193726,-0.6171718239784243,0.132021429017186
1286,1.2666666666666666,38,RIGHT_FOOT_INDEX,-0.0573212206363678,-0.636104226112366,0.1328699160367249
1287,1.3,39,NOSE,-0.0016172528266906738,0.09190025925636294,-0.1689555980265141
1288,1.3,39,LEFT_EYE_INNER,0.006645858287811279,0.11406065523624423,-0.1550820954144001
1289,1.3,39,LEFT_EYE,0.011732876300811768,0.11409960687160495,-0.1551121957600117
1290,1.3,39,LEFT_EYE_OUTER,0.01555180549621582,0.11384101212024694,-0.1551365144550801
1291,1.3,39,RIGHT_EYE_INNER,-0.009118318557739258,0.11434815824031833,-0.15466288104653358
1292,1.3,39,RIGHT_EYE,-0.0140342116355896,0.11474032700061804,-0.1547024138271809
1293,1.3,39,RIGHT_EYE_OUTER,-0.017056643962860107,0.11498436331748962,-0.1546815671026707
1294,1.3,39,LEFT_EAR,0.021648824214935303,0.10724538564682012,-0.03526218608021739
1295,1.3,39,RIGHT_EAR,-0.02169865369796753,0.10884605348110205,-0.042412552982568796
1296,1.3,39,MOUTH_LEFT,0.008162081241607666,0.07220532000064855,-0.1278063543140888
1297,1.3,39,MOUTH_RIGHT,-0.011060774326324463,0.07171629369258886,-0.1271246708929539
1298,1.3,39,LEFT_SHOULDER,0.055377304553985596,-0.0054211765527724665,-0.02364820614457129
1299,1.3,39,RIGHT_SHOULDER,-0.05537730455398565,0.005421176552772522,0.023648206144571304
1300,1.3,39,LEFT_ELBOW,0.08427542448043823,-0.14073817431926727,-0.022102560847997693
1301,1.3,39,RIGHT_ELBOW,-0.08969900012016296,-0.12653039395809168,-0.06616060808300969
1302,1.3,39,LEFT_WRIST,0.04618781805038452,-0.19323013722896576,-0.10793726518750191
1303,1.3,39,RIGHT_WRIST,-0.03625550866127014,-0.09015254676342005,-0.24919204786419868
1304,1.3,39,LEFT_PINKY,0.03534609079360962,-0.2110898345708847,-0.1320811845362187
1305,1.3,39,RIGHT_PINKY,-0.018455803394317627,-0.09699834883213038,-0.2810426540672779
1306,1.3,39,LEFT_INDEX,0.030457615852355957,-0.18943952023983002,-0.1303410120308399
1307,1.3,39,RIGHT_INDEX,-0.01202702522277832,-0.07615120708942408,-0.2678892798721791
1308,1.3,39,LEFT_THUMB,0.03259032964706421,-0.1814044564962387,-0.10556851699948311
1309,1.3,39,RIGHT_THUMB,-0.015221357345581055,-0.07268829643726349,-0.2451400943100453
1310,1.3,39,LEFT_HIP,0.024651169776916504,-0.2591599076986313,0.0508066229522228
1311,1.3,39,RIGHT_HIP,-0.040244102478027344,-0.25236599147319794,0.08551904745399941
1312,1.3,39,LEFT_KNEE,0.028542399406433105,-0.4227812737226486,0.020515471696853603
1313,1.3,39,RIGHT_KNEE,-0.04892146587371826,-0.4132491201162338,0.1178727410733699
1314,1.3,39,LEFT_ANKLE,0.01819974184036255,-0.542228564620018,0.2794304005801677
1315,1.3,39,RIGHT_ANKLE,-0.04144278168678284,-0.5336344093084335,0.3325304202735423
1316,1.3,39,LEFT_HEEL,0.019921839237213135,-0.5427672117948532,0.3025387041270732
1317,1.3,39,RIGHT_HEEL,-0.03365579247474676,-0.5428727716207504,0.3530550710856914
1318,1.3,39,LEFT_FOOT_INDEX,0.024177193641662598,-0.6189308613538741,0.24998740479350082
1319,1.3,39,RIGHT_FOOT_INDEX,-0.057484388351440485,-0.6364360302686692,0.289036314934492
1320,1.3333333333333333,40,NOSE,-0.0012858211994171143,0.09216322004795069,-0.1674893256276846
1321,1.3333333333333333,40,LEFT_EYE_INNER,0.00698968768119812,0.114329919219017,-0.15743542276322842
1322,1.3333333333333333,40,LEFT_EYE,0.01203802227973938,0.1142890602350235,-0.15745187364518642
1323,1.3333333333333333,40,LEFT_EYE_OUTER,0.015835076570510864,0.11400903761386869,-0.15751301310956478
1324,1.3333333333333333,40,RIGHT_EYE_INNER,-0.008750468492507935,0.1144499778747558,-0.1558148767799139
1325,1.3333333333333333,40,RIGHT_EYE,-0.013680845499038696,0.1147351413965225,-0.1558246966451406
1326,1.3333333333333333,40,RIGHT_EYE_OUTER,-0.016711026430130005,0.11488375067710879,-0.155839717015624
1327,1.3333333333333333,40,LEFT_EAR,0.02180841565132141,0.1073562502861023,-0.06368668936192991
1328,1.3333333333333333,40,RIGHT_EAR,-0.021285980939865112,0.1086797565221786,-0.061319356784224496
1329,1.3333333333333333,40,MOUTH_LEFT,0.008469611406326294,0.07233540713787079,-0.132734140381217
1330,1.3333333333333333,40,MOUTH_RIGHT,-0.010786861181259155,0.07177101075649261,-0.13115664385259151
1331,1.3333333333333333,40,LEFT_SHOULDER,0.05551794171333313,-0.005733385682106018,-0.0167452748864889
1332,1.3333333333333333,40,RIGHT_SHOULDER,-0.055517941713333185,0.005733385682106018,0.0167452748864889
1333,1.3333333333333333,40,LEFT_ELBOW,0.08256533741950989,-0.1421047598123551,-0.016685811802744796
1334,1.3333333333333333,40,RIGHT_ELBOW,-0.09003895521163946,-0.12183578312397009,-0.05699483118951319
1335,1.3333333333333333,40,LEFT_WRIST,0.03981557488441467,-0.19562785327434545,-0.0944677200168371
1336,1.3333333333333333,40,RIGHT_WRIST,-0.03349676728248596,-0.09306855499744421,-0.1925754901021719
1337,1.3333333333333333,40,LEFT_PINKY,0.028536826372146606,-0.21405218541622167,-0.11766979657113551
1338,1.3333333333333333,40,RIGHT_PINKY,-0.015924006700515747,-0.09989051520824438,-0.2164058145135641
1339,1.3333333333333333,40,LEFT_INDEX,0.023788481950759888,-0.19339434802532202,-0.1106968726962805
1340,1.3333333333333333,40,RIGHT_INDEX,-0.009076446294784546,-0.08030189573764801,-0.20123863779008389
1341,1.3333333333333333,40,LEFT_THUMB,0.02601662278175354,-0.18494866788387304,-0.0899034347385168
1342,1.3333333333333333,40,RIGHT_THUMB,-0.012764424085617065,-0.0771722942590714,-0.18635809980332846
1343,1.3333333333333333,40,LEFT_HIP,0.024719268083572388,-0.25802110135555273,0.0565022584050894
1344,1.3333333333333333,40,RIGHT_HIP,-0.039679080247879084,-0.2527446001768113,0.0953522566705942
1345,1.3333333333333333,40,LEFT_KNEE,0.032677680253982544,-0.41948060691356664,0.0397446844726801
1346,1.3333333333333333,40,RIGHT_KNEE,-0.04533830285072327,-0.4160111397504807,0.1454667393118143
1347,1.3333333333333333,40,LEFT_ANKLE,0.03207710385322571,-0.5364708751440048,0.2640769127756357
1348,1.3333333333333333,40,RIGHT_ANKLE,-0.041575282812118586,-0.53389672935009,0.3425853196531534
1349,1.3333333333333333,40,LEFT_HEEL,0.02662035822868347,-0.5450963228940964,0.2824104968458414
1350,1.3333333333333333,40,RIGHT_HEEL,-0.03338566422462469,-0.5430952161550522,0.3619587663561105
1351,1.3333333333333333,40,LEFT_FOOT_INDEX,0.036089926958084106,-0.6153158396482468,0.2358671966940164
1352,1.3333333333333333,40,RIGHT_FOOT_INDEX,-0.057153135538101196,-0.6357008665800097,0.3022515717893838
1353,1.3666666666666667,41,NOSE,-0.0011914819478988647,0.09210184216499337,-0.16744530946016317
1354,1.3666666666666667,41,LEFT_EYE_INNER,0.007049635052680969,0.11424349248409277,-0.15631035715341565
1355,1.3666666666666667,41,LEFT_EYE,0.012097492814064026,0.11416923999786377,-0.15633515268564227
1356,1.3666666666666667,41,LEFT_EYE_OUTER,0.015877559781074524,0.11386759579181677,-0.15638931840658185
1357,1.3666666666666667,41,RIGHT_EYE_INNER,-0.008680209517478943,0.11441731452941897,-0.15494046360254285
1358,1.3666666666666667,41,RIGHT_EYE,-0.013598069548606873,0.11468705534934998,-0.15496569126844406
1359,1.3666666666666667,41,RIGHT_EYE_OUTER,-0.016627833247184753,0.11480845510959628,-0.15497084707021716
1360,1.3666666666666667,41,LEFT_EAR,0.021795406937599182,0.10714803636074066,-0.05676952749490735
1361,1.3666666666666667,41,RIGHT_EAR,-0.021090492606163025,0.10853934288024908,-0.051568008959293365
1362,1.3666666666666667,41,MOUTH_LEFT,0.008625999093055725,0.07210816442966467,-0.12990220636129385
1363,1.3666666666666667,41,MOUTH_RIGHT,-0.01063452661037445,0.07176224887371069,-0.12852445989847186
1364,1.3666666666666667,41,LEFT_SHOULDER,0.05521310865879059,-0.006092742085456848,-0.01962279528379446
1365,1.3666666666666667,41,RIGHT_SHOULDER,-0.055213108658790644,0.006092742085456848,0.019622795283794445
1366,1.3666666666666667,41,LEFT_ELBOW,0.08052958548069,-0.14305470883846283,-0.011291913688182859
1367,1.3666666666666667,41,RIGHT_ELBOW,-0.0922155231237412,-0.11658288538455963,-0.05431161075830465
1368,1.3666666666666667,41,LEFT_WRIST,0.03838647902011871,-0.19761024415493011,-0.08660764247179037
1369,1.3666666666666667,41,RIGHT_WRIST,-0.032619401812553406,-0.09262721240520472,-0.20406547933816915
1370,1.3666666666666667,41,LEFT_PINKY,0.02694953978061676,-0.21690790355205536,-0.11198437958955768
1371,1.3666666666666667,41,RIGHT_PINKY,-0.01565919816493988,-0.10060532391071314,-0.23181451112031937
1372,1.3666666666666667,41,LEFT_INDEX,0.02232058346271515,-0.19535647332668304,-0.10771448165178296
1373,1.3666666666666667,41,RIGHT_INDEX,-0.0077594369649887085,-0.08225663006305695,-0.21914655715227127
1374,1.3666666666666667,41,LEFT_THUMB,0.02450527250766754,-0.18660514056682587,-0.08305958658456805
1375,1.3666666666666667,41,RIGHT_THUMB,-0.01117764413356781,-0.07884179055690765,-0.19940701872110367
1376,1.3666666666666667,41,LEFT_HIP,0.02339591085910797,-0.25849752128124237,0.06676207110285753
1377,1.3666666666666667,41,RIGHT_HIP,-0.0396052747964859,-0.25317512452602386,0.10561206191778175
1378,1.3666666666666667,41,LEFT_KNEE,0.02793271839618683,-0.4212169498205185,0.06875053420662884
1379,1.3666666666666667,41,RIGHT_KNEE,-0.043922349810600336,-0.41778664290905,0.16262661665678013
1380,1.3666666666666667,41,LEFT_ANKLE,0.03561796247959137,-0.5340658277273178,0.29844143241643895
1381,1.3666666666666667,41,RIGHT_ANKLE,-0.04263390600681305,-0.5344045609235764,0.37928044050931925
1382,1.3666666666666667,41,LEFT_HEEL,0.01750190556049347,-0.5451403707265854,0.31790284067392344
1383,1.3666666666666667,41,RIGHT_HEEL,-0.03438811004161835,-0.5436753481626511,0.40021150559186924
1384,1.3666666666666667,41,LEFT_FOOT_INDEX,0.03723706305027008,-0.609294280409813,0.26127070933580393
1385,1.3666666666666667,41,RIGHT_FOOT_INDEX,-0.05692987143993383,-0.632274255156517,0.33430346101522435
1386,1.4,42,NOSE,-0.0011523067951202393,0.09192743897438052,-0.14640943519771094
1387,1.4,42,LEFT_EYE_INNER,0.007008999586105347,0.11406143009662631,-0.13676519505679605
1388,1.4,42,LEFT_EYE,0.01203271746635437,0.11400637030601501,-0.13678099028766155
1389,1.4,42,LEFT_EYE_OUTER,0.015784889459609985,0.11372251808643341,-0.13685059361159793
1390,1.4,42,RIGHT_EYE_INNER,-0.008705168962478638,0.11417667567729953,-0.13450856320559973
1391,1.4,42,RIGHT_EYE,-0.013627856969833374,0.11441560089588171,-0.13450610451400274
1392,1.4,42,RIGHT_EYE_OUTER,-0.016653865575790405,0.11451527476310733,-0.13452936522662634
1393,1.4,42,LEFT_EAR,0.02168300747871399,0.10701698064804083,-0.05499696545302865
1394,1.4,42,RIGHT_EAR,-0.021024614572525024,0.10818435251712802,-0.047389937564730644
1395,1.4,42,MOUTH_LEFT,0.008693009614944458,0.07204698026180273,-0.11376124434173104
1396,1.4,42,MOUTH_RIGHT,-0.010538548231124878,0.07163505256176,-0.11153496615588665
1397,1.4,42,LEFT_SHOULDER,0.055083781480789185,-0.006578043103218079,-0.015276936814188943
1398,1.4,42,RIGHT_SHOULDER,-0.055083781480789185,0.006578043103218134,0.015276936814188957
1399,1.4,42,LEFT_ELBOW,0.07915374636650085,-0.1439007669687271,-0.008620610460638944
1400,1.4,42,RIGHT_ELBOW,-0.0938685834407807,-0.11105029284954071,-0.048500521108508055
1401,1.4,42,LEFT_WRIST,0.03825441002845764,-0.1986280232667923,-0.07107488624751565
1402,1.4,42,RIGHT_WRIST,-0.032406240701675415,-0.09241767227649689,-0.18189941160380835
1403,1.4,42,LEFT_PINKY,0.02678188681602478,-0.2187448889017105,-0.09371037594974035
1404,1.4,42,RIGHT_PINKY,-0.0153522789478302,-0.10346384346485138,-0.20592091791331762
1405,1.4,42,LEFT_INDEX,0.022286444902420044,-0.19700808823108673,-0.08778352849185464
1406,1.4,42,RIGHT_INDEX,-0.006520658731460571,-0.08514450490474701,-0.18982241861522192
1407,1.4,42,LEFT_THUMB,0.024594038724899292,-0.18789972364902496,-0.06663651578128335
1408,1.4,42,RIGHT_THUMB,-0.00992557406425476,-0.0815858393907547,-0.17561952583491802
1409,1.4,42,LEFT_HIP,0.022260278463363647,-0.2590681463479996,0.05894130282104016
1410,1.4,42,RIGHT_HIP,-0.040070235729217585,-0.25365252792835236,0.09659820050001136
1411,1.4,42,LEFT_KNEE,0.030450910329818726,-0.4225008636713028,0.050918202847242355
1412,1.4,42,RIGHT_KNEE,-0.04403108358383179,-0.41919727623462677,0.14950084127485747
1413,1.4,42,LEFT_ANKLE,0.03645309805870056,-0.5342751294374466,0.27070278115570545
1414,1.4,42,RIGHT_ANKLE,-0.04341983795166021,-0.5358376652002335,0.35870467312633986
1415,1.4,42,LEFT_HEEL,0.023289114236831665,-0.5466254502534866,0.28860385902225966
1416,1.4,42,RIGHT_HEEL,-0.03475213050842291,-0.544497087597847,0.37956421263515944
1417,1.4,42,LEFT_FOOT_INDEX,0.030402570962905884,-0.6172694712877272,0.23707185871899125
1418,1.4,42,RIGHT_FOOT_INDEX,-0.0576421320438385,-0.6336127668619157,0.31455698795616627
1419,1.4333333333333331,43,NOSE,-0.001034080982208252,0.09217089414596558,-0.1381811443716288
1420,1.4333333333333331,43,LEFT_EYE_INNER,0.007094740867614746,0.11414502561092377,-0.1277803871780634
1421,1.4333333333333331,43,LEFT_EYE,0.012111783027648926,0.11404202878475198,-0.127795884385705
1422,1.4333333333333331,43,LEFT_EYE_OUTER,0.01584690809249878,0.11374801397323617,-0.1278663668781519
1423,1.4333333333333331,43,RIGHT_EYE_INNER,-0.008695721626281738,0.11411927640438085,-0.12588147260248658
1424,1.4333333333333331,43,RIGHT_EYE,-0.013625800609588623,0.11424724757671356,-0.1258696559816599
1425,1.4333333333333331,43,RIGHT_EYE_OUTER,-0.016647696495056152,0.11425425112247467,-0.12589395977556708
1426,1.4333333333333331,43,LEFT_EAR,0.021779775619506836,0.10685922205448156,-0.0479737538844347
1427,1.4333333333333331,43,RIGHT_EAR,-0.020913124084472656,0.10774017870426178,-0.0428853053599596
1428,1.4333333333333331,43,MOUTH_LEFT,0.008852958679199219,0.07240897417068487,-0.1066826675087213
1429,1.4333333333333331,43,MOUTH_RIGHT,-0.010409712791442871,0.07199740409851074,-0.10510517098009589
1430,1.4333333333333331,43,LEFT_SHOULDER,0.05490899085998535,-0.0071036517620086115,-0.011230321601033197
1431,1.4333333333333331,43,RIGHT_SHOULDER,-0.05490899085998535,0.007103651762008667,0.011230321601033204
1432,1.4333333333333331,43,LEFT_ELBOW,0.07844150066375732,-0.14445716142654413,-0.0056588742882012905
1433,1.4333333333333331,43,RIGHT_ELBOW,-0.09584289789199835,-0.11003866791725153,-0.05500503815710539
1434,1.4333333333333331,43,LEFT_WRIST,0.037872314453125,-0.19929122924804688,-0.0646874401718378
1435,1.4333333333333331,43,RIGHT_WRIST,-0.033544719219207764,-0.08583471179008484,-0.18415858782827849
1436,1.4333333333333331,43,LEFT_PINKY,0.02572917938232422,-0.22020012140274048,-0.08579839207231998
1437,1.4333333333333331,43,RIGHT_PINKY,-0.015675604343414307,-0.10021337866783142,-0.2084782216697931
1438,1.4333333333333331,43,LEFT_INDEX,0.021129608154296875,-0.19818174839019775,-0.08127384819090369
1439,1.4333333333333331,43,RIGHT_INDEX,-0.007448792457580566,-0.08171388506889343,-0.18986437655985358
1440,1.4333333333333331,43,LEFT_THUMB,0.023503363132476807,-0.1885393261909485,-0.0605526808649301
1441,1.4333333333333331,43,RIGHT_THUMB,-0.010458111763000488,-0.07851698994636536,-0.1769978795200586
1442,1.4333333333333331,43,LEFT_HIP,0.019412577152252197,-0.259987473487854,0.050601614639163
1443,1.4333333333333331,43,RIGHT_HIP,-0.04256549477577215,-0.2541830539703369,0.08104228228330601
1444,1.4333333333333331,43,LEFT_KNEE,0.025112509727478027,-0.4236588478088379,0.04733186401426791
1445,1.4333333333333331,43,RIGHT_KNEE,-0.047204881906509455,-0.4202694296836853,0.12940222583711142
1446,1.4333333333333331,43,LEFT_ANKLE,0.01524496078491211,-0.5388907790184021,0.2618743684142827
1447,1.4333333333333331,43,RIGHT_ANKLE,-0.045967996120452936,-0.5364655256271362,0.3437495734542608
1448,1.4333333333333331,43,LEFT_HEEL,0.013043045997619629,-0.5469169020652771,0.2795344796031713
1449,1.4333333333333331,43,RIGHT_HEEL,-0.03751111030578613,-0.545170247554779,0.3661391343921422
1450,1.4333333333333331,43,LEFT_FOOT_INDEX,0.0194547176361084,-0.6198942661285402,0.23160493932664392
1451,1.4333333333333331,43,RIGHT_FOOT_INDEX,-0.060393273830413874,-0.6342126727104187,0.2961228396743535
1452,1.4666666666666666,44,NOSE,-0.0009683221578598022,0.09187513589859014,-0.1369937565177679
1453,1.4666666666666666,44,LEFT_EYE_INNER,0.007159486413002014,0.11380223929882055,-0.1263426896184683
1454,1.4666666666666666,44,LEFT_EYE,0.012168660759925842,0.11366519331932073,-0.12635461054742342
1455,1.4666666666666666,44,LEFT_EYE_OUTER,0.015882328152656555,0.11335188150405884,-0.1264277752488852
1456,1.4666666666666666,44,RIGHT_EYE_INNER,-0.00870560109615326,0.11383382976055145,-0.1246698256582022
1457,1.4666666666666666,44,RIGHT_EYE,-0.013659164309501648,0.11393952369689944,-0.1246600802987814
1458,1.4666666666666666,44,RIGHT_EYE_OUTER,-0.01668594777584076,0.11393347382545474,-0.1246861573308706
1459,1.4666666666666666,44,LEFT_EAR,0.021867528557777405,0.10640595853328705,-0.0464111547917128
1460,1.4666666666666666,44,RIGHT_EAR,-0.02086608111858368,0.10726560652256015,-0.04185873083770281
1461,1.4666666666666666,44,MOUTH_LEFT,0.008977845311164856,0.07204039394855505,-0.10554737411439422
1462,1.4666666666666666,44,MOUTH_RIGHT,-0.01033233106136322,0.07186467945575714,-0.10412818752229211
1463,1.4666666666666666,44,LEFT_SHOULDER,0.054763033986091614,-0.007603839039802551,-0.008244967088103308
1464,1.4666666666666666,44,RIGHT_SHOULDER,-0.054763033986091614,0.007603839039802551,0.008244967088103294
1465,1.4666666666666666,44,LEFT_ELBOW,0.07744164764881134,-0.14507414400577545,-0.003938673064112705
1466,1.4666666666666666,44,RIGHT_ELBOW,-0.09598876535892492,-0.10594110190868378,-0.06217237375676632
1467,1.4666666666666666,44,LEFT_WRIST,0.036346033215522766,-0.19993464648723602,-0.0634784307330847
1468,1.4666666666666666,44,RIGHT_WRIST,-0.033495381474494934,-0.08306364715099335,-0.1953746136277914
1469,1.4666666666666666,44,LEFT_PINKY,0.024910762906074524,-0.2212831825017929,-0.08358124457299712
1470,1.4666666666666666,44,RIGHT_PINKY,-0.015939995646476746,-0.09802715480327606,-0.22164124809205532
1471,1.4666666666666666,44,LEFT_INDEX,0.019927874207496643,-0.19883130490779877,-0.0797431822866202
1472,1.4666666666666666,44,RIGHT_INDEX,-0.00710199773311615,-0.08183197677135468,-0.2023621555417776
1473,1.4666666666666666,44,LEFT_THUMB,0.02201320230960846,-0.1890808790922165,-0.059653600677847904
1474,1.4666666666666666,44,RIGHT_THUMB,-0.010047897696495056,-0.07815010845661163,-0.18825927935540682
1475,1.4666666666666666,44,LEFT_HIP,0.018862023949623108,-0.26053719222545624,0.05269795563071969
1476,1.4666666666666666,44,RIGHT_HIP,-0.04315744340419775,-0.2522026151418686,0.07536280900239929
1477,1.4666666666666666,44,LEFT_KNEE,0.027230456471443176,-0.42181412875652313,0.03823643736541269
1478,1.4666666666666666,44,RIGHT_KNEE,-0.05112133920192724,-0.4164290279150009,0.1252019349485635
1479,1.4666666666666666,44,LEFT_ANKLE,0.024663522839546204,-0.5363359898328781,0.2467992845922708
1480,1.4666666666666666,44,RIGHT_ANKLE,-0.046685561537742615,-0.537046954035759,0.3200941327959298
1481,1.4666666666666666,44,LEFT_HEEL,0.011483743786811829,-0.5472450107336044,0.2651160154491662
1482,1.4666666666666666,44,RIGHT_HEEL,-0.037648484110832214,-0.5457559078931808,0.3398021701723336
1483,1.4666666666666666,44,LEFT_FOOT_INDEX,0.020513013005256653,-0.6210837215185165,0.2152831200510263
1484,1.4666666666666666,44,RIGHT_FOOT_INDEX,-0.06184546649456024,-0.6349678486585617,0.27991783060133446
1485,1.5,45,NOSE,-0.0011496543884277344,0.09102307260036469,-0.14780092425644395
1486,1.5,45,LEFT_EYE_INNER,0.007018387317657471,0.11294996738433838,-0.13721330650150776
1487,1.5,45,LEFT_EYE,0.012018918991088867,0.11277557909488678,-0.13721993751823905
1488,1.5,45,LEFT_EYE_OUTER,0.015745103359222412,0.11245453357696539,-0.13728571124374864
1489,1.5,45,RIGHT_EYE_INNER,-0.008905351161956787,0.11300891637802127,-0.13533945567905906
1490,1.5,45,RIGHT_EYE,-0.01383507251739502,0.11307632923126226,-0.13533370383083815
1491,1.5,45,RIGHT_EYE_OUTER,-0.016872942447662354,0.11306093633174896,-0.13535651750862596
1492,1.5,45,LEFT_EAR,0.021819353103637695,0.10548745095729828,-0.05343692190945144
1493,1.5,45,RIGHT_EAR,-0.020946204662322998,0.10623607039451607,-0.04801271297037604
1494,1.5,45,MOUTH_LEFT,0.008837699890136719,0.07105320692062378,-0.11423392780125144
1495,1.5,45,MOUTH_RIGHT,-0.010452091693878174,0.07112628221511846,-0.11258506961166856
1496,1.5,45,LEFT_SHOULDER,0.05451500415802002,-0.008435636758804321,-0.010328272357583046
1497,1.5,45,RIGHT_SHOULDER,-0.05451500415802002,0.008435636758804377,0.010328272357583053
1498,1.5,45,LEFT_ELBOW,0.07648271322250366,-0.14612561464309692,-0.004140475764870644
1499,1.5,45,RIGHT_ELBOW,-0.09762865304946905,-0.09420707821846003,-0.05532507039606574
1500,1.5,45,LEFT_WRIST,0.03570359945297241,-0.20115649700164795,-0.06564578600227836
1501,1.5,45,RIGHT_WRIST,-0.03357112407684332,-0.08389514684677124,-0.18823602981865403
1502,1.5,45,LEFT_PINKY,0.02451568841934204,-0.2224341630935669,-0.08717990107834334
1503,1.5,45,RIGHT_PINKY,-0.01616889238357544,-0.09856489300727844,-0.21502360887825486
1504,1.5,45,LEFT_INDEX,0.01988881826400757,-0.19952470064163208,-0.08480769582092765
1505,1.5,45,RIGHT_INDEX,-0.0076975226402282715,-0.08392196893692011,-0.19899720139801505
1506,1.5,45,LEFT_THUMB,0.021990060806274414,-0.1891387701034546,-0.06252789683640006
1507,1.5,45,RIGHT_THUMB,-0.010653674602508545,-0.0798423290252685,-0.18261459656059745
1508,1.5,45,LEFT_HIP,0.019383132457733154,-0.2600036859512329,0.056648921221494654
1509,1.5,45,RIGHT_HIP,-0.04274150729179382,-0.24733513593673706,0.07997043710201976
1510,1.5,45,LEFT_KNEE,0.02736741304397583,-0.42211443185806274,0.046996712684631355
1511,1.5,45,RIGHT_KNEE,-0.053944498300552424,-0.40863335132598877,0.13076381571590895
1512,1.5,45,LEFT_ANKLE,0.027757883071899414,-0.535126805305481,0.25110710971057404
1513,1.5,45,RIGHT_ANKLE,-0.047403931617736816,-0.5378906726837158,0.3361539524048567
1514,1.5,45,LEFT_HEEL,0.01638585329055786,-0.5488434433937073,0.26920740120112885
1515,1.5,45,RIGHT_HEEL,-0.03768935799598694,-0.5468345284461975,0.35644048266112793
1516,1.5,45,LEFT_FOOT_INDEX,0.022056639194488525,-0.6238353848457335,0.21222379617393014
1517,1.5,45,RIGHT_FOOT_INDEX,-0.06345009803771973,-0.6334584951400757,0.2982465010136366
1518,1.5333333333333334,46,NOSE,-0.0013506263494491577,0.09018176794052132,-0.1449124850332737
1519,1.5333333333333334,46,LEFT_EYE_INNER,0.006873384118080139,0.11214610934257513,-0.13423923030495638
1520,1.5333333333333334,46,LEFT_EYE,0.011867240071296692,0.11197961866855621,-0.13424456492066378
1521,1.5333333333333334,46,LEFT_EYE_OUTER,0.01560463011264801,0.11164145171642303,-0.1343117542564869
1522,1.5333333333333334,46,RIGHT_EYE_INNER,-0.009088680148124695,0.11221937835216522,-0.1324545331299305
1523,1.5333333333333334,46,RIGHT_EYE,-0.014000698924064636,0.11227282881736761,-0.1324441321194172
1524,1.5333333333333334,46,RIGHT_EYE_OUTER,-0.01703546941280365,0.11226481199264532,-0.1324708797037601
1525,1.5333333333333334,46,LEFT_EAR,0.021731451153755188,0.10459139943122872,-0.0507187582552433
1526,1.5333333333333334,46,RIGHT_EAR,-0.021012648940086365,0.10529017448425293,-0.04588966444134711
1527,1.5333333333333334,46,MOUTH_LEFT,0.008651748299598694,0.07014048099517822,-0.1114323623478413
1528,1.5333333333333334,46,MOUTH_RIGHT,-0.010586962103843689,0.07034987211227423,-0.10998818650841712
1529,1.5333333333333334,46,LEFT_SHOULDER,0.05416394770145416,-0.009394645690917969,-0.010636884719133405
1530,1.5333333333333334,46,RIGHT_SHOULDER,-0.05416394770145422,0.009394645690918024,0.010636884719133398
1531,1.5333333333333334,46,LEFT_ELBOW,0.07503540813922882,-0.14730936288833618,-0.0074886493384837965
1532,1.5333333333333334,46,RIGHT_ELBOW,-0.09892638027667999,-0.08758771419525146,-0.0550678558647633
1533,1.5333333333333334,46,LEFT_WRIST,0.03500105440616608,-0.202091783285141,-0.06823124364018442
1534,1.5333333333333334,46,RIGHT_WRIST,-0.033593013882637024,-0.08351951837539667,-0.18289628997445112
1535,1.5333333333333334,46,LEFT_PINKY,0.023295298218727112,-0.22331133484840393,-0.08928105607628821
1536,1.5333333333333334,46,RIGHT_PINKY,-0.016390666365623474,-0.09855672717094416,-0.2085013128817082
1537,1.5333333333333334,46,LEFT_INDEX,0.018579617142677307,-0.2004450261592865,-0.08642198517918591
1538,1.5333333333333334,46,RIGHT_INDEX,-0.007566437125205994,-0.08477535843849177,-0.19259602203965193
1539,1.5333333333333334,46,LEFT_THUMB,0.021054700016975403,-0.18989190459251404,-0.06495440378785129
1540,1.5333333333333334,46,RIGHT_THUMB,-0.010657712817192078,-0.08046692609786987,-0.1773134507238865
1541,1.5333333333333334,46,LEFT_HIP,0.019222214818000793,-0.2609540522098541,0.0527740400284529
1542,1.5333333333333334,46,RIGHT_HIP,-0.04254667460918432,-0.2473401129245758,0.0763207804411649
1543,1.5333333333333334,46,LEFT_KNEE,0.027068153023719788,-0.4234769642353058,0.039682945236563696
1544,1.5333333333333334,46,RIGHT_KNEE,-0.05774553120136261,-0.40965375304222107,0.12251295521855349
1545,1.5333333333333334,46,LEFT_ANKLE,0.028516128659248352,-0.5369041860103607,0.2364583276212215
1546,1.5333333333333334,46,RIGHT_ANKLE,-0.048116669058799744,-0.538299173116684,0.3276706300675868
1547,1.5333333333333334,46,LEFT_HEEL,0.01868058741092682,-0.5500556528568268,0.2535656057298183
1548,1.5333333333333334,46,RIGHT_HEEL,-0.03866444528102875,-0.5476619899272919,0.3479634784162044
1549,1.5333333333333334,46,LEFT_FOOT_INDEX,0.02303411066532135,-0.6324885189533234,0.19147072359919542
1550,1.5333333333333334,46,RIGHT_FOOT_INDEX,-0.0644703060388565,-0.6332198679447174,0.2921218983829021
1551,1.5666666666666669,47,NOSE,-0.0015240013599395752,0.08959488570690163,-0.13469086401164534
1552,1.5666666666666669,47,LEFT_EYE_INNER,0.006818205118179321,0.11152072250843054,-0.12458881549537185
1553,1.5666666666666669,47,LEFT_EYE,0.011836141347885132,0.11136327683925631,-0.12459020130336285
1554,1.5666666666666669,47,LEFT_EYE_OUTER,0.015605777502059937,0.11100557446479803,-0.12465502135455606
1555,1.5666666666666669,47,RIGHT_EYE_INNER,-0.009211868047714233,0.11166983842849731,-0.12264376692473886
1556,1.5666666666666669,47,RIGHT_EYE,-0.014080196619033813,0.11172258853912354,-0.12264242582023147
1557,1.5666666666666669,47,RIGHT_EYE_OUTER,-0.017104238271713257,0.11173428595066073,-0.12269012443721294
1558,1.5666666666666669,47,LEFT_EAR,0.021776407957077026,0.10387316346168524,-0.04590304009616374
1559,1.5666666666666669,47,RIGHT_EAR,-0.020968705415725708,0.10459609329700473,-0.04029577784240245
1560,1.5666666666666669,47,MOUTH_LEFT,0.008532792329788208,0.06957006454467773,-0.10331953875720506
1561,1.5666666666666669,47,MOUTH_RIGHT,-0.010692626237869263,0.06993696093559265,-0.10166238062083727
1562,1.5666666666666669,47,LEFT_SHOULDER,0.054023176431655884,-0.0102100670337677,-0.009451715275645249
1563,1.5666666666666669,47,RIGHT_SHOULDER,-0.05402317643165594,0.0102100670337677,0.009451715275645249
1564,1.5666666666666669,47,LEFT_ELBOW,0.07382968068122864,-0.14933201670646667,-0.011646648868918454
1565,1.5666666666666669,47,RIGHT_ELBOW,-0.10144153237342834,-0.08253747224807739,-0.05831318907439705
1566,1.5666666666666669,47,LEFT_WRIST,0.0326324999332428,-0.20309388637542725,-0.07020328752696517
1567,1.5666666666666669,47,RIGHT_WRIST,-0.034039855003356934,-0.0833578109741211,-0.17505197040736675
1568,1.5666666666666669,47,LEFT_PINKY,0.02121707797050476,-0.22428131103515625,-0.08894567005336285
1569,1.5666666666666669,47,RIGHT_PINKY,-0.016466230154037476,-0.09882420301437378,-0.19804595224559307
1570,1.5666666666666669,47,LEFT_INDEX,0.015983015298843384,-0.20136255025863647,-0.08340361528098586
1571,1.5666666666666669,47,RIGHT_INDEX,-0.007747262716293335,-0.08578366041183466,-0.17967282049357897
1572,1.5666666666666669,47,LEFT_THUMB,0.01838657259941101,-0.19096779823303223,-0.06586190871894365
1573,1.5666666666666669,47,RIGHT_THUMB,-0.010861188173294067,-0.08113154768943787,-0.16799947433173656
1574,1.5666666666666669,47,LEFT_HIP,0.019155412912368774,-0.26069653034210205,0.04856687504798175
1575,1.5666666666666669,47,RIGHT_HIP,-0.043158590793609675,-0.24577772617340088,0.07222401350736606
1576,1.5666666666666669,47,LEFT_KNEE,0.02800104022026062,-0.424369215965271,0.02613612823188305
1577,1.5666666666666669,47,RIGHT_KNEE,-0.06462132930755615,-0.4025879502296448,0.10264763794839375
1578,1.5666666666666669,47,LEFT_ANKLE,0.037325650453567505,-0.5432173609733582,0.20363624580204476
1579,1.5666666666666669,47,RIGHT_ANKLE,-0.05079630017280584,-0.5383080244064331,0.30064740963280195
1580,1.5666666666666669,47,LEFT_HEEL,0.026104778051376343,-0.5508146286010742,0.21950969286262983
1581,1.5666666666666669,47,RIGHT_HEEL,-0.03970229625701904,-0.5479907393455505,0.32013447768986214
1582,1.5666666666666669,47,LEFT_FOOT_INDEX,0.025257736444473267,-0.6361768841743469,0.16000146605074395
1583,1.5666666666666669,47,RIGHT_FOOT_INDEX,-0.06924101710319525,-0.6310331225395204,0.26785686798393715
1584,1.6,48,NOSE,-0.0012665092945098877,0.08936950564384466,-0.1306515727192164
1585,1.6,48,LEFT_EYE_INNER,0.007106751203536987,0.11129008233547216,-0.1200071070343256
1586,1.6,48,LEFT_EYE,0.012124627828598022,0.11107444763183597,-0.1200219485908747
1587,1.6,48,LEFT_EYE_OUTER,0.01589331030845642,0.11067026853561407,-0.1201044861227274
1588,1.6,48,RIGHT_EYE_INNER,-0.00894877314567566,0.11160233616828927,-0.1189612094312906
1589,1.6,48,RIGHT_EYE,-0.013832002878189087,0.11169804632663727,-0.118958780542016
1590,1.6,48,RIGHT_EYE_OUTER,-0.016858726739883423,0.11175213754177096,-0.11900938488543039
1591,1.6,48,LEFT_EAR,0.022064894437789917,0.10337899625301367,-0.04150704480707651
1592,1.6,48,RIGHT_EAR,-0.020689278841018677,0.10452254116535187,-0.04026247747242451
1593,1.6,48,MOUTH_LEFT,0.008778244256973267,0.06928895413875585,-0.09975040890276429
1594,1.6,48,MOUTH_RIGHT,-0.010426431894302368,0.06972400844097137,-0.0993589404970408
1595,1.6,48,LEFT_SHOULDER,0.053908079862594604,-0.010752275586128235,-0.006782831624150304
1596,1.6,48,RIGHT_SHOULDER,-0.053908079862594604,0.010752275586128235,0.006782831624150297
1597,1.6,48,LEFT_ELBOW,0.07374045252799988,-0.14991025626659393,-0.007250243797898306
1598,1.6,48,RIGHT_ELBOW,-0.10493874549865723,-0.07983948290348053,-0.05841658450663091
1599,1.6,48,LEFT_WRIST,0.03217312693595886,-0.20423667132854462,-0.061379330232739504
1600,1.6,48,RIGHT_WRIST,-0.037584543228149414,-0.08333559334278107,-0.1701530460268259
1601,1.6,48,LEFT_PINKY,0.02058848738670349,-0.22530721127986908,-0.07841391302645209
1602,1.6,48,RIGHT_PINKY,-0.017420560121536255,-0.09970457851886744,-0.1922033522278071
1603,1.6,48,LEFT_INDEX,0.015368729829788208,-0.20263324677944183,-0.0727163050323725
1604,1.6,48,RIGHT_INDEX,-0.0077772438526153564,-0.08737160265445704,-0.1731601301580668
1605,1.6,48,LEFT_THUMB,0.017587870359420776,-0.1926371306180954,-0.05668013729155061
1606,1.6,48,RIGHT_THUMB,-0.01117733120918274,-0.08222748339176172,-0.16266448237001901
1607,1.6,48,LEFT_HIP,0.01813945174217224,-0.2612427920103073,0.048341704532504096
1608,1.6,48,RIGHT_HIP,-0.04655072093009949,-0.24701939523220062,0.066546837799251
1609,1.6,48,LEFT_KNEE,0.021999627351760864,-0.4230533093214035,0.033138353377580594
1610,1.6,48,RIGHT_KNEE,-0.06224092841148382,-0.4052359312772751,0.11036009900271879
1611,1.6,48,LEFT_ANKLE,0.011432617902755737,-0.5454573482275009,0.2164295967668294
1612,1.6,48,RIGHT_ANKLE,-0.05237236618995672,-0.5387876480817795,0.3030151035636663
1613,1.6,48,LEFT_HEEL,0.009127527475357056,-0.5494996756315231,0.2345594819635152
1614,1.6,48,RIGHT_HEEL,-0.04077106714248663,-0.5484495013952255,0.3235076274722814
1615,1.6,48,LEFT_FOOT_INDEX,0.012628227472305298,-0.635621950030327,0.1606329437345265
1616,1.6,48,RIGHT_FOOT_INDEX,-0.07148432731628424,-0.6288695186376572,0.2681819107383489
1617,1.6333333333333333,49,NOSE,-0.001070752739906311,0.08956487476825717,-0.12610229663550854
1618,1.6333333333333333,49,LEFT_EYE_INNER,0.0073210448026657104,0.1111870706081391,-0.11564354412257666
1619,1.6333333333333333,49,LEFT_EYE,0.012339398264884949,0.11087878048419958,-0.11565796844661236
1620,1.6333333333333333,49,LEFT_EYE_OUTER,0.01610545814037323,0.1104032993316651,-0.11573155038058755
1621,1.6333333333333333,49,RIGHT_EYE_INNER,-0.008737817406654358,0.11173312366008759,-0.11415180377662174
1622,1.6333333333333333,49,RIGHT_EYE,-0.01363171637058258,0.11188852787017828,-0.11415536515414715
1623,1.6333333333333333,49,RIGHT_EYE_OUTER,-0.016665592789649963,0.1119774878025055,-0.11420289985835544
1624,1.6333333333333333,49,LEFT_EAR,0.022281333804130554,0.10288289189338687,-0.03951602987945074
1625,1.6333333333333333,49,RIGHT_EAR,-0.02048070728778839,0.10474972426891327,-0.03588298521935934
1626,1.6333333333333333,49,MOUTH_LEFT,0.008949026465415955,0.06929919123649597,-0.09608875028789043
1627,1.6333333333333333,49,MOUTH_RIGHT,-0.010253265500068665,0.06989827752113348,-0.09511805884540075
1628,1.6333333333333333,49,LEFT_SHOULDER,0.053784117102622986,-0.011534959077835027,-0.010766899213194847
1629,1.6333333333333333,49,RIGHT_SHOULDER,-0.05378411710262304,0.011534959077835083,0.010766899213194854
1630,1.6333333333333333,49,LEFT_ELBOW,0.0734395831823349,-0.1505003273487091,-0.013316703960299443
1631,1.6333333333333333,49,RIGHT_ELBOW,-0.10713247954845434,-0.07323500514030451,-0.05927675031125544
1632,1.6333333333333333,49,LEFT_WRIST,0.032630011439323425,-0.20528513193130493,-0.06447443924844265
1633,1.6333333333333333,49,RIGHT_WRIST,-0.03904707729816442,-0.08416920900344843,-0.17441621236503124
1634,1.6333333333333333,49,LEFT_PINKY,0.020935997366905212,-0.22644305229187012,-0.08023190312087536
1635,1.6333333333333333,49,RIGHT_PINKY,-0.018812373280525208,-0.10390287637710571,-0.19531820528209204
1636,1.6333333333333333,49,LEFT_INDEX,0.015648111701011658,-0.20371711254119873,-0.07449834607541554
1637,1.6333333333333333,49,RIGHT_INDEX,-0.008833423256874084,-0.0910231471061706,-0.17617308907210824
1638,1.6333333333333333,49,LEFT_THUMB,0.01789228618144989,-0.1937844157218933,-0.05937218479812145
1639,1.6333333333333333,49,RIGHT_THUMB,-0.012845948338508606,-0.08481746912002563,-0.16681630723178384
1640,1.6333333333333333,49,LEFT_HIP,0.017610594630241394,-0.2612243890762329,0.03610667865723376
1641,1.6333333333333333,49,RIGHT_HIP,-0.04725326597690582,-0.24800151586532593,0.05477633327245705
1642,1.6333333333333333,49,LEFT_KNEE,0.027745649218559265,-0.42669177055358887,-0.015889169648289646
1643,1.6333333333333333,49,RIGHT_KNEE,-0.06476758420467382,-0.40533697605133057,0.06446919962763785
1644,1.6333333333333333,49,LEFT_ANKLE,0.040133997797966,-0.5528296232223511,0.17164901085197926
1645,1.6333333333333333,49,RIGHT_ANKLE,-0.05237235128879553,-0.5396496057510376,0.2524191606789826
1646,1.6333333333333333,49,LEFT_HEEL,0.02447579801082611,-0.5606123208999634,0.18831493146717546
1647,1.6333333333333333,49,RIGHT_HEEL,-0.04148085415363312,-0.5492902994155884,0.2705801445990801
1648,1.6333333333333333,49,LEFT_FOOT_INDEX,0.024900242686271667,-0.6491864323616027,0.13029134459793565
1649,1.6333333333333333,49,RIGHT_FOOT_INDEX,-0.06983013451099396,-0.6333219408988952,0.21827043779194355
1650,1.6666666666666667,50,NOSE,-0.000996619462966919,0.08940804004669184,-0.1117651015520096
1651,1.6666666666666667,50,LEFT_EYE_INNER,0.007410317659378052,0.11088511347770685,-0.10298714041709899
1652,1.6666666666666667,50,LEFT_EYE,0.012422114610671997,0.11055536568164825,-0.10300615429878231
1653,1.6666666666666667,50,LEFT_EYE_OUTER,0.01618310809135437,0.11005017161369324,-0.10308910906314851
1654,1.6666666666666667,50,RIGHT_EYE_INNER,-0.008652180433273315,0.11147433519363403,-0.102060928940773
1655,1.6666666666666667,50,RIGHT_EYE,-0.01355406641960144,0.11167705059051514,-0.10206259787082671
1656,1.6666666666666667,50,RIGHT_EYE_OUTER,-0.01659342646598816,0.11180815100669855,-0.10212603211402889
1657,1.6666666666666667,50,LEFT_EAR,0.022360891103744507,0.10229811072349546,-0.034516163170337594
1658,1.6666666666666667,50,RIGHT_EAR,-0.020406872034072876,0.10461276769638056,-0.0335008725523948
1659,1.6666666666666667,50,MOUTH_LEFT,0.009005695581436157,0.06895853579044336,-0.08458229899406429
1660,1.6666666666666667,50,MOUTH_RIGHT,-0.010196775197982788,0.06963615119457245,-0.08434227108955379
1661,1.6666666666666667,50,LEFT_SHOULDER,0.0537048876285553,-0.01259566843509674,-0.009365759789943702
1662,1.6666666666666667,50,RIGHT_SHOULDER,-0.05370488762855535,0.01259566843509674,0.009365759789943702
1663,1.6666666666666667,50,LEFT_ELBOW,0.07302924990653992,-0.15141023695468908,-0.009180225431919098
1664,1.6666666666666667,50,RIGHT_ELBOW,-0.11013635993003845,-0.06508757174015045,-0.052796147763729095
1665,1.6666666666666667,50,LEFT_WRIST,0.031801074743270874,-0.20749868452548986,-0.057312928140163394
1666,1.6666666666666667,50,RIGHT_WRIST,-0.04179152846336365,-0.08430515229701996,-0.1534668505191803
1667,1.6666666666666667,50,LEFT_PINKY,0.0200212299823761,-0.22894020378589636,-0.07124278694391249
1668,1.6666666666666667,50,RIGHT_PINKY,-0.022176295518875122,-0.10511778295040136,-0.1702765524387359
1669,1.6666666666666667,50,LEFT_INDEX,0.015057116746902466,-0.2060870081186295,-0.06573347002267829
1670,1.6666666666666667,50,RIGHT_INDEX,-0.012783318758010864,-0.09189032018184667,-0.1514403074979782
1671,1.6666666666666667,50,LEFT_THUMB,0.017321914434432983,-0.19663418829441076,-0.0524373725056648
1672,1.6666666666666667,50,RIGHT_THUMB,-0.016497164964675903,-0.08557696640491486,-0.14549528062343597
1673,1.6666666666666667,50,LEFT_HIP,0.016519397497177124,-0.2621749788522721,0.031732814386487
1674,1.6666666666666667,50,RIGHT_HIP,-0.04700252413749695,-0.2492357641458512,0.0507675809785723
1675,1.6666666666666667,50,LEFT_KNEE,0.02675345540046692,-0.42877800762653356,0.0038548856973648
1676,1.6666666666666667,50,RIGHT_KNEE,-0.06264281272888184,-0.4072877317667008,0.0948673784732818
1677,1.6666666666666667,50,LEFT_ANKLE,0.03958979249000549,-0.5469377785921097,0.17436994612216938
1678,1.6666666666666667,50,RIGHT_ANKLE,-0.05316615104675293,-0.5404157787561417,0.2507079690694808
1679,1.6666666666666667,50,LEFT_HEEL,0.01869472861289978,-0.5600263625383377,0.18900620937347412
1680,1.6666666666666667,50,RIGHT_HEEL,-0.04242125153541565,-0.5502234250307083,0.2655225694179534
1681,1.6666666666666667,50,LEFT_FOOT_INDEX,0.022164911031723022,-0.6482825428247452,0.144906960427761
1682,1.6666666666666667,50,RIGHT_FOOT_INDEX,-0.06941562891006475,-0.6331544667482376,0.222400814294815
1683,1.7,51,NOSE,-0.0007369369268417358,0.089833214879036,-0.10612635686993602
1684,1.7,51,LEFT_EYE_INNER,0.007727876305580139,0.1112682670354844,-0.09679702296853071
1685,1.7,51,LEFT_EYE,0.012659266591072083,0.11094941198825839,-0.09681100025773051
1686,1.7,51,LEFT_EYE_OUTER,0.016385629773139954,0.11044515669345858,-0.0968840457499027
1687,1.7,51,RIGHT_EYE_INNER,-0.00833486020565033,0.11189624667167669,-0.0968066044151783
1688,1.7,51,RIGHT_EYE,-0.013272389769554138,0.11213468015193939,-0.0968109555542469
1689,1.7,51,RIGHT_EYE_OUTER,-0.016409799456596375,0.11228540539741519,-0.09688105061650282
1690,1.7,51,LEFT_EAR,0.022518649697303772,0.10251246392726898,-0.029387000948190696
1691,1.7,51,RIGHT_EAR,-0.02023528516292572,0.1050911247730256,-0.0326679013669491
1692,1.7,51,MOUTH_LEFT,0.009184494614601135,0.06919601559638977,-0.07973816618323329
1693,1.7,51,MOUTH_RIGHT,-0.009965941309928894,0.07002332806587219,-0.08072823658585551
1694,1.7,51,LEFT_SHOULDER,0.053688064217567444,-0.012724429368972778,-0.006893899291753804
1695,1.7,51,RIGHT_SHOULDER,-0.053688064217567444,0.012724429368972778,0.0068938992917538
1696,1.7,51,LEFT_ELBOW,0.07320268452167511,-0.1516622900962829,-0.008875764906406403
1697,1.7,51,RIGHT_ELBOW,-0.11539922654628754,-0.06279537081718439,-0.0537078715860844
1698,1.7,51,LEFT_WRIST,0.031276002526283264,-0.21004226803779602,-0.056351322680711795
1699,1.7,51,RIGHT_WRIST,-0.044523671269416865,-0.08335533738136292,-0.1398766674101353
1700,1.7,51,LEFT_PINKY,0.018968775868415833,-0.23243960738182068,-0.06858151033520701
1701,1.7,51,RIGHT_PINKY,-0.02384553849697113,-0.10552835464477539,-0.1533047147095204
1702,1.7,51,LEFT_INDEX,0.014104858040809631,-0.20939168334007263,-0.061214935034513494
1703,1.7,51,RIGHT_INDEX,-0.014615759253501892,-0.09329110383987421,-0.1324548907577992
1704,1.7,51,LEFT_THUMB,0.016471996903419495,-0.20047298073768616,-0.0506322719156742
1705,1.7,51,RIGHT_THUMB,-0.01815621554851532,-0.08635559678077692,-0.13040091469883922
1706,1.7,51,LEFT_HIP,0.016402915120124817,-0.2622937858104706,0.0278776800259948
1707,1.7,51,RIGHT_HIP,-0.04717765748500824,-0.2493744194507599,0.0470500253140925
1708,1.7,51,LEFT_KNEE,0.027392879128456116,-0.4291365444660187,0.0009231753647327007
1709,1.7,51,RIGHT_KNEE,-0.06346265971660614,-0.40685465931892395,0.0781969018280505
1710,1.7,51,LEFT_ANKLE,0.039619818329811096,-0.548195868730545,0.1377860419452189
1711,1.7,51,RIGHT_ANKLE,-0.05347852408885956,-0.541994720697403,0.2057957760989665
1712,1.7,51,LEFT_HEEL,0.021796956658363342,-0.5600344240665436,0.1484402529895305
1713,1.7,51,RIGHT_HEEL,-0.043492987751960754,-0.5507276356220245,0.2180355601012706
1714,1.7,51,LEFT_FOOT_INDEX,0.022775843739509583,-0.6470571458339691,0.106444951146841
1715,1.7,51,RIGHT_FOOT_INDEX,-0.06899319589138037,-0.6360434591770171,0.1776751689612865
1716,1.7333333333333334,52,NOSE,-0.0004066675901412964,0.09033563733100894,-0.10471298359334472
1717,1.7333333333333334,52,LEFT_EYE_INNER,0.00811709463596344,0.11164522171020513,-0.0950312968343496
1718,1.7333333333333334,52,LEFT_EYE,0.012985363602638245,0.11131484806537634,-0.0950479712337256
1719,1.7333333333333334,52,LEFT_EYE_OUTER,0.01668788492679596,0.11078651249408725,-0.09512205980718141
1720,1.7333333333333334,52,RIGHT_EYE_INNER,-0.007925435900688171,0.11237244307994843,-0.09521045349538332
1721,1.7333333333333334,52,RIGHT_EYE,-0.012886866927146912,0.11264853179454803,-0.09522566758096221
1722,1.7333333333333334,52,RIGHT_EYE_OUTER,-0.01610414683818817,0.11283572018146523,-0.09530769847333431
1723,1.7333333333333334,52,LEFT_EAR,0.022790148854255676,0.10277296602725983,-0.026880381628871
1724,1.7333333333333334,52,RIGHT_EAR,-0.019940897822380066,0.10590055584907535,-0.030910765752196305
1725,1.7333333333333334,52,MOUTH_LEFT,0.009468749165534973,0.06950375437736511,-0.0782928597182036
1726,1.7333333333333334,52,MOUTH_RIGHT,-0.00967995822429657,0.07061603665351873,-0.0795612093061209
1727,1.7333333333333334,52,LEFT_SHOULDER,0.053797975182533264,-0.012977033853530884,-0.0059023331850767
1728,1.7333333333333334,52,RIGHT_SHOULDER,-0.053797975182533264,0.01297703385353094,0.0059023331850767
1729,1.7333333333333334,52,LEFT_ELBOW,0.07329632341861725,-0.15224978327751154,-0.010536151006817797
1730,1.7333333333333334,52,RIGHT_ELBOW,-0.11791621148586273,-0.058927506208419744,-0.0585805680602789
1731,1.7333333333333334,52,LEFT_WRIST,0.030484333634376526,-0.21213772892951965,-0.0582379158586264
1732,1.7333333333333334,52,RIGHT_WRIST,-0.04657451808452606,-0.08316636085510254,-0.14676876924932
1733,1.7333333333333334,52,LEFT_PINKY,0.017751887440681458,-0.23497804999351501,-0.0698421876877546
1734,1.7333333333333334,52,RIGHT_PINKY,-0.025680705904960632,-0.10737347602844238,-0.16061844490468502
1735,1.7333333333333334,52,LEFT_INDEX,0.012920334935188293,-0.21262750029563904,-0.0623948778957129
1736,1.7333333333333334,52,RIGHT_INDEX,-0.016237065196037292,-0.09488928318023676,-0.13952360115945342
1737,1.7333333333333334,52,LEFT_THUMB,0.01545645296573639,-0.2038637101650238,-0.052366388961672804
1738,1.7333333333333334,52,RIGHT_THUMB,-0.019618555903434753,-0.08724129199981684,-0.13723956607282162
1739,1.7333333333333334,52,LEFT_HIP,0.016761675477027893,-0.26210835576057434,0.0264444537460804
1740,1.7333333333333334,52,RIGHT_HIP,-0.04731203615665436,-0.249784916639328,0.0450282171368598
1741,1.7333333333333334,52,LEFT_KNEE,0.0338263064622879,-0.42778608202934265,-0.010596046224236502
1742,1.7333333333333334,52,RIGHT_KNEE,-0.06485120952129364,-0.40648409724235535,0.057434013113379395
1743,1.7333333333333334,52,LEFT_ANKLE,0.04482145607471466,-0.5529533922672272,0.1256409529596566
1744,1.7333333333333334,52,RIGHT_ANKLE,-0.05295889079570776,-0.5432835519313812,0.1859692279249429
1745,1.7333333333333334,52,LEFT_HEEL,0.03158886730670929,-0.5612947046756744,0.1368132103234529
1746,1.7333333333333334,52,RIGHT_HEEL,-0.04339300096035004,-0.553986519575119,0.19812775589525689
1747,1.7333333333333334,52,LEFT_FOOT_INDEX,0.03074444830417633,-0.6469501554965973,0.09417870827019209
1748,1.7333333333333334,52,RIGHT_FOOT_INDEX,-0.06840477883815765,-0.6391345560550691,0.1579730380326509
1749,1.7666666666666666,53,NOSE,-0.00016383826732635498,0.09042416512966159,-0.10725019127130514
1750,1.7666666666666666,53,LEFT_EYE_INNER,0.008391454815864563,0.11160717904567719,-0.09720010310411456
1751,1.7666666666666666,53,LEFT_EYE,0.01323707401752472,0.11126390099525457,-0.09720956534147265
1752,1.7666666666666666,53,LEFT_EYE_OUTER,0.016930297017097473,0.11070017516613007,-0.09728311747312554
1753,1.7666666666666666,53,RIGHT_EYE_INNER,-0.00763760507106781,0.11249771714210519,-0.09739684313535696
1754,1.7666666666666666,53,RIGHT_EYE,-0.012604519724845886,0.11282154917716988,-0.09740033000707635
1755,1.7666666666666666,53,RIGHT_EYE_OUTER,-0.015853986144065857,0.11304731667041779,-0.09748531132936486
1756,1.7666666666666666,53,LEFT_EAR,0.02299429476261139,0.10253702104091647,-0.027815647423267448
1757,1.7666666666666666,53,RIGHT_EAR,-0.019687458872795105,0.10633513331413277,-0.03212858736515045
1758,1.7666666666666666,53,MOUTH_LEFT,0.00966598093509674,0.0693831741809845,-0.08036001771688465
1759,1.7666666666666666,53,MOUTH_RIGHT,-0.00945119559764862,0.07092219591140747,-0.08173913508653645
1760,1.7666666666666666,53,LEFT_SHOULDER,0.053733840584754944,-0.013478636741638128,-0.00757453590631485
1761,1.7666666666666666,53,RIGHT_SHOULDER,-0.053733840584755,0.013478636741638184,0.00757453590631485
1762,1.7666666666666666,53,LEFT_ELBOW,0.0733998566865921,-0.1531329452991485,-0.01341887563467025
1763,1.7666666666666666,53,RIGHT_ELBOW,-0.12105773389339447,-0.05405455827713013,-0.06241520494222645
1764,1.7666666666666666,53,LEFT_WRIST,0.029776528477668762,-0.21327826380729675,-0.06177143007516865
1765,1.7666666666666666,53,RIGHT_WRIST,-0.0507974773645401,-0.07820957899093622,-0.15613619238138204
1766,1.7666666666666666,53,LEFT_PINKY,0.01696057617664337,-0.23602727055549622,-0.07358597218990325
1767,1.7666666666666666,53,RIGHT_PINKY,-0.03096829354763031,-0.10794496536254883,-0.17026378959417346
1768,1.7666666666666666,53,LEFT_INDEX,0.012093737721443176,-0.21377471089363098,-0.06505783647298816
1769,1.7666666666666666,53,RIGHT_INDEX,-0.021018728613853455,-0.09544920921325684,-0.14774443954229355
1770,1.7666666666666666,53,LEFT_THUMB,0.014599159359931946,-0.20475706458091736,-0.05545882880687715
1771,1.7666666666666666,53,RIGHT_THUMB,-0.02344970405101776,-0.08668065071105951,-0.14623380452394494
1772,1.7666666666666666,53,LEFT_HIP,0.017110303044319153,-0.2623765766620636,0.026756105013191648
1773,1.7666666666666666,53,RIGHT_HIP,-0.047069177031517084,-0.25033172965049744,0.045605226419865946
1774,1.7666666666666666,53,LEFT_KNEE,0.0350927859544754,-0.41991469264030457,-0.00963753089308745
1775,1.7666666666666666,53,RIGHT_KNEE,-0.06846477091312408,-0.3977457582950592,0.06162730976939185
1776,1.7666666666666666,53,LEFT_ANKLE,0.045688286423683167,-0.553452879190445,0.13322723656892765
1777,1.7666666666666666,53,RIGHT_ANKLE,-0.0536455363035202,-0.5439319908618927,0.20339050143957124
1778,1.7666666666666666,53,LEFT_HEEL,0.031313374638557434,-0.5618298947811127,0.14509689062833775
1779,1.7666666666666666,53,RIGHT_HEEL,-0.0436166375875473,-0.5546305477619171,0.21716675907373414
1780,1.7666666666666666,53,LEFT_FOOT_INDEX,0.030878737568855286,-0.6455197632312775,0.10256583988666525
1781,1.7666666666666666,53,RIGHT_FOOT_INDEX,-0.06927992403507238,-0.639019340276718,0.17949206382036195
1782,1.8,54,NOSE,0.00022400915622711182,0.09105059504508975,-0.112124552950263
1783,1.8,54,LEFT_EYE_INNER,0.008855000138282776,0.11210530996322626,-0.1017931457608938
1784,1.8,54,LEFT_EYE,0.013628020882606506,0.11171062290668485,-0.10180299542844298
1785,1.8,54,LEFT_EYE_OUTER,0.017285481095314026,0.11105421185493466,-0.1018724497407675
1786,1.8,54,RIGHT_EYE_INNER,-0.007128164172172546,0.11324301362037656,-0.10179636441171169
1787,1.8,54,RIGHT_EYE,-0.012110695242881775,0.11346562206745145,-0.10180841945111749
1788,1.8,54,RIGHT_EYE_OUTER,-0.015469297766685486,0.11363950371742246,-0.10187872312963009
1789,1.8,54,LEFT_EAR,0.023287251591682434,0.10258232057094574,-0.030705993995070506
1790,1.8,54,RIGHT_EAR,-0.01929931342601776,0.10684758424758906,-0.0343258734792471
1791,1.8,54,MOUTH_LEFT,0.009982243180274963,0.06977027654647827,-0.08487582765519619
1792,1.8,54,MOUTH_RIGHT,-0.009119912981987,0.07176557183265686,-0.08602741919457918
1793,1.8,54,LEFT_SHOULDER,0.05342765152454376,-0.01387012004852295,-0.008092628791928298
1794,1.8,54,RIGHT_SHOULDER,-0.05342765152454382,0.01387012004852295,0.008092628791928298
1795,1.8,54,LEFT_ELBOW,0.07362134754657745,-0.15389952063560486,-0.010513199493289
1796,1.8,54,RIGHT_ELBOW,-0.12218637764453893,-0.05135390162467962,-0.062026364728808396
1797,1.8,54,LEFT_WRIST,0.030150726437568665,-0.21407303214073187,-0.046867785975336994
1798,1.8,54,RIGHT_WRIST,-0.05259789526462555,-0.06726619601249695,-0.16015752218663698
1799,1.8,54,LEFT_PINKY,0.017422392964363098,-0.23693719506263738,-0.0578464772552252
1800,1.8,54,RIGHT_PINKY,-0.033536955714225825,-0.09589481353759766,-0.1755494382232428
1801,1.8,54,LEFT_INDEX,0.012291625142097473,-0.21515813469886785,-0.0504891555756331
1802,1.8,54,RIGHT_INDEX,-0.024497315287590027,-0.08512729406356817,-0.1525634434074164
1803,1.8,54,LEFT_THUMB,0.014722302556037903,-0.2065077126026154,-0.0410176645964384
1804,1.8,54,RIGHT_THUMB,-0.026425108313560486,-0.07722976803779602,-0.15068616531789308
1805,1.8,54,LEFT_HIP,0.01749737560749054,-0.2623495757579804,0.0310696261003613
1806,1.8,54,RIGHT_HIP,-0.04639329016208654,-0.25094577670097357,0.049418594688177
1807,1.8,54,LEFT_KNEE,0.03591902554035187,-0.42195424437522894,0.0217731073498726
1808,1.8,54,RIGHT_KNEE,-0.06160835921764374,-0.39915302395820623,0.0961419921368359
1809,1.8,54,LEFT_ANKLE,0.04707701504230499,-0.5564594566822052,0.1528007928282021
1810,1.8,54,RIGHT_ANKLE,-0.0534236878156662,-0.5444294512271881,0.2256324235349893
1811,1.8,54,LEFT_HEEL,0.034687235951423645,-0.5635622441768646,0.1649256292730569
1812,1.8,54,RIGHT_HEEL,-0.04369087517261511,-0.5551759302616119,0.2408301476389169
1813,1.8,54,LEFT_FOOT_INDEX,0.03218109905719757,-0.6464379131793976,0.11932416446506969
1814,1.8,54,RIGHT_FOOT_INDEX,-0.06866978108882904,-0.6418631374835968,0.1959393266588448
1815,1.8333333333333333,55,NOSE,0.0005688667297363281,0.09195899963378912,-0.11505345255136486
1816,1.8333333333333333,55,LEFT_EYE_INNER,0.00923609733581543,0.11297202110290533,-0.10474727302789684
1817,1.8333333333333333,55,LEFT_EYE,0.013920009136199951,0.11246442794799813,-0.10475737601518624
1818,1.8333333333333333,55,LEFT_EYE_OUTER,0.017510414123535156,0.11164346337318423,-0.10482161492109295
1819,1.8333333333333333,55,RIGHT_EYE_INNER,-0.006690621376037598,0.11433622241020203,-0.10435358434915544
1820,1.8333333333333333,55,RIGHT_EYE,-0.011702299118041992,0.11441700160503393,-0.10436706990003584
1821,1.8333333333333333,55,RIGHT_EYE_OUTER,-0.015196084976196289,0.11450548470020303,-0.10443059355020524
1822,1.8333333333333333,55,LEFT_EAR,0.023465633392333984,0.10296957194805154,-0.033499747514724745
1823,1.8333333333333333,55,RIGHT_EAR,-0.019063293933868408,0.10757945477962502,-0.03601933270692825
1824,1.8333333333333333,55,MOUTH_LEFT,0.010180413722991943,0.07030591368675232,-0.08784552663564675
1825,1.8333333333333333,55,MOUTH_RIGHT,-0.008865714073181152,0.07278649508953103,-0.08864019066095345
1826,1.8333333333333333,55,LEFT_SHOULDER,0.05348783731460571,-0.014181762933731079,-0.009442687034606947
1827,1.8333333333333333,55,RIGHT_SHOULDER,-0.05348783731460571,0.014181762933731135,0.009442687034606947
1828,1.8333333333333333,55,LEFT_ELBOW,0.07337206602096558,-0.15545791387557978,-0.010674998164176948
1829,1.8333333333333333,55,RIGHT_ELBOW,-0.12484905123710632,-0.05328246951103205,-0.06260177493095395
1830,1.8333333333333333,55,LEFT_WRIST,0.029316961765289307,-0.21497711539268494,-0.044176548719406045
1831,1.8333333333333333,55,RIGHT_WRIST,-0.053171575069427546,-0.0583990216255188,-0.16130214184522623
1832,1.8333333333333333,55,LEFT_PINKY,0.016583800315856934,-0.23714640736579895,-0.05600659549236295
1833,1.8333333333333333,55,RIGHT_PINKY,-0.033638834953308105,-0.08567279577255249,-0.17675166577100754
1834,1.8333333333333333,55,LEFT_INDEX,0.011513352394104004,-0.21516653895378113,-0.048714503645896856
1835,1.8333333333333333,55,RIGHT_INDEX,-0.024481594562530518,-0.07560917735099787,-0.15273251384496683
1836,1.8333333333333333,55,LEFT_THUMB,0.01392054557800293,-0.2065620720386505,-0.03839246183633804
1837,1.8333333333333333,55,RIGHT_THUMB,-0.026626884937286377,-0.06763339042663569,-0.15164960175752634
1838,1.8333333333333333,55,LEFT_HIP,0.017765700817108154,-0.26226189732551575,0.03153448179364205
1839,1.8333333333333333,55,RIGHT_HIP,-0.04443174600601202,-0.25131210684776306,0.05054420325905075
1840,1.8333333333333333,55,LEFT_KNEE,0.03158676624298096,-0.43123164772987366,0.03884736867621545
1841,1.8333333333333333,55,RIGHT_KNEE,-0.05927044153213501,-0.4025858938694,0.12126444280147546
1842,1.8333333333333333,55,LEFT_ANKLE,0.04441577196121216,-0.5566165149211884,0.16592325270175926
1843,1.8333333333333333,55,RIGHT_ANKLE,-0.053997159004211426,-0.5447604358196259,0.24751981347799296
1844,1.8333333333333333,55,LEFT_HEEL,0.03318256139755249,-0.5678194463253021,0.17330840975046152
1845,1.8333333333333333,55,RIGHT_HEEL,-0.043897032737731934,-0.5555795133113861,0.25931426137685776
1846,1.8333333333333333,55,LEFT_FOOT_INDEX,0.02967524528503418,-0.6470507085323334,0.13073179870843885
1847,1.8333333333333333,55,RIGHT_FOOT_INDEX,-0.06956928968429571,-0.6400024592876435,0.21843982487916946
1848,1.8666666666666667,56,NOSE,0.0009574294090270996,0.09269320964813232,-0.1182021945714951
1849,1.8666666666666667,56,LEFT_EYE_INNER,0.00960850715637207,0.11380897462368011,-0.10735751688480379
1850,1.8666666666666667,56,LEFT_EYE,0.014255523681640625,0.11322267353534701,-0.1073674261569977
1851,1.8666666666666667,56,LEFT_EYE_OUTER,0.01782912015914917,0.11233709752559662,-0.1074291914701462
1852,1.8666666666666667,56,RIGHT_EYE_INNER,-0.006310760974884033,0.11525952816009521,-0.1070185899734497
1853,1.8666666666666667,56,RIGHT_EYE,-0.011349320411682129,0.11526343226432803,-0.10702964663505558
1854,1.8666666666666667,56,RIGHT_EYE_OUTER,-0.0148811936378479,0.11528109014034271,-0.10708841681480409
1855,1.8666666666666667,56,LEFT_EAR,0.0237656831741333,0.10353222489357003,-0.03293744474649429
1856,1.8666666666666667,56,RIGHT_EAR,-0.018774211406707764,0.10819973051548012,-0.0362059623003006
1857,1.8666666666666667,56,MOUTH_LEFT,0.010488450527191162,0.07083286345005041,-0.09021593630313869
1858,1.8666666666666667,56,MOUTH_RIGHT,-0.008533179759979248,0.07339581847190862,-0.09095013141632079
1859,1.8666666666666667,56,LEFT_SHOULDER,0.05379974842071533,-0.014396890997886658,-0.009577892720699296
1860,1.8666666666666667,56,RIGHT_SHOULDER,-0.05379974842071533,0.014396890997886713,0.009577892720699303
1861,1.8666666666666667,56,LEFT_ELBOW,0.07218927145004272,-0.16019208729267115,-0.0128691121935844
1862,1.8666666666666667,56,RIGHT_ELBOW,-0.12619426846504211,-0.05511726438999176,-0.07150519639253619
1863,1.8666666666666667,56,LEFT_WRIST,0.027498900890350342,-0.21529187262058258,-0.056212179362773895
1864,1.8666666666666667,56,RIGHT_WRIST,-0.05542495846748352,-0.05233334004878998,-0.1769547015428543
1865,1.8666666666666667,56,LEFT_PINKY,0.014593541622161865,-0.2366095930337906,-0.0674418061971664
1866,1.8666666666666667,56,RIGHT_PINKY,-0.034898459911346436,-0.07617147266864777,-0.19424322247505188
1867,1.8666666666666667,56,LEFT_INDEX,0.010148465633392334,-0.21433402597904205,-0.056908667087554904
1868,1.8666666666666667,56,RIGHT_INDEX,-0.02628272771835327,-0.06252734363079065,-0.1631808876991272
1869,1.8666666666666667,56,LEFT_THUMB,0.012664854526519775,-0.20601023733615875,-0.04988539218902589
1870,1.8666666666666667,56,RIGHT_THUMB,-0.029097378253936768,-0.055257514119148254,-0.1654463112354279
1871,1.8666666666666667,56,LEFT_HIP,0.017953574657440186,-0.26150234043598175,0.031968986615538604
1872,1.8666666666666667,56,RIGHT_HIP,-0.04410657286643982,-0.25095756351947784,0.0508246477693318
1873,1.8666666666666667,56,LEFT_KNEE,0.03191113471984863,-0.43181486427783966,0.0348549908958376
1874,1.8666666666666667,56,RIGHT_KNEE,-0.06397813558578491,-0.4022420197725296,0.0810727700591086
1875,1.8666666666666667,56,LEFT_ANKLE,0.04126161336898804,-0.5510385185480118,0.16339112073183049
1876,1.8666666666666667,56,RIGHT_ANKLE,-0.054406195878982544,-0.5441053658723831,0.2206322699785232
1877,1.8666666666666667,56,LEFT_HEEL,0.030848681926727295,-0.5665794163942337,0.1741241961717605
1878,1.8666666666666667,56,RIGHT_HEEL,-0.044388413429260254,-0.5550863891839981,0.2341694980859756
1879,1.8666666666666667,56,LEFT_FOOT_INDEX,0.027653634548187256,-0.6437888890504838,0.1279276981949805
1880,1.8666666666666667,56,RIGHT_FOOT_INDEX,-0.06916952133178711,-0.64039446413517,0.1902108490467071
1881,1.9,57,NOSE,0.0013613998889923096,0.09345789253711706,-0.11947746388614175
1882,1.9,57,LEFT_EYE_INNER,0.010072022676467896,0.11460110545158386,-0.10841296426951885
1883,1.9,57,LEFT_EYE,0.014676421880722046,0.11394846439361578,-0.10842378251254556
1884,1.9,57,LEFT_EYE_OUTER,0.01823553442955017,0.11298309266567236,-0.10848867706954474
1885,1.9,57,RIGHT_EYE_INNER,-0.005868643522262573,0.11609347164630895,-0.10823689214885235
1886,1.9,57,RIGHT_EYE,-0.010942250490188599,0.11604654788970947,-0.10824665240943435
1887,1.9,57,RIGHT_EYE_OUTER,-0.014505952596664429,0.11604246497154236,-0.10830335132777694
1888,1.9,57,LEFT_EAR,0.024144083261489868,0.10397608578205117,-0.03209272585809225
1889,1.9,57,RIGHT_EAR,-0.01841875910758972,0.10888475179672247,-0.03677177242934705
1890,1.9,57,MOUTH_LEFT,0.01085469126701355,0.07149788737297058,-0.09116771630942824
1891,1.9,57,MOUTH_RIGHT,-0.008156448602676392,0.07418103516101837,-0.09181722812354565
1892,1.9,57,LEFT_SHOULDER,0.05413094162940979,-0.01468288898468012,-0.009281149134039844
1893,1.9,57,RIGHT_SHOULDER,-0.054130941629409846,0.014682888984680176,0.009281149134039851
1894,1.9,57,LEFT_ELBOW,0.07198217511177063,-0.16171666979789734,-0.013024246320128448
1895,1.9,57,RIGHT_ELBOW,-0.12672892212867737,-0.05721637606620783,-0.08147907070815565
1896,1.9,57,LEFT_WRIST,0.026113420724868774,-0.21508923172950745,-0.05702549032866955
1897,1.9,57,RIGHT_WRIST,-0.05744281411170965,-0.044427722692489624,-0.18712641112506384
1898,1.9,57,LEFT_PINKY,0.012895137071609497,-0.23603233695030212,-0.06959250383079055
1899,1.9,57,RIGHT_PINKY,-0.03575617074966436,-0.06498751044273371,-0.20583686046302316
1900,1.9,57,LEFT_INDEX,0.008374184370040894,-0.21333232522010803,-0.06074254773557185
1901,1.9,57,RIGHT_INDEX,-0.027386635541915894,-0.05250540375709534,-0.17538338713347915
1902,1.9,57,LEFT_THUMB,0.010972589254379272,-0.20538797974586487,-0.05094193480908865
1903,1.9,57,RIGHT_THUMB,-0.030845493078231867,-0.04470613598823542,-0.17595642618834975
1904,1.9,57,LEFT_HIP,0.017934173345565796,-0.261140376329422,0.033665125258266954
1905,1.9,57,RIGHT_HIP,-0.04375144839286804,-0.2506939470767975,0.050292420201003454
1906,1.9,57,LEFT_KNEE,0.031984299421310425,-0.43151769042015076,0.030649563297629353
1907,1.9,57,RIGHT_KNEE,-0.06463560461997986,-0.40256717801094055,0.08217623271048066
1908,1.9,57,LEFT_ANKLE,0.040552228689193726,-0.55069699883461,0.17300017364323136
1909,1.9,57,RIGHT_ANKLE,-0.05453753471374512,-0.5436865985393524,0.22473894245922554
1910,1.9,57,LEFT_HEEL,0.029770344495773315,-0.5654124915599823,0.18418200500309465
1911,1.9,57,RIGHT_HEEL,-0.04601845145225525,-0.5545368492603302,0.23894776590168465
1912,1.9,57,LEFT_FOOT_INDEX,0.027939289808273315,-0.6433608829975128,0.13315085507929314
1913,1.9,57,RIGHT_FOOT_INDEX,-0.06978598237037664,-0.6350671350955964,0.19620159454643715
1914,1.9333333333333331,58,NOSE,0.0016095638275146484,0.09394416213035586,-0.11932067200541495
1915,1.9333333333333331,58,LEFT_EYE_INNER,0.010351777076721191,0.11500284075737005,-0.10863849148154266
1916,1.9333333333333331,58,LEFT_EYE,0.014956176280975342,0.11428411304950717,-0.10865018889307974
1917,1.9333333333333331,58,LEFT_EYE_OUTER,0.018511712551116943,0.11328473687171936,-0.10871532186865805
1918,1.9333333333333331,58,RIGHT_EYE_INNER,-0.005589783191680908,0.11662483215332037,-0.10812376067042355
1919,1.9333333333333331,58,RIGHT_EYE,-0.010664761066436768,0.11660180985927585,-0.10813493654131896
1920,1.9333333333333331,58,RIGHT_EYE_OUTER,-0.014228403568267822,0.11659537255764016,-0.10819702968001364
1921,1.9333333333333331,58,LEFT_EAR,0.024401724338531494,0.10421456396579745,-0.03269977495074275
1922,1.9333333333333331,58,RIGHT_EAR,-0.01816534996032715,0.10945701599121097,-0.036833781749010155
1923,1.9333333333333331,58,MOUTH_LEFT,0.011015117168426514,0.07203336060047155,-0.09060930833220486
1924,1.9333333333333331,58,MOUTH_RIGHT,-0.007940232753753662,0.07491730153560647,-0.09214169904589654
1925,1.9333333333333331,58,LEFT_SHOULDER,0.05427670478820801,-0.014832213521003723,-0.009199064224958454
1926,1.9333333333333331,58,RIGHT_SHOULDER,-0.05427670478820801,0.014832213521003779,0.009199064224958448
1927,1.9333333333333331,58,LEFT_ELBOW,0.07217240333557129,-0.16219492256641382,-0.015259623527526855
1928,1.9333333333333331,58,RIGHT_ELBOW,-0.1268922090530396,-0.05749125778675074,-0.08336189016699795
1929,1.9333333333333331,58,LEFT_WRIST,0.026125013828277588,-0.2150537520647049,-0.05768375471234326
1930,1.9333333333333331,58,RIGHT_WRIST,-0.05927622318267822,-0.040203407406806946,-0.19125948473811155
1931,1.9333333333333331,58,LEFT_PINKY,0.012522876262664795,-0.2356947809457779,-0.06997268274426466
1932,1.9333333333333331,58,RIGHT_PINKY,-0.038982868194580134,-0.05619557201862335,-0.21105615422129637
1933,1.9333333333333331,58,LEFT_INDEX,0.007853209972381592,-0.21285618841648102,-0.061385106295347255
1934,1.9333333333333331,58,RIGHT_INDEX,-0.03029593825340271,-0.04112540185451502,-0.18097740039229393
1935,1.9333333333333331,58,LEFT_THUMB,0.010545492172241211,-0.2050098329782486,-0.051239605993032455
1936,1.9333333333333331,58,RIGHT_THUMB,-0.033689677715301514,-0.03478936851024622,-0.18032878264784813
1937,1.9333333333333331,58,LEFT_HIP,0.018220603466033936,-0.260941281914711,0.034614613279700245
1938,1.9333333333333331,58,RIGHT_HIP,-0.04342234134674072,-0.2506854087114334,0.050696434453129643
1939,1.9333333333333331,58,LEFT_KNEE,0.030821025371551514,-0.43100394308567047,0.033020555973052944
1940,1.9333333333333331,58,RIGHT_KNEE,-0.06394490599632263,-0.40260787308216095,0.08584175631403915
1941,1.9333333333333331,58,LEFT_ANKLE,0.04012787342071533,-0.5506025105714798,0.18025441840291012
1942,1.9333333333333331,58,RIGHT_ANKLE,-0.05487406253814703,-0.5434813052415848,0.22811614349484433
1943,1.9333333333333331,58,LEFT_HEEL,0.028874576091766357,-0.565034344792366,0.19189025834202755
1944,1.9333333333333331,58,RIGHT_HEEL,-0.0473780632019043,-0.5543216615915298,0.24192642048001273
1945,1.9333333333333331,58,LEFT_FOOT_INDEX,0.027471303939819336,-0.6428091675043105,0.13929742947220794
1946,1.9333333333333331,58,RIGHT_FOOT_INDEX,-0.07021674513816833,-0.6323595196008681,0.19960390403866757
1947,1.9666666666666663,59,NOSE,0.0018357783555984497,0.09417283535003662,-0.1198377814143896
1948,1.9666666666666663,59,LEFT_EYE_INNER,0.010644152760505676,0.11520229279994973,-0.10885832272469999
1949,1.9666666666666663,59,LEFT_EYE,0.01524306833744049,0.11442880332469943,-0.10887079499661921
1950,1.9666666666666663,59,LEFT_EYE_OUTER,0.018799439072608948,0.11341355741024023,-0.10894048772752281
1951,1.9666666666666663,59,RIGHT_EYE_INNER,-0.005315050482749939,0.11689296364784241,-0.10856550000607969
1952,1.9666666666666663,59,RIGHT_EYE,-0.01041083037853241,0.11685109138488772,-0.1085750069469213
1953,1.9666666666666663,59,RIGHT_EYE_OUTER,-0.013952717185020447,0.1168465316295624,-0.1086340602487325
1954,1.9666666666666663,59,LEFT_EAR,0.024623170495033264,0.10424439609050751,-0.0329987984150648
1955,1.9666666666666663,59,RIGHT_EAR,-0.017942771315574646,0.10976085066795352,-0.0368784051388502
1956,1.9666666666666663,59,MOUTH_LEFT,0.011167243123054504,0.07227887213230133,-0.09111099503934379
1957,1.9666666666666663,59,MOUTH_RIGHT,-0.00775580108165741,0.07514636218547821,-0.0924050118774175
1958,1.9666666666666663,59,LEFT_SHOULDER,0.05427701771259308,-0.01504574716091156,-0.0091813448816538
1959,1.9666666666666663,59,RIGHT_SHOULDER,-0.05427701771259308,0.015045747160911616,0.0091813448816538
1960,1.9666666666666663,59,LEFT_ELBOW,0.07256229221820831,-0.16205866634845728,-0.015037940815091098
1961,1.9666666666666663,59,RIGHT_ELBOW,-0.12639276683330541,-0.062075540423393194,-0.0818584095686674
1962,1.9666666666666663,59,LEFT_WRIST,0.02640374004840851,-0.21487639844417572,-0.056273369118571295
1963,1.9666666666666663,59,RIGHT_WRIST,-0.05929003655910492,-0.03898189961910248,-0.1885539200156927
1964,1.9666666666666663,59,LEFT_PINKY,0.012485578656196594,-0.23530058562755585,-0.0687738861888647
1965,1.9666666666666663,59,RIGHT_PINKY,-0.03935296833515173,-0.05233992636203766,-0.20781517587602139
1966,1.9666666666666663,59,LEFT_INDEX,0.0076955705881118774,-0.21245329082012177,-0.060414111241698196
1967,1.9666666666666663,59,RIGHT_INDEX,-0.030378594994544983,-0.037318274378776495,-0.17940016649663448
1968,1.9666666666666663,59,LEFT_THUMB,0.010410621762275696,-0.20456378161907196,-0.0500874277204275
1969,1.9666666666666663,59,RIGHT_THUMB,-0.03351770341396332,-0.031577274203300476,-0.1779521163552999
1970,1.9666666666666663,59,LEFT_HIP,0.01828308403491974,-0.26107822358608246,0.0353346494957805
1971,1.9666666666666663,59,RIGHT_HIP,-0.04318343102931982,-0.25221918523311615,0.050741733983159
1972,1.9666666666666663,59,LEFT_KNEE,0.031191304326057434,-0.4306056350469589,0.0345982071012259
1973,1.9666666666666663,59,RIGHT_KNEE,-0.06334720551967621,-0.40296028554439545,0.1038479674607515
1974,1.9666666666666663,59,LEFT_ANKLE,0.04353310167789459,-0.5529685467481613,0.1878827754408121
1975,1.9666666666666663,59,RIGHT_ANKLE,-0.054981634020805414,-0.5433216542005539,0.247233310714364
1976,1.9666666666666663,59,LEFT_HEEL,0.02865476906299591,-0.5646139234304428,0.2006243709474802
1977,1.9666666666666663,59,RIGHT_HEEL,-0.04773451387882233,-0.5540731996297836,0.2610734794288873
1978,1.9666666666666663,59,LEFT_FOOT_INDEX,0.02780778706073761,-0.6424749940633775,0.1540279407054185
1979,1.9666666666666663,59,RIGHT_FOOT_INDEX,-0.070481076836586,-0.6311868280172347,0.21868113614618773
1980,2.0,60,NOSE,0.00201299786567688,0.09436541795730594,-0.12481309846043595
1981,2.0,60,LEFT_EYE_INNER,0.010849744081497192,0.11539880931377414,-0.11205107346177107
1982,2.0,60,LEFT_EYE,0.015447646379470825,0.11460626125335693,-0.11205962672829636
1983,2.0,60,LEFT_EYE_OUTER,0.019004732370376587,0.11358751356601715,-0.11213274672627455
1984,2.0,60,RIGHT_EYE_INNER,-0.005141526460647583,0.11708210408687594,-0.11237946525216105
1985,2.0,60,RIGHT_EYE,-0.010267466306686401,0.11703641712665563,-0.11239104345440865
1986,2.0,60,RIGHT_EYE_OUTER,-0.013795405626296997,0.11703932285308843,-0.11244024708867076
1987,2.0,60,LEFT_EAR,0.024801045656204224,0.10433419048786163,-0.03331155702471735
1988,2.0,60,RIGHT_EAR,-0.017828553915023804,0.10995313525199893,-0.037926439195871346
1989,2.0,60,MOUTH_LEFT,0.01135149598121643,0.07245361804962164,-0.09499572589993485
1990,2.0,60,MOUTH_RIGHT,-0.007602006196975708,0.07531808316707614,-0.09686017408967026
1991,2.0,60,LEFT_SHOULDER,0.05430033802986145,-0.015187233686447144,-0.009106982499361052
1992,2.0,60,RIGHT_SHOULDER,-0.054300338029861506,0.015187233686447144,0.009106982499361052
1993,2.0,60,LEFT_ELBOW,0.07280144095420837,-0.16234320402145386,-0.01715258881449705
1994,2.0,60,RIGHT_ELBOW,-0.12573465704917913,-0.06674212217330927,-0.08538526669144636
1995,2.0,60,LEFT_WRIST,0.026598721742630005,-0.21511170268058777,-0.06323892250657084
1996,2.0,60,RIGHT_WRIST,-0.058973222970962524,-0.036578088998794556,-0.19664916768670085
1997,2.0,60,LEFT_PINKY,0.01255086064338684,-0.2351107895374298,-0.07673932239413264
1998,2.0,60,RIGHT_PINKY,-0.03913396596908569,-0.048735201358795166,-0.21680955961346635
1999,2.0,60,LEFT_INDEX,0.007786542177200317,-0.2121124565601349,-0.06740030273795136
2000,2.0,60,RIGHT_INDEX,-0.03016534447669983,-0.03291937708854675,-0.18651080504059794
2001,2.0,60,LEFT_THUMB,0.010436922311782837,-0.20445719361305237,-0.05706769600510605
2002,2.0,60,RIGHT_THUMB,-0.033196002244949396,-0.02790847420692444,-0.18550508096814156
2003,2.0,60,LEFT_HIP,0.018114954233169556,-0.26101985573768616,0.03550621354952455
2004,2.0,60,RIGHT_HIP,-0.0431671142578125,-0.2525578439235687,0.05087556783109895
2005,2.0,60,LEFT_KNEE,0.03530648350715637,-0.4300093948841095,0.02625842951238155
2006,2.0,60,RIGHT_KNEE,-0.06524533033370972,-0.4008430540561676,0.09256544709205615
2007,2.0,60,LEFT_ANKLE,0.04432329535484314,-0.5516691505908966,0.19229314848780624
2008,2.0,60,RIGHT_ANKLE,-0.055039495229721125,-0.5434378683567047,0.24943072721362106
2009,2.0,60,LEFT_HEEL,0.028491050004959106,-0.5638780295848846,0.20726917311549176
2010,2.0,60,RIGHT_HEEL,-0.04782703518867493,-0.5519843995571136,0.265045803040266
2011,2.0,60,LEFT_FOOT_INDEX,0.02742031216621399,-0.6386801898479462,0.16045701131224624
2012,2.0,60,RIGHT_FOOT_INDEX,-0.0705836713314057,-0.6309371888637544,0.22136973962187753
2013,2.033333333333333,61,NOSE,0.0020553916692733765,0.09440788626670837,-0.12450383044779305
2014,2.033333333333333,61,LEFT_EYE_INNER,0.011029943823814392,0.11545284092426306,-0.11203550733625885
2015,2.033333333333333,61,LEFT_EYE,0.01562713086605072,0.11458477377891546,-0.11203610338270666
2016,2.033333333333333,61,LEFT_EYE_OUTER,0.019191905856132507,0.11352792382240295,-0.11210764385759835
2017,2.033333333333333,61,RIGHT_EYE_INNER,-0.005101993680000305,0.11720176041126257,-0.11267469264566894
2018,2.033333333333333,61,RIGHT_EYE,-0.010249808430671692,0.11715283989906317,-0.11269208230078225
2019,2.033333333333333,61,RIGHT_EYE_OUTER,-0.01369871199131012,0.11716187000274667,-0.11274472810328005
2020,2.033333333333333,61,LEFT_EAR,0.024878427386283875,0.10416136682033547,-0.03335426189005375
2021,2.033333333333333,61,RIGHT_EAR,-0.017786577343940735,0.11003245413303375,-0.03958194144070144
2022,2.033333333333333,61,MOUTH_LEFT,0.011453315615653992,0.07243095338344574,-0.09507201053202154
2023,2.033333333333333,61,MOUTH_RIGHT,-0.007570639252662659,0.07537595927715307,-0.09704611636698245
2024,2.033333333333333,61,LEFT_SHOULDER,0.05427198112010956,-0.015261158347129822,-0.009433100000023849
2025,2.033333333333333,61,RIGHT_SHOULDER,-0.054271981120109614,0.015261158347129877,0.009433100000023849
2026,2.033333333333333,61,LEFT_ELBOW,0.07297085225582123,-0.16228170692920685,-0.021839054301381153
2027,2.033333333333333,61,RIGHT_ELBOW,-0.12520895898342133,-0.06887336075305933,-0.08315693773329254
2028,2.033333333333333,61,LEFT_WRIST,0.026626989245414734,-0.21601136028766632,-0.07638199068605904
2029,2.033333333333333,61,RIGHT_WRIST,-0.05798496305942541,-0.03508101403713226,-0.18974406458437443
2030,2.033333333333333,61,LEFT_PINKY,0.01273469626903534,-0.23603393137454987,-0.08998771943151955
2031,2.033333333333333,61,RIGHT_PINKY,-0.038100764155387934,-0.04657833278179163,-0.20845068432390695
2032,2.033333333333333,61,LEFT_INDEX,0.0077310651540756226,-0.21261073648929596,-0.07957811094820504
2033,2.033333333333333,61,RIGHT_INDEX,-0.029164358973503113,-0.032426133751869146,-0.17880513705313206
2034,2.033333333333333,61,LEFT_THUMB,0.010183081030845642,-0.20556803047657013,-0.06990616954863076
2035,2.033333333333333,61,RIGHT_THUMB,-0.032096996903419495,-0.02758030593395233,-0.17830870486795902
2036,2.033333333333333,61,LEFT_HIP,0.01832924783229828,-0.2608581930398941,0.04205143451690675
2037,2.033333333333333,61,RIGHT_HIP,-0.04293645918369293,-0.2520013600587845,0.05992365907877675
2038,2.033333333333333,61,LEFT_KNEE,0.04210518300533295,-0.429204061627388,0.013412358239293154
2039,2.033333333333333,61,RIGHT_KNEE,-0.07119522988796234,-0.38000310957431793,0.07872162945568555
2040,2.033333333333333,61,LEFT_ANKLE,0.04492799937725067,-0.551464632153511,0.17542861960828293
2041,2.033333333333333,61,RIGHT_ANKLE,-0.0560317188501358,-0.5336117297410965,0.23505680821835984
2042,2.033333333333333,61,LEFT_HEEL,0.02855108678340912,-0.5635684877634048,0.18977043591439713
2043,2.033333333333333,61,RIGHT_HEEL,-0.047393277287483215,-0.5470771342515945,0.25086598657071585
2044,2.033333333333333,61,LEFT_FOOT_INDEX,0.027397140860557556,-0.6379103809595109,0.14625169150531286
2045,2.033333333333333,61,RIGHT_FOOT_INDEX,-0.0713069885969162,-0.6211562305688857,0.21648449264466757
2046,2.066666666666667,62,NOSE,0.0022359639406204224,0.09446877241134644,-0.11916225031018261
2047,2.066666666666667,62,LEFT_EYE_INNER,0.011204734444618225,0.11552330851554873,-0.1060836799442768
2048,2.066666666666667,62,LEFT_EYE,0.015851572155952454,0.11464603245258334,-0.10608546808362011
2049,2.066666666666667,62,LEFT_EYE_OUTER,0.019378677010536194,0.11357760429382324,-0.10614747181534771
2050,2.066666666666667,62,RIGHT_EYE_INNER,-0.0049240440130233765,0.11725890636444095,-0.1068017967045307
2051,2.066666666666667,62,RIGHT_EYE,-0.010079845786094666,0.11720961332321173,-0.10681577399373059
2052,2.066666666666667,62,RIGHT_EYE_OUTER,-0.01344059407711029,0.11722284555435183,-0.1068695671856403
2053,2.066666666666667,62,LEFT_EAR,0.02501751482486725,0.10415662825107574,-0.028642673045396805
2054,2.066666666666667,62,RIGHT_EAR,-0.017646178603172302,0.11005479097366333,-0.034865211695432705
2055,2.066666666666667,62,MOUTH_LEFT,0.011652961373329163,0.07249575853347784,-0.09072150662541391
2056,2.066666666666667,62,MOUTH_RIGHT,-0.007340654730796814,0.07542058825492864,-0.09268965199589731
2057,2.066666666666667,62,LEFT_SHOULDER,0.054056599736213684,-0.015294283628463745,-0.009958412498235703
2058,2.066666666666667,62,RIGHT_SHOULDER,-0.054056599736213684,0.015294283628463745,0.009958412498235699
2059,2.066666666666667,62,LEFT_ELBOW,0.07315535843372345,-0.162155419588089,-0.029957834631204605
2060,2.066666666666667,62,RIGHT_ELBOW,-0.12435536086559301,-0.06980323791503906,-0.0885090716183186
2061,2.066666666666667,62,LEFT_WRIST,0.026845350861549377,-0.21597960591316223,-0.0820805244147778
2062,2.066666666666667,62,RIGHT_WRIST,-0.057151988148689326,-0.03532937169075007,-0.18950432911515241
2063,2.066666666666667,62,LEFT_PINKY,0.013211503624916077,-0.23635408282279968,-0.0960283018648624
2064,2.066666666666667,62,RIGHT_PINKY,-0.03717942535877233,-0.04823291301727295,-0.20722882822155952
2065,2.066666666666667,62,LEFT_INDEX,0.007805421948432922,-0.2128233015537262,-0.08768345788121219
2066,2.066666666666667,62,RIGHT_INDEX,-0.027806207537651062,-0.03664827346801758,-0.176122535020113
2067,2.066666666666667,62,LEFT_THUMB,0.01002289354801178,-0.20590254664421082,-0.0761393047869205
2068,2.066666666666667,62,RIGHT_THUMB,-0.030569508671760615,-0.031029462814331055,-0.17741971090435982
2069,2.066666666666667,62,LEFT_HIP,0.01868392527103424,-0.2604846656322479,0.0310295093804598
2070,2.066666666666667,62,RIGHT_HIP,-0.042532309889793396,-0.2519286572933197,0.0493783550336956
2071,2.066666666666667,62,LEFT_KNEE,0.04805375635623932,-0.43068477511405945,-0.015748240053653703
2072,2.066666666666667,62,RIGHT_KNEE,-0.07182662189006811,-0.3842330276966095,0.0449905106797813
2073,2.066666666666667,62,LEFT_ANKLE,0.04941083490848541,-0.5579356849193573,0.1338652335107326
2074,2.066666666666667,62,RIGHT_ANKLE,-0.05541421473026281,-0.5355444848537445,0.180876325815916
2075,2.066666666666667,62,LEFT_HEEL,0.034736111760139465,-0.564437597990036,0.1462097205221652
2076,2.066666666666667,62,RIGHT_HEEL,-0.04683281481266022,-0.547275573015213,0.1939262263476848
2077,2.066666666666667,62,LEFT_FOOT_INDEX,0.033294156193733215,-0.6413682997226714,0.0985173992812633
2078,2.066666666666667,62,RIGHT_FOOT_INDEX,-0.07050873339176184,-0.623247891664505,0.154109876602888
2079,2.1,63,NOSE,0.002148956060409546,0.09401972591876981,-0.11414081789553164
2080,2.1,63,LEFT_EYE_INNER,0.011142045259475708,0.11515815556049341,-0.10198248364031313
2081,2.1,63,LEFT_EYE,0.01587703824043274,0.1143080443143844,-0.10198737122118474
2082,2.1,63,LEFT_EYE_OUTER,0.019376307725906372,0.1132384836673736,-0.10205235518515114
2083,2.1,63,RIGHT_EYE_INNER,-0.00495794415473938,0.11687582731246951,-0.10231471993029113
2084,2.1,63,RIGHT_EYE,-0.01006653904914856,0.116887167096138,-0.10231938399374484
2085,2.1,63,RIGHT_EYE_OUTER,-0.013334780931472778,0.1169260144233703,-0.10237182117998604
2086,2.1,63,LEFT_EAR,0.02493348717689514,0.1038315594196319,-0.026993231847882243
2087,2.1,63,RIGHT_EAR,-0.017560571432113647,0.1097470819950104,-0.03165766038000585
2088,2.1,63,MOUTH_LEFT,0.011659115552902222,0.0722503662109375,-0.08640565164387225
2089,2.1,63,MOUTH_RIGHT,-0.0073684751987457275,0.0751594007015228,-0.08786064572632314
2090,2.1,63,LEFT_SHOULDER,0.053779274225234985,-0.015673935413360596,-0.008692460134625449
2091,2.1,63,RIGHT_SHOULDER,-0.053779274225234985,0.015673935413360596,0.008692460134625452
2092,2.1,63,LEFT_ELBOW,0.07293441891670227,-0.16198715567588812,-0.027801262214779854
2093,2.1,63,RIGHT_ELBOW,-0.1238576769828797,-0.06884819269180298,-0.08702285774052144
2094,2.1,63,LEFT_WRIST,0.026941925287246704,-0.21617084741592413,-0.08397767879068854
2095,2.1,63,RIGHT_WRIST,-0.05432620644569397,-0.037132799625396784,-0.18680001236498356
2096,2.1,63,LEFT_PINKY,0.013450294733047485,-0.2366891503334046,-0.09821594692766665
2097,2.1,63,RIGHT_PINKY,-0.03349947929382324,-0.051694214344024714,-0.20418956317007547
2098,2.1,63,LEFT_INDEX,0.007783621549606323,-0.21302062273025518,-0.08996404148638244
2099,2.1,63,RIGHT_INDEX,-0.023986130952835083,-0.038646429777145386,-0.17578340508043766
2100,2.1,63,LEFT_THUMB,0.00996437668800354,-0.20605540275573736,-0.07796787656843665
2101,2.1,63,RIGHT_THUMB,-0.026713937520980835,-0.032044947147369385,-0.17562998272478586
2102,2.1,63,LEFT_HIP,0.018252402544021606,-0.25876826047897344,0.02785261347889905
2103,2.1,63,RIGHT_HIP,-0.04292511940002447,-0.25084292888641363,0.04593248199671495
2104,2.1,63,LEFT_KNEE,0.050382643938064575,-0.42722767591476446,-0.030951471999287647
2105,2.1,63,RIGHT_KNEE,-0.07158350944519049,-0.3844690322875977,0.03565135120879855
2106,2.1,63,LEFT_ANKLE,0.05069449543952942,-0.5577887296676636,0.11336009018123146
2107,2.1,63,RIGHT_ANKLE,-0.05495738983154297,-0.536268413066864,0.17232776246964926
2108,2.1,63,LEFT_HEEL,0.037738412618637085,-0.5653475522994995,0.12529847584664816
2109,2.1,63,RIGHT_HEEL,-0.04643511772155767,-0.5477046370506287,0.18542090617120255
2110,2.1,63,LEFT_FOOT_INDEX,0.035798579454422,-0.6409038305282593,0.07803666405379765
2111,2.1,63,RIGHT_FOOT_INDEX,-0.07009625434875488,-0.625667154788971,0.14575133286416525
2112,2.1333333333333333,64,NOSE,0.0021464526653289795,0.09399068355560303,-0.11498787254095079
2113,2.1333333333333333,64,LEFT_EYE_INNER,0.011060744524002075,0.11513860523700714,-0.10273537784814839
2114,2.1333333333333333,64,LEFT_EYE,0.015854090452194214,0.11429336667060855,-0.1027401313185692
2115,2.1333333333333333,64,LEFT_EYE_OUTER,0.019353598356246948,0.11322951316833504,-0.10281040519475938
2116,2.1333333333333333,64,RIGHT_EYE_INNER,-0.004969865083694458,0.11684258282184604,-0.1029225662350655
2117,2.1333333333333333,64,RIGHT_EYE,-0.010017544031143188,0.11687341332435613,-0.1029178872704506
2118,2.1333333333333333,64,RIGHT_EYE_OUTER,-0.013222306966781616,0.11691445112228394,-0.10296639055013661
2119,2.1333333333333333,64,LEFT_EAR,0.024792343378067017,0.10376510024070743,-0.026543937623500893
2120,2.1333333333333333,64,RIGHT_EAR,-0.01759079098701477,0.10961468517780304,-0.030175559222698198
2121,2.1333333333333333,64,MOUTH_LEFT,0.011743038892745972,0.07224336266517645,-0.08656362444162369
2122,2.1333333333333333,64,MOUTH_RIGHT,-0.007438927888870239,0.07512064278125763,-0.0877310633659363
2123,2.1333333333333333,64,LEFT_SHOULDER,0.053584545850753784,-0.015671700239181463,-0.008660234510898597
2124,2.1333333333333333,64,RIGHT_SHOULDER,-0.053584545850753784,0.01567170023918152,0.008660234510898604
2125,2.1333333333333333,64,LEFT_ELBOW,0.07288476824760437,-0.16107642650604248,-0.028428502380848
2126,2.1333333333333333,64,RIGHT_ELBOW,-0.12288084626197815,-0.06814295053482056,-0.0878387317061425
2127,2.1333333333333333,64,LEFT_WRIST,0.027260571718215942,-0.21597379446029663,-0.0831093117594719
2128,2.1333333333333333,64,RIGHT_WRIST,-0.0538177490234375,-0.03812772035598755,-0.1913832500576973
2129,2.1333333333333333,64,LEFT_PINKY,0.013735145330429077,-0.2366420030593872,-0.09719438105821608
2130,2.1333333333333333,64,RIGHT_PINKY,-0.032508522272109985,-0.05262643098831177,-0.20938817411661148
2131,2.1333333333333333,64,LEFT_INDEX,0.00800296664237976,-0.2130039930343628,-0.0891619697213173
2132,2.1333333333333333,64,RIGHT_INDEX,-0.023355573415756226,-0.043973684310913086,-0.18310046941041952
2133,2.1333333333333333,64,LEFT_THUMB,0.010193616151809692,-0.20599627494812012,-0.0773873329162598
2134,2.1333333333333333,64,RIGHT_THUMB,-0.026069670915603638,-0.03730177879333496,-0.18116354197263718
2135,2.1333333333333333,64,LEFT_HIP,0.018012970685958862,-0.2584574818611145,0.027073588222265205
2136,2.1333333333333333,64,RIGHT_HIP,-0.043303489685058594,-0.2508671283721924,0.0449868049472569
2137,2.1333333333333333,64,LEFT_KNEE,0.05449208617210388,-0.42539870738983154,-0.050258934497833294
2138,2.1333333333333333,64,RIGHT_KNEE,-0.07266679406166077,-0.3852033019065857,0.020744653418660105
2139,2.1333333333333333,64,LEFT_ANKLE,0.05108502507209778,-0.5574655532836914,0.113113723695278
2140,2.1333333333333333,64,RIGHT_ANKLE,-0.054635196924209595,-0.5374249815940857,0.16353244334459288
2141,2.1333333333333333,64,LEFT_HEEL,0.03838333487510681,-0.5652641654014587,0.12714680284261692
2142,2.1333333333333333,64,RIGHT_HEEL,-0.0458681583404541,-0.5487820506095886,0.1773836389183997
2143,2.1333333333333333,64,LEFT_FOOT_INDEX,0.03719547390937805,-0.6397082209587097,0.0807935632765292
2144,2.1333333333333333,64,RIGHT_FOOT_INDEX,-0.06951117515563965,-0.6264988780021666,0.1365644559264182
2145,2.1666666666666665,65,NOSE,0.0019439160823822021,0.09397380053997045,-0.11627527698874475
2146,2.1666666666666665,65,LEFT_EYE_INNER,0.010733217000961304,0.11511360108852395,-0.10421694442629816
2147,2.1666666666666665,65,LEFT_EYE,0.015594929456710815,0.11427266895771035,-0.10422084853053094
2148,2.1666666666666665,65,LEFT_EYE_OUTER,0.019139736890792847,0.11321322619915014,-0.10428994521498684
2149,2.1666666666666665,65,RIGHT_EYE_INNER,-0.005194753408432007,0.11680866777896884,-0.10426154360175134
2150,2.1666666666666665,65,RIGHT_EYE,-0.010181576013565063,0.11685247719287875,-0.10425480827689175
2151,2.1666666666666665,65,RIGHT_EYE_OUTER,-0.013332933187484741,0.11689597368240365,-0.10430062934756286
2152,2.1666666666666665,65,LEFT_EAR,0.024517863988876343,0.10373423993587494,-0.02809255197644235
2153,2.1666666666666665,65,RIGHT_EAR,-0.01795223355293274,0.10931815207004555,-0.03108815476298335
2154,2.1666666666666665,65,MOUTH_LEFT,0.011626511812210083,0.07220916450023657,-0.08758661523461345
2155,2.1666666666666665,65,MOUTH_RIGHT,-0.007683068513870239,0.07500444352626803,-0.08857364580035215
2156,2.1666666666666665,65,LEFT_SHOULDER,0.053365081548690796,-0.015674039721488953,-0.009257316589355448
2157,2.1666666666666665,65,RIGHT_SHOULDER,-0.053365081548690796,0.015674039721488953,0.009257316589355448
2158,2.1666666666666665,65,LEFT_ELBOW,0.07279017567634583,-0.15956245362758636,-0.025282181799411753
2159,2.1666666666666665,65,RIGHT_ELBOW,-0.12211734056472778,-0.06677262485027313,-0.08755002543330195
2160,2.1666666666666665,65,LEFT_WRIST,0.027340203523635864,-0.21595726907253265,-0.07786519452929495
2161,2.1666666666666665,65,RIGHT_WRIST,-0.05346274375915533,-0.03830637037754053,-0.19293868169188505
2162,2.1666666666666665,65,LEFT_PINKY,0.013613909482955933,-0.2366655319929123,-0.09170792624354364
2163,2.1666666666666665,65,RIGHT_PINKY,-0.03223592042922979,-0.054439678788185064,-0.21165907010436064
2164,2.1666666666666665,65,LEFT_INDEX,0.008005529642105103,-0.21300660073757172,-0.08532144501805305
2165,2.1666666666666665,65,RIGHT_INDEX,-0.023172765970230103,-0.046359702944755554,-0.18574277684092527
2166,2.1666666666666665,65,LEFT_THUMB,0.010311037302017212,-0.20598141849040985,-0.07288683578372006
2167,2.1666666666666665,65,RIGHT_THUMB,-0.025837212800979614,-0.04089091718196863,-0.18303827568888664
2168,2.1666666666666665,65,LEFT_HIP,0.017844468355178833,-0.2584957331418991,0.02655467484146355
2169,2.1666666666666665,65,RIGHT_HIP,-0.043335676193237305,-0.2508954852819443,0.04453550465404975
2170,2.1666666666666665,65,LEFT_KNEE,0.05277642607688904,-0.4274953454732895,-0.03476606681942945
2171,2.1666666666666665,65,RIGHT_KNEE,-0.07139736413955688,-0.38573215901851654,0.03678235958795985
2172,2.1666666666666665,65,LEFT_ANKLE,0.05109474062919617,-0.5573600381612778,0.12523828819394106
2173,2.1666666666666665,65,RIGHT_ANKLE,-0.05433955788612371,-0.538181945681572,0.18339594081044186
2174,2.1666666666666665,65,LEFT_HEEL,0.03844764828681946,-0.5653992742300034,0.13881646469235404
2175,2.1666666666666665,65,RIGHT_HEEL,-0.04559919238090521,-0.5494162887334824,0.19758998230099667
2176,2.1666666666666665,65,LEFT_FOOT_INDEX,0.03715553879737854,-0.6403570026159286,0.09091759845614425
2177,2.1666666666666665,65,RIGHT_FOOT_INDEX,-0.06911525130271912,-0.6271502822637557,0.15565785393118844
2178,2.2,66,NOSE,0.0018725544214248657,0.09395460784435278,-0.11501195468008518
2179,2.2,66,LEFT_EYE_INNER,0.010474041104316711,0.11511315405368808,-0.1028722915798426
2180,2.2,66,LEFT_EYE,0.015374317765235901,0.11427995562553406,-0.1028710845857859
2181,2.2,66,LEFT_EYE_OUTER,0.01898033916950226,0.11322763562202456,-0.102936277166009
2182,2.2,66,RIGHT_EYE_INNER,-0.005313560366630554,0.11678186058998108,-0.1030829343944788
2183,2.2,66,RIGHT_EYE,-0.010267004370689392,0.11683154106140137,-0.10307219065725809
2184,2.2,66,RIGHT_EYE_OUTER,-0.013404235243797302,0.11687405407428747,-0.10311591066420078
2185,2.2,66,LEFT_EAR,0.02427513897418976,0.10372635722160348,-0.026981445029378
2186,2.2,66,RIGHT_EAR,-0.018352612853050232,0.10916510224342346,-0.030461834743619
2187,2.2,66,MOUTH_LEFT,0.011606171727180481,0.07220752537250519,-0.0863990131765604
2188,2.2,66,MOUTH_RIGHT,-0.007796570658683777,0.07496599853038788,-0.08753200806677341
2189,2.2,66,LEFT_SHOULDER,0.05322618782520294,-0.015652701258659307,-0.009032608941197402
2190,2.2,66,RIGHT_SHOULDER,-0.053226187825203,0.015652701258659363,0.009032608941197399
2191,2.2,66,LEFT_ELBOW,0.07255776226520538,-0.15892769396305084,-0.0252178478986025
2192,2.2,66,RIGHT_ELBOW,-0.12181450426578527,-0.06590603291988373,-0.08784008212387559
2193,2.2,66,LEFT_WRIST,0.027468398213386536,-0.21593280136585236,-0.07892497070133692
2194,2.2,66,RIGHT_WRIST,-0.05364842712879181,-0.038853153586387634,-0.1944531593471766
2195,2.2,66,LEFT_PINKY,0.013787105679512024,-0.23667682707309723,-0.09236639179289341
2196,2.2,66,RIGHT_PINKY,-0.03218813240528107,-0.055179700255393926,-0.2130092028528452
2197,2.2,66,LEFT_INDEX,0.008272424340248108,-0.213031604886055,-0.0860647801309824
2198,2.2,66,RIGHT_INDEX,-0.02361975610256195,-0.046482279896736145,-0.187179634347558
2199,2.2,66,LEFT_THUMB,0.010582461953163147,-0.20602579414844513,-0.0741125363856554
2200,2.2,66,RIGHT_THUMB,-0.02626536786556244,-0.04179157316684723,-0.1846885178238154
2201,2.2,66,LEFT_HIP,0.018049731850624084,-0.2585018426179886,0.0228237435221672
2202,2.2,66,RIGHT_HIP,-0.043111011385917664,-0.2509166747331619,0.040951159782707594
2203,2.2,66,LEFT_KNEE,0.053320303559303284,-0.4274875074625015,-0.04145952500402931
2204,2.2,66,RIGHT_KNEE,-0.07112614810466766,-0.3866211324930191,0.0290571697987616
2205,2.2,66,LEFT_ANKLE,0.051113858819007874,-0.556956484913826,0.1111699994653462
2206,2.2,66,RIGHT_ANKLE,-0.054379805922508295,-0.5391764789819717,0.1631390210241078
2207,2.2,66,LEFT_HEEL,0.03833402693271637,-0.5653972178697586,0.1239177044481038
2208,2.2,66,RIGHT_HEEL,-0.04548995196819311,-0.550030842423439,0.1760442610830068
2209,2.2,66,LEFT_FOOT_INDEX,0.03773297369480133,-0.6403538137674332,0.0761450547724961
2210,2.2,66,RIGHT_FOOT_INDEX,-0.06881599128246307,-0.6276049762964248,0.1357652526348828
2211,2.2333333333333334,67,NOSE,0.0025149881839752197,0.09379230439662936,-0.11417213827371595
2212,2.2333333333333334,67,LEFT_EYE_INNER,0.011007457971572876,0.11489701271057137,-0.10165309160947797
2213,2.2333333333333334,67,LEFT_EYE,0.015904754400253296,0.11404740810394287,-0.10165496915578845
2214,2.2333333333333334,67,LEFT_EYE_OUTER,0.019515424966812134,0.11299300193786627,-0.10171460360288614
2215,2.2333333333333334,67,RIGHT_EYE_INNER,-0.004701167345046997,0.11656956374645236,-0.10197284072637555
2216,2.2333333333333334,67,RIGHT_EYE,-0.009644955396652222,0.11662837862968448,-0.10196729749441147
2217,2.2333333333333334,67,RIGHT_EYE_OUTER,-0.012801200151443481,0.11665554344654086,-0.10201057046651835
2218,2.2333333333333334,67,LEFT_EAR,0.024530798196792603,0.10345779359340668,-0.02520146965980525
2219,2.2333333333333334,67,RIGHT_EAR,-0.01794925332069397,0.10887210071086886,-0.029526643455028548
2220,2.2333333333333334,67,MOUTH_LEFT,0.012196332216262817,0.07210215926170349,-0.08565001934766764
2221,2.2333333333333334,67,MOUTH_RIGHT,-0.0072908103466033936,0.07490620017051697,-0.08699510246515274
2222,2.2333333333333334,67,LEFT_SHOULDER,0.05310341715812683,-0.015734195709228516,-0.008165750652551651
2223,2.2333333333333334,67,RIGHT_SHOULDER,-0.05310341715812689,0.01573419570922857,0.008165750652551651
2224,2.2333333333333334,67,LEFT_ELBOW,0.07313528656959534,-0.15882045030593872,-0.025538902729749652
2225,2.2333333333333334,67,RIGHT_ELBOW,-0.12077313661575323,-0.06559446454048151,-0.08545654267072675
2226,2.2333333333333334,67,LEFT_WRIST,0.028105348348617554,-0.21619772911071777,-0.08190796524286265
2227,2.2333333333333334,67,RIGHT_WRIST,-0.05269637703895569,-0.03962612152099604,-0.18950542062520975
2228,2.2333333333333334,67,LEFT_PINKY,0.014347583055496216,-0.23699182271957397,-0.09601672738790515
2229,2.2333333333333334,67,RIGHT_PINKY,-0.031148970127105713,-0.05799752473831171,-0.20701321214437485
2230,2.2333333333333334,67,LEFT_INDEX,0.008842140436172485,-0.21329057216644287,-0.08918938040733335
2231,2.2333333333333334,67,RIGHT_INDEX,-0.022563248872756958,-0.050587624311447144,-0.18248210102319715
2232,2.2333333333333334,67,LEFT_THUMB,0.011164158582687378,-0.20627540349960327,-0.07700353115797046
2233,2.2333333333333334,67,RIGHT_THUMB,-0.02510848641395569,-0.044250428676605225,-0.17986049503087995
2234,2.2333333333333334,67,LEFT_HIP,0.018688470125198364,-0.25752437114715576,0.02146738953888415
2235,2.2333333333333334,67,RIGHT_HIP,-0.04236093163490301,-0.25074005126953125,0.03946858551353205
2236,2.2333333333333334,67,LEFT_KNEE,0.05443158745765686,-0.4258498549461365,-0.047747857868671355
2237,2.2333333333333334,67,RIGHT_KNEE,-0.06987816095352173,-0.38373351097106934,0.009287547320127553
2238,2.2333333333333334,67,LEFT_ANKLE,0.0518244206905365,-0.5568650364875793,0.10543803870677945
2239,2.2333333333333334,67,RIGHT_ANKLE,-0.05390903353691101,-0.5395957231521606,0.14322853833436955
2240,2.2333333333333334,67,LEFT_HEEL,0.03905847668647766,-0.5656653642654419,0.11811573803424824
2241,2.2333333333333334,67,RIGHT_HEEL,-0.044971585273742676,-0.5485543608665466,0.15591860562562934
2242,2.2333333333333334,67,LEFT_FOOT_INDEX,0.03875342011451721,-0.6391881704330444,0.06925927102565754
2243,2.2333333333333334,67,RIGHT_FOOT_INDEX,-0.06809142231941229,-0.628320276737213,0.11285685002803794
2244,2.2666666666666666,68,NOSE,0.0034519731998443604,0.09388191998004913,-0.11222785059362644
2245,2.2666666666666666,68,LEFT_EYE_INNER,0.011790424585342407,0.11481429636478432,-0.09930618945509195
2246,2.2666666666666666,68,LEFT_EYE,0.016671687364578247,0.11393772065639501,-0.09931325260549784
2247,2.2666666666666666,68,LEFT_EYE_OUTER,0.02029368281364441,0.11287519335746773,-0.09937474969774485
2248,2.2666666666666666,68,RIGHT_EYE_INNER,-0.0038510262966156006,0.11647143959999093,-0.09989328030496836
2249,2.2666666666666666,68,RIGHT_EYE,-0.008789807558059692,0.11651694774627691,-0.09989710990339515
2250,2.2666666666666666,68,RIGHT_EYE_OUTER,-0.0119534432888031,0.11651208996772772,-0.09994723740965125
2251,2.2666666666666666,68,LEFT_EAR,0.02507653832435608,0.10331508517265323,-0.022990395314991453
2252,2.2666666666666666,68,RIGHT_EAR,-0.017387479543685913,0.10866560041904452,-0.028688368387520348
2253,2.2666666666666666,68,MOUTH_LEFT,0.013055473566055298,0.07226137816905981,-0.08427558187395334
2254,2.2666666666666666,68,MOUTH_RIGHT,-0.006518632173538208,0.07501538097858432,-0.08601518068462605
2255,2.2666666666666666,68,LEFT_SHOULDER,0.05299404263496399,-0.015800610184669495,-0.00763784814625975
2256,2.2666666666666666,68,RIGHT_SHOULDER,-0.05299404263496399,0.01580061018466955,0.00763784814625975
2257,2.2666666666666666,68,LEFT_ELBOW,0.07406941056251526,-0.15730132162570948,-0.025829252786934348
2258,2.2666666666666666,68,RIGHT_ELBOW,-0.11954519152641302,-0.06568236649036407,-0.08472137991338966
2259,2.2666666666666666,68,LEFT_WRIST,0.029250532388687134,-0.21593810617923737,-0.08575780782848594
2260,2.2666666666666666,68,RIGHT_WRIST,-0.05079743266105652,-0.04045273363590235,-0.18362211529165504
2261,2.2666666666666666,68,LEFT_PINKY,0.015533357858657837,-0.23685891926288605,-0.09992165211588144
2262,2.2666666666666666,68,RIGHT_PINKY,-0.028473645448684692,-0.058739021420478765,-0.19997898582369084
2263,2.2666666666666666,68,LEFT_INDEX,0.010042756795883179,-0.21318836510181427,-0.09240307006984946
2264,2.2666666666666666,68,RIGHT_INDEX,-0.020012885332107544,-0.051661208271980286,-0.17472199443727734
2265,2.2666666666666666,68,LEFT_THUMB,0.012365251779556274,-0.20609809458255768,-0.08056664559990165
2266,2.2666666666666666,68,RIGHT_THUMB,-0.022763103246688843,-0.0449947863817215,-0.17352353874593973
2267,2.2666666666666666,68,LEFT_HIP,0.01917329430580139,-0.2564968019723892,0.02201557252556085
2268,2.2666666666666666,68,RIGHT_HIP,-0.042160153388977106,-0.25060488283634186,0.03880073223263015
2269,2.2666666666666666,68,LEFT_KNEE,0.05643358826637268,-0.4188969284296036,-0.06730335298925635
2270,2.2666666666666666,68,RIGHT_KNEE,-0.07199552655220032,-0.38241077959537506,-0.014372778125107254
2271,2.2666666666666666,68,LEFT_ANKLE,0.05283239483833313,-0.5568739920854568,0.09239489864557976
2272,2.2666666666666666,68,RIGHT_ANKLE,-0.05293905735015869,-0.5399754196405411,0.12077876832336176
2273,2.2666666666666666,68,LEFT_HEEL,0.040067583322525024,-0.566006675362587,0.10552300419658414
2274,2.2666666666666666,68,RIGHT_HEEL,-0.04388043284416199,-0.5497681051492691,0.13314492162317024
2275,2.2666666666666666,68,LEFT_FOOT_INDEX,0.041361004114151,-0.6382616311311722,0.058953444473445346
2276,2.2666666666666666,68,RIGHT_FOOT_INDEX,-0.06706932187080389,-0.6286237388849257,0.08906808774918304
2277,2.3,69,NOSE,0.0038712620735168457,0.0942428559064866,-0.13731167837977404
2278,2.3,69,LEFT_EYE_INNER,0.012184202671051025,0.1150919497013092,-0.12039513513445856
2279,2.3,69,LEFT_EYE,0.01708441972732544,0.1142039299011231,-0.12037166580557825
2280,2.3,69,LEFT_EYE_OUTER,0.02070087194442749,0.11314570903778079,-0.12039614841341977
2281,2.3,69,RIGHT_EYE_INNER,-0.0035499930381774902,0.11654849350452429,-0.12125400826334955
2282,2.3,69,RIGHT_EYE,-0.008516788482666016,0.1165451258420945,-0.12127114459872244
2283,2.3,69,RIGHT_EYE_OUTER,-0.011688590049743652,0.1165063828229905,-0.12129874154925345
2284,2.3,69,LEFT_EAR,0.02549159526824951,0.1034000515937806,-0.028453189879655852
2285,2.3,69,RIGHT_EAR,-0.017431437969207764,0.10861560702323919,-0.03656487539410595
2286,2.3,69,MOUTH_LEFT,0.013554036617279053,0.07261279225349432,-0.10402814671397205
2287,2.3,69,MOUTH_RIGHT,-0.0062406063079833984,0.07520407438278201,-0.10622556135058404
2288,2.3,69,LEFT_SHOULDER,0.05298936367034912,-0.01583564281463623,-0.0019092075526714533
2289,2.3,69,RIGHT_SHOULDER,-0.05298936367034918,0.015835642814636286,0.0019092075526714464
2290,2.3,69,LEFT_ELBOW,0.07426929473876953,-0.15728572010993952,-0.02664304152131075
2291,2.3,69,RIGHT_ELBOW,-0.11961504817008978,-0.06566911935806269,-0.09574409946799277
2292,2.3,69,LEFT_WRIST,0.02994924783706665,-0.21582895517349243,-0.10484097525477405
2293,2.3,69,RIGHT_WRIST,-0.049233317375183105,-0.039909422397613525,-0.21028549596667284
2294,2.3,69,LEFT_PINKY,0.016249120235443115,-0.23690450191497803,-0.12068101391196255
2295,2.3,69,RIGHT_PINKY,-0.026724934577941895,-0.05823242664337158,-0.23029218241572386
2296,2.3,69,LEFT_INDEX,0.010645866394042969,-0.2132115364074707,-0.11373583599925045
2297,2.3,69,RIGHT_INDEX,-0.018132269382476807,-0.051553487777709905,-0.20546637102961546
2298,2.3,69,LEFT_THUMB,0.01300060749053955,-0.20611482858657837,-0.10003868862986566
2299,2.3,69,RIGHT_THUMB,-0.02127707004547119,-0.044508129358291626,-0.19989862665534014
2300,2.3,69,LEFT_HIP,0.019461452960968018,-0.25262248516082764,0.031588451936841046
2301,2.3,69,RIGHT_HIP,-0.04164716601371765,-0.2458639144897461,0.04269674140959964
2302,2.3,69,LEFT_KNEE,0.06419706344604492,-0.3546140789985657,-0.10462687537074085
2303,2.3,69,RIGHT_KNEE,-0.0763883888721466,-0.30933380126953125,-0.10322108492255215
2304,2.3,69,LEFT_ANKLE,0.029748201370239258,-0.4950931668281555,0.061633883044123546
2305,2.3,69,RIGHT_ANKLE,-0.05442449450492859,-0.4753642678260803,0.048737599514424745
2306,2.3,69,LEFT_HEEL,0.012842178344726562,-0.507855236530304,0.07638532295823085
2307,2.3,69,RIGHT_HEEL,-0.0438254177570343,-0.5193191766738892,0.06359816342592234
2308,2.3,69,LEFT_FOOT_INDEX,0.015759766101837158,-0.5839954018592836,0.032103782985359444
2309,2.3,69,RIGHT_FOOT_INDEX,-0.0677672028541565,-0.560372531414032,0.017821047455072445
2310,2.333333333333333,70,NOSE,0.003811568021774292,0.09468820691108706,-0.13663372583687305
2311,2.333333333333333,70,LEFT_EYE_INNER,0.012143760919570923,0.11540609598159796,-0.11964902468025686
2312,2.333333333333333,70,LEFT_EYE,0.017097562551498413,0.11454185843467718,-0.11963658221065994
2313,2.333333333333333,70,LEFT_EYE_OUTER,0.020730286836624146,0.11350351572036746,-0.11966633982956405
2314,2.333333333333333,70,RIGHT_EYE_INNER,-0.0037734806537628174,0.11666372418403625,-0.12035799212753774
2315,2.333333333333333,70,RIGHT_EYE,-0.008725553750991821,0.11660584807395938,-0.12037044949829574
2316,2.333333333333333,70,RIGHT_EYE_OUTER,-0.011884719133377075,0.11653915047645577,-0.12040306814014905
2317,2.333333333333333,70,LEFT_EAR,0.025560885667800903,0.10354022681713107,-0.028150061145424843
2318,2.333333333333333,70,RIGHT_EAR,-0.01779589056968689,0.10859563946723938,-0.03604848869144915
2319,2.333333333333333,70,MOUTH_LEFT,0.013611048460006714,0.07314385473728185,-0.10378211922943585
2320,2.333333333333333,70,MOUTH_RIGHT,-0.00641825795173645,0.07542072236537936,-0.10581842251121994
2321,2.333333333333333,70,LEFT_SHOULDER,0.05282899737358093,-0.015826493501663208,-0.0020810123533010483
2322,2.333333333333333,70,RIGHT_SHOULDER,-0.05282899737358099,0.015826493501663264,0.0020810123533010483
2323,2.333333333333333,70,LEFT_ELBOW,0.07411965727806091,-0.15730625391006464,-0.027404608204960754
2324,2.333333333333333,70,RIGHT_ELBOW,-0.11978316307067871,-0.06571045517921442,-0.09755180962383746
2325,2.333333333333333,70,LEFT_WRIST,0.03041258454322815,-0.21581685543060303,-0.10397696681320666
2326,2.333333333333333,70,RIGHT_WRIST,-0.048559993505477905,-0.038723886013031006,-0.21352327056229115
2327,2.333333333333333,70,LEFT_PINKY,0.01676073670387268,-0.2378794550895691,-0.11971667595207684
2328,2.333333333333333,70,RIGHT_PINKY,-0.025825172662734985,-0.05560234189033503,-0.23367878980934614
2329,2.333333333333333,70,LEFT_INDEX,0.011005133390426636,-0.213550865650177,-0.11198727972805496
2330,2.333333333333333,70,RIGHT_INDEX,-0.01704820990562439,-0.04915949702262873,-0.20812162943184376
2331,2.333333333333333,70,LEFT_THUMB,0.013357430696487427,-0.20652121305465698,-0.09874302335083486
2332,2.333333333333333,70,RIGHT_THUMB,-0.020358949899673462,-0.04187601804733271,-0.20289647765457625
2333,2.333333333333333,70,LEFT_HIP,0.01952335238456726,-0.2527884840965271,0.03384615224786105
2334,2.333333333333333,70,RIGHT_HIP,-0.04169765114784241,-0.24579739570617676,0.04148377059027545
2335,2.333333333333333,70,LEFT_KNEE,0.0652514398097992,-0.3526706099510193,-0.10034895129501815
2336,2.333333333333333,70,RIGHT_KNEE,-0.07698431611061102,-0.3065457344055176,-0.10410244949162005
2337,2.333333333333333,70,LEFT_ANKLE,0.015970379114151,-0.49050474166870117,0.07048251293599594
2338,2.333333333333333,70,RIGHT_ANKLE,-0.05531260371208191,-0.47913527488708496,0.04300419939681885
2339,2.333333333333333,70,LEFT_HEEL,0.00615885853767395,-0.5181753635406494,0.08585927449166765
2340,2.333333333333333,70,RIGHT_HEEL,-0.04630070924758911,-0.5038513541221619,0.05738339014351365
2341,2.333333333333333,70,LEFT_FOOT_INDEX,0.014066129922866821,-0.5757272839546204,0.04553581867367025
2342,2.333333333333333,70,RIGHT_FOOT_INDEX,-0.0684347152709961,-0.5635778903961182,0.009990490972995751
2343,2.3666666666666667,71,NOSE,0.003793194890022278,0.095450684428215,-0.17089736647903914
2344,2.3666666666666667,71,LEFT_EYE_INNER,0.012170389294624329,0.11587005853652949,-0.15102456696331507
2345,2.3666666666666667,71,LEFT_EYE,0.017176643013954163,0.114977702498436,-0.15099734254181385
2346,2.3666666666666667,71,LEFT_EYE_OUTER,0.02086181938648224,0.11394469439983371,-0.15101653523743153
2347,2.3666666666666667,71,RIGHT_EYE_INNER,-0.003946170210838318,0.1170490384101868,-0.15204918570816517
2348,2.3666666666666667,71,RIGHT_EYE,-0.008802160620689392,0.1169461905956268,-0.15207489021122456
2349,2.3666666666666667,71,RIGHT_EYE_OUTER,-0.011920973658561707,0.11684750020504,-0.15209205634891987
2350,2.3666666666666667,71,LEFT_EAR,0.025720611214637756,0.1037597805261612,-0.04429593868553634
2351,2.3666666666666667,71,RIGHT_EAR,-0.01781909167766571,0.10874144732952121,-0.053454982116818456
2352,2.3666666666666667,71,MOUTH_LEFT,0.013741925358772278,0.07379625737667078,-0.13181856460869312
2353,2.3666666666666667,71,MOUTH_RIGHT,-0.006451234221458435,0.0760452151298523,-0.13437088020145893
2354,2.3666666666666667,71,LEFT_SHOULDER,0.053008392453193665,-0.015620142221450806,-0.002227982506155947
2355,2.3666666666666667,71,RIGHT_SHOULDER,-0.053008392453193665,0.015620142221450806,0.002227982506155947
2356,2.3666666666666667,71,LEFT_ELBOW,0.07422347366809845,-0.15712428092956549,-0.030378328636288643
2357,2.3666666666666667,71,RIGHT_ELBOW,-0.12044216692447668,-0.06706357002258301,-0.10751545615494255
2358,2.3666666666666667,71,LEFT_WRIST,0.03152842819690704,-0.21574938297271734,-0.11674080975353714
2359,2.3666666666666667,71,RIGHT_WRIST,-0.04873545467853546,-0.037146419286727905,-0.24515685625374317
2360,2.3666666666666667,71,LEFT_PINKY,0.01762278378009796,-0.2386814951896668,-0.13678875751793385
2361,2.3666666666666667,71,RIGHT_PINKY,-0.02542568743228918,-0.05100888013839722,-0.27060562558472157
2362,2.3666666666666667,71,LEFT_INDEX,0.011746898293495178,-0.2138419151306153,-0.12882322259247303
2363,2.3666666666666667,71,RIGHT_INDEX,-0.016650721430778503,-0.04264858365058899,-0.24619540758430958
2364,2.3666666666666667,71,LEFT_THUMB,0.013934805989265442,-0.20693504810333258,-0.11159184761345385
2365,2.3666666666666667,71,RIGHT_THUMB,-0.020271822810173035,-0.03550750017166143,-0.23570844717323786
2366,2.3666666666666667,71,LEFT_HIP,0.0199480801820755,-0.2524330019950867,0.05460139620117845
2367,2.3666666666666667,71,RIGHT_HIP,-0.041987404227256775,-0.24575227499008184,0.05928425700403745
2368,2.3666666666666667,71,LEFT_KNEE,0.06891758739948273,-0.3391460776329041,-0.11580756492912765
2369,2.3666666666666667,71,RIGHT_KNEE,-0.07656453549861908,-0.3025288581848145,-0.14100201614201063
2370,2.3666666666666667,71,LEFT_ANKLE,0.015403762459754944,-0.49214148521423345,0.07130192592740045
2371,2.3666666666666667,71,RIGHT_ANKLE,-0.055104330182075556,-0.4806132316589356,0.03806295432150365
2372,2.3666666666666667,71,LEFT_HEEL,0.005758956074714661,-0.5197404623031616,0.08790088631212706
2373,2.3666666666666667,71,RIGHT_HEEL,-0.046774640679359436,-0.5026775598526001,0.05531238426920025
2374,2.3666666666666667,71,LEFT_FOOT_INDEX,0.014979436993598938,-0.5808823704719546,0.02935859747231005
2375,2.3666666666666667,71,RIGHT_FOOT_INDEX,-0.06786261498928076,-0.5665959119796753,-0.009304555132985143
2376,2.4,72,NOSE,0.0039255619049072266,0.096706047654152,-0.16524374112486834
2377,2.4,72,LEFT_EYE_INNER,0.012162268161773682,0.11689639091491699,-0.14575320109724993
2378,2.4,72,LEFT_EYE,0.01714956760406494,0.11604176461696628,-0.14574159309267992
2379,2.4,72,LEFT_EYE_OUTER,0.020872652530670166,0.11505900323390969,-0.14577310904860497
2380,2.4,72,RIGHT_EYE_INNER,-0.003956496715545654,0.1179639697074891,-0.14700115844607353
2381,2.4,72,RIGHT_EYE,-0.008773446083068848,0.11781081557273868,-0.14703315123915672
2382,2.4,72,RIGHT_EYE_OUTER,-0.01186990737915039,0.11768226325511938,-0.14705733582377434
2383,2.4,72,LEFT_EAR,0.025776267051696777,0.10480420291423798,-0.041080500930547756
2384,2.4,72,RIGHT_EAR,-0.017817378044128418,0.10954254865646368,-0.051259126514196354
2385,2.4,72,MOUTH_LEFT,0.01397252082824707,0.07509322464466098,-0.12690667435526842
2386,2.4,72,MOUTH_RIGHT,-0.006209254264831543,0.07737241685390478,-0.12983205541968346
2387,2.4,72,LEFT_SHOULDER,0.05333667993545532,-0.01479560136795044,-0.0028386376798152507
2388,2.4,72,RIGHT_SHOULDER,-0.05333667993545538,0.014795601367950495,0.0028386376798152507
2389,2.4,72,LEFT_ELBOW,0.07452857494354248,-0.15660426020622253,-0.027359124273061752
2390,2.4,72,RIGHT_ELBOW,-0.12090283632278448,-0.0725947916507721,-0.10610717162489895
2391,2.4,72,LEFT_WRIST,0.03189492225646973,-0.21512386202812195,-0.10896059498190884
2392,2.4,72,RIGHT_WRIST,-0.04947233200073248,-0.035442501306533813,-0.24055435881018644
2393,2.4,72,LEFT_PINKY,0.01799750328063965,-0.23855093121528625,-0.12807349488139153
2394,2.4,72,RIGHT_PINKY,-0.025379419326782282,-0.04658380150794983,-0.26405298337340355
2395,2.4,72,LEFT_INDEX,0.012085914611816406,-0.2131771743297577,-0.11829270049929615
2396,2.4,72,RIGHT_INDEX,-0.016748368740081787,-0.03565040230751032,-0.23773544654250145
2397,2.4,72,LEFT_THUMB,0.01424252986907959,-0.20645657181739807,-0.10279257223010065
2398,2.4,72,RIGHT_THUMB,-0.02058088779449463,-0.02990251779556269,-0.23007756099104887
2399,2.4,72,LEFT_HIP,0.020089805126190186,-0.25202831625938416,0.060521379113197354
2400,2.4,72,RIGHT_HIP,-0.04212915897369385,-0.24657508730888367,0.06565928785130375
2401,2.4,72,LEFT_KNEE,0.06783109903335571,-0.3454585373401642,-0.09422781690955166
2402,2.4,72,RIGHT_KNEE,-0.07812038064002996,-0.3192683756351471,-0.08796119317412375
2403,2.4,72,LEFT_ANKLE,0.01946967840194702,-0.5028289258480072,0.09878449514508235
2404,2.4,72,RIGHT_ANKLE,-0.057948738336563166,-0.48411205410957336,0.09648020192980755
2405,2.4,72,LEFT_HEEL,0.012832880020141602,-0.525432676076889,0.11506737396121015
2406,2.4,72,RIGHT_HEEL,-0.05070039629936218,-0.5030640661716461,0.11388881132006634
2407,2.4,72,LEFT_FOOT_INDEX,0.01762855052947998,-0.5851007401943208,0.05988186085596685
2408,2.4,72,RIGHT_FOOT_INDEX,-0.06932336091995245,-0.5655608475208282,0.05454252939671275
2409,2.433333333333333,73,NOSE,0.003458350896835327,0.0975252091884613,-0.1489947009831667
2410,2.433333333333333,73,LEFT_EYE_INNER,0.01158037781715393,0.1176303178071976,-0.1310074795037508
2411,2.433333333333333,73,LEFT_EYE,0.01659753918647766,0.11678136885166171,-0.1309901345521212
2412,2.433333333333333,73,LEFT_EYE_OUTER,0.02041909098625183,0.11581733822822571,-0.1310123223811388
2413,2.433333333333333,73,RIGHT_EYE_INNER,-0.00445827841758728,0.118639811873436,-0.1324353236705065
2414,2.433333333333333,73,RIGHT_EYE,-0.009197920560836792,0.11844390630722049,-0.1324611771851778
2415,2.433333333333333,73,RIGHT_EYE_OUTER,-0.012244552373886108,0.1182751953601838,-0.1324958372861147
2416,2.433333333333333,73,LEFT_EAR,0.025384753942489624,0.1055640727281571,-0.0357060674577952
2417,2.433333333333333,73,RIGHT_EAR,-0.017970293760299683,0.11006884276866921,-0.04516339488327509
2418,2.433333333333333,73,MOUTH_LEFT,0.013606399297714233,0.0759340226650238,-0.11359834857285028
2419,2.433333333333333,73,MOUTH_RIGHT,-0.006526142358779907,0.07815603911876678,-0.1170425284653902
2420,2.433333333333333,73,LEFT_SHOULDER,0.0534309446811676,-0.014253363013267517,-0.0033929590135812968
2421,2.433333333333333,73,RIGHT_SHOULDER,-0.05343094468116766,0.014253363013267517,0.0033929590135813037
2422,2.433333333333333,73,LEFT_ELBOW,0.07458338141441345,-0.156078353524208,-0.021231861785054193
2423,2.433333333333333,73,RIGHT_ELBOW,-0.12079802155494695,-0.0795773416757583,-0.0977752823382616
2424,2.433333333333333,73,LEFT_WRIST,0.0315951406955719,-0.21487753093242645,-0.07236412353813648
2425,2.433333333333333,73,RIGHT_WRIST,-0.052719056606292725,-0.0340230911970138,-0.2285846639424563
2426,2.433333333333333,73,LEFT_PINKY,0.01752367615699768,-0.23863284289836884,-0.0898435730487108
2427,2.433333333333333,73,RIGHT_PINKY,-0.030073672533035334,-0.04117457568645472,-0.252868102863431
2428,2.433333333333333,73,LEFT_INDEX,0.011467128992080688,-0.2130904644727707,-0.08052212186157709
2429,2.433333333333333,73,RIGHT_INDEX,-0.021060079336166382,-0.02767147123813629,-0.22509177215397358
2430,2.433333333333333,73,LEFT_THUMB,0.013757914304733276,-0.206418976187706,-0.06594824977219109
2431,2.433333333333333,73,RIGHT_THUMB,-0.024681121110916138,-0.0239742249250412,-0.218252019956708
2432,2.433333333333333,73,LEFT_HIP,0.019303172826766968,-0.2565649598836899,0.05433378415182231
2433,2.433333333333333,73,RIGHT_HIP,-0.04244217276573187,-0.2521197646856308,0.062212425749748806
2434,2.433333333333333,73,LEFT_KNEE,0.043864160776138306,-0.390705868601799,-0.03146328218281269
2435,2.433333333333333,73,RIGHT_KNEE,-0.07565087080001837,-0.38864652812480927,0.057082066661678206
2436,2.433333333333333,73,LEFT_ANKLE,0.026536494493484497,-0.5418302267789841,0.14784718863666052
2437,2.433333333333333,73,RIGHT_ANKLE,-0.057679325342178345,-0.5264034122228622,0.2540858220309018
2438,2.433333333333333,73,LEFT_HEEL,0.01999184489250183,-0.5552546232938766,0.1633563917130231
2439,2.433333333333333,73,RIGHT_HEEL,-0.04997637867927557,-0.5385578721761703,0.2735496293753385
2440,2.433333333333333,73,LEFT_FOOT_INDEX,0.01805594563484192,-0.6318630427122116,0.0987424049526452
2441,2.433333333333333,73,RIGHT_FOOT_INDEX,-0.06920590996742254,-0.6238005608320236,0.2162278424948453
2442,2.466666666666667,74,NOSE,0.0033004730939865112,0.09851619601249689,-0.1413856260478497
2443,2.466666666666667,74,LEFT_EYE_INNER,0.011350497603416443,0.11864790320396418,-0.1244211606681347
2444,2.466666666666667,74,LEFT_EYE,0.01640741527080536,0.11778238415718079,-0.1244162730872631
2445,2.466666666666667,74,LEFT_EYE_OUTER,0.02031908929347992,0.11682851612567899,-0.12446036562323569
2446,2.466666666666667,74,RIGHT_EYE_INNER,-0.004543140530586243,0.11965152621269229,-0.1252964548766613
2447,2.466666666666667,74,RIGHT_EYE,-0.00921715795993805,0.11943478882312769,-0.1253148429095745
2448,2.466666666666667,74,RIGHT_EYE_OUTER,-0.012232735753059387,0.1192126423120499,-0.12535056099295622
2449,2.466666666666667,74,LEFT_EAR,0.025381550192832947,0.10654720664024347,-0.03663371130824089
2450,2.466666666666667,74,RIGHT_EAR,-0.017806485295295715,0.1108859777450561,-0.0409101881086827
2451,2.466666666666667,74,MOUTH_LEFT,0.013389989733695984,0.0768170356750488,-0.107074972242117
2452,2.466666666666667,74,MOUTH_RIGHT,-0.0065720826387405396,0.07902596890926358,-0.10994769260287289
2453,2.466666666666667,74,LEFT_SHOULDER,0.053755983710289,-0.013360381126403809,-0.005963530391454697
2454,2.466666666666667,74,RIGHT_SHOULDER,-0.053755983710289,0.013360381126403809,0.005963530391454704
2455,2.466666666666667,74,LEFT_ELBOW,0.07492868602275848,-0.155424565076828,-0.019831191748380703
2456,2.466666666666667,74,RIGHT_ELBOW,-0.11848600208759313,-0.09608888626098633,-0.0969438515603543
2457,2.466666666666667,74,LEFT_WRIST,0.031146511435508728,-0.21515324711799627,-0.0685149841010571
2458,2.466666666666667,74,RIGHT_WRIST,-0.05696810781955719,-0.03362378478050232,-0.2245412282645703
2459,2.466666666666667,74,LEFT_PINKY,0.016982361674308777,-0.23958197236061102,-0.0858156494796276
2460,2.466666666666667,74,RIGHT_PINKY,-0.03536699712276459,-0.040155440568924006,-0.2491439692676068
2461,2.466666666666667,74,LEFT_INDEX,0.010940179228782654,-0.213742345571518,-0.07770824059844018
2462,2.466666666666667,74,RIGHT_INDEX,-0.027520164847374018,-0.02475681900978094,-0.22268275544047356
2463,2.466666666666667,74,LEFT_THUMB,0.01344279944896698,-0.20704159140586859,-0.06255267933011059
2464,2.466666666666667,74,RIGHT_THUMB,-0.03141321241855621,-0.022943258285522516,-0.21490119025111198
2465,2.466666666666667,74,LEFT_HIP,0.01926235854625702,-0.25888404250144964,0.0528642693534493
2466,2.466666666666667,74,RIGHT_HIP,-0.0423239022493363,-0.2552731931209565,0.061310184188187004
2467,2.466666666666667,74,LEFT_KNEE,0.03633300960063934,-0.4118857085704804,-0.007791798561811503
2468,2.466666666666667,74,RIGHT_KNEE,-0.0673117488622666,-0.4117936193943024,0.07889586500823491
2469,2.466666666666667,74,LEFT_ANKLE,0.031088754534721375,-0.5505383908748627,0.1633651889860629
2470,2.466666666666667,74,RIGHT_ANKLE,-0.057080760598182734,-0.543304055929184,0.25293819978833193
2471,2.466666666666667,74,LEFT_HEEL,0.024474546313285828,-0.5639341771602631,0.1779806502163409
2472,2.466666666666667,74,RIGHT_HEEL,-0.0495142787694931,-0.5556871592998505,0.2698246724903582
2473,2.466666666666667,74,LEFT_FOOT_INDEX,0.024128898978233337,-0.6449309885501862,0.1184495091438292
2474,2.466666666666667,74,RIGHT_FOOT_INDEX,-0.06872065365314484,-0.6396462619304657,0.21057062223553652
2475,2.5,75,NOSE,0.0029471218585968018,0.0995326489210129,-0.12791332602500916
2476,2.5,75,LEFT_EYE_INNER,0.011034756898880005,0.1196957528591156,-0.11550368368625646
2477,2.5,75,LEFT_EYE,0.0161343514919281,0.11883319914340978,-0.11553844809532166
2478,2.5,75,LEFT_EYE_OUTER,0.020097404718399048,0.1178801059722901,-0.11561968922615057
2479,2.5,75,RIGHT_EYE_INNER,-0.004755526781082153,0.12070335447788239,-0.11558526754379275
2480,2.5,75,RIGHT_EYE,-0.009371191263198853,0.1204891800880433,-0.11560276150703436
2481,2.5,75,RIGHT_EYE_OUTER,-0.012351542711257935,0.1202663779258728,-0.11564487218856814
2482,2.5,75,LEFT_EAR,0.025248855352401733,0.10759861767292028,-0.04012385010719305
2483,2.5,75,RIGHT_EAR,-0.017810076475143433,0.1119193434715271,-0.04216195642948156
2484,2.5,75,MOUTH_LEFT,0.012996405363082886,0.07773441076278689,-0.09928418695926675
2485,2.5,75,MOUTH_RIGHT,-0.0069426000118255615,0.07996039092540749,-0.10016165673732766
2486,2.5,75,LEFT_SHOULDER,0.05391111969947815,-0.012162759900093079,-0.008925329893827452
2487,2.5,75,RIGHT_SHOULDER,-0.05391111969947815,0.012162759900093079,0.008925329893827445
2488,2.5,75,LEFT_ELBOW,0.0752173364162445,-0.15435810387134552,-0.01820402592420585
2489,2.5,75,RIGHT_ELBOW,-0.11564087867736816,-0.10962037742137909,-0.07551003992557526
2490,2.5,75,LEFT_WRIST,0.030865222215652466,-0.21492736041545868,-0.07122341543436056
2491,2.5,75,RIGHT_WRIST,-0.057890355587005615,-0.035175040364265386,-0.20453944802284243
2492,2.5,75,LEFT_PINKY,0.0164167582988739,-0.23924605548381805,-0.08762548863887795
2493,2.5,75,RIGHT_PINKY,-0.03623461723327637,-0.0395581573247909,-0.22779923677444466
2494,2.5,75,LEFT_INDEX,0.010467201471328735,-0.21326510608196259,-0.07953789830207825
2495,2.5,75,RIGHT_INDEX,-0.028812974691391047,-0.023997053503990118,-0.20148807764053353
2496,2.5,75,LEFT_THUMB,0.013058394193649292,-0.20683179795742035,-0.06539504230022436
2497,2.5,75,RIGHT_THUMB,-0.03235539793968206,-0.023117616772651617,-0.19505521655082705
2498,2.5,75,LEFT_HIP,0.019314080476760864,-0.26080910861492157,0.046281446702778346
2499,2.5,75,RIGHT_HIP,-0.04200792312622076,-0.25558696687221527,0.05806167144328345
2500,2.5,75,LEFT_KNEE,0.034211188554763794,-0.41798119246959686,-0.010122142732143458
2501,2.5,75,RIGHT_KNEE,-0.06461739540100103,-0.4114678353071213,0.07242043130099765
2502,2.5,75,LEFT_ANKLE,0.041929692029953,-0.556098684668541,0.15307018905878056
2503,2.5,75,RIGHT_ANKLE,-0.05661234259605413,-0.5456705540418625,0.21648493409156785
2504,2.5,75,LEFT_HEEL,0.026279181241989136,-0.5656760185956955,0.16143882274627674
2505,2.5,75,RIGHT_HEEL,-0.04910263419151306,-0.5577662438154221,0.23050352931022636
2506,2.5,75,LEFT_FOOT_INDEX,0.027840405702590942,-0.6464361399412156,0.10006228089332564
2507,2.5,75,RIGHT_FOOT_INDEX,-0.06845459342002874,-0.6368679851293564,0.17752553522586814
2508,2.533333333333333,76,NOSE,0.0029262155294418335,0.10030443966388705,-0.12251890078186989
2509,2.533333333333333,76,LEFT_EYE_INNER,0.011080965399742126,0.12051393091678614,-0.1118313707411289
2510,2.533333333333333,76,LEFT_EYE,0.016220852732658386,0.11974160373210904,-0.11187343671917921
2511,2.533333333333333,76,LEFT_EYE_OUTER,0.02020101249217987,0.11882424354553225,-0.1119568832218647
2512,2.533333333333333,76,RIGHT_EYE_INNER,-0.004629567265510559,0.12164124846458435,-0.1115953363478184
2513,2.533333333333333,76,RIGHT_EYE,-0.009232714772224426,0.12148620188236234,-0.1116169132292271
2514,2.533333333333333,76,RIGHT_EYE_OUTER,-0.012188151478767395,0.12129721045494074,-0.11165187135338789
2515,2.533333333333333,76,LEFT_EAR,0.025354191660881042,0.10865601897239685,-0.038420680910348906
2516,2.533333333333333,76,RIGHT_EAR,-0.017599180340766907,0.11295978724956515,-0.041265796869993196
2517,2.533333333333333,76,MOUTH_LEFT,0.012746617197990417,0.07840818166732785,-0.0960730947554112
2518,2.533333333333333,76,MOUTH_RIGHT,-0.007002845406532288,0.08078724145889285,-0.0962013341486454
2519,2.533333333333333,76,LEFT_SHOULDER,0.05412571132183075,-0.011031493544578552,-0.0085483640432358
2520,2.533333333333333,76,RIGHT_SHOULDER,-0.05412571132183075,0.011031493544578552,0.0085483640432358
2521,2.533333333333333,76,LEFT_ELBOW,0.07575415074825287,-0.15307258069515234,-0.014275509864091901
2522,2.533333333333333,76,RIGHT_ELBOW,-0.10931132733821869,-0.12286467850208288,-0.0657302998006344
2523,2.533333333333333,76,LEFT_WRIST,0.03132729232311249,-0.21390448510646826,-0.0732010640203953
2524,2.533333333333333,76,RIGHT_WRIST,-0.05931781232357025,-0.043972358107566833,-0.20035234466195112
2525,2.533333333333333,76,LEFT_PINKY,0.01692257821559906,-0.23836044967174536,-0.08957305923104289
2526,2.533333333333333,76,RIGHT_PINKY,-0.04007436335086828,-0.03937585651874548,-0.2235066331923008
2527,2.533333333333333,76,LEFT_INDEX,0.0109548419713974,-0.2140835970640183,-0.0810782499611378
2528,2.533333333333333,76,RIGHT_INDEX,-0.03391100466251379,-0.024057433009147644,-0.2002482451498509
2529,2.533333333333333,76,LEFT_THUMB,0.013610944151878357,-0.20734851062297827,-0.0670880861580372
2530,2.533333333333333,76,RIGHT_THUMB,-0.036909267306327875,-0.02227170765399933,-0.1922020651400089
2531,2.533333333333333,76,LEFT_HIP,0.01971195638179779,-0.25964061915874487,0.0459596742875874
2532,2.533333333333333,76,RIGHT_HIP,-0.041589900851249695,-0.2542202323675156,0.0573314148932694
2533,2.533333333333333,76,LEFT_KNEE,0.037739142775535583,-0.41704957187175756,-0.021333534270525006
2534,2.533333333333333,76,RIGHT_KNEE,-0.06354691088199615,-0.4062576740980149,0.0457473611459136
2535,2.533333333333333,76,LEFT_ANKLE,0.046924397349357605,-0.5571020692586899,0.1190164647996425
2536,2.533333333333333,76,RIGHT_ANKLE,-0.055669322609901484,-0.5471940487623215,0.1904114447534083
2537,2.533333333333333,76,LEFT_HEEL,0.035671040415763855,-0.567380890250206,0.1276847459375857
2538,2.533333333333333,76,RIGHT_HEEL,-0.04855014383792877,-0.5590662211179733,0.1974829845130443
2539,2.533333333333333,76,LEFT_FOOT_INDEX,0.03790996968746185,-0.6446723788976669,0.0755421128123998
2540,2.533333333333333,76,RIGHT_FOOT_INDEX,-0.06757251918315887,-0.635600671172142,0.1488745920360087
2541,2.566666666666667,77,NOSE,0.0027700811624526978,0.10051110386848452,-0.12492447532713409
2542,2.566666666666667,77,LEFT_EYE_INNER,0.011171534657478333,0.12094250321388253,-0.11454204656183718
2543,2.566666666666667,77,LEFT_EYE,0.016349628567695618,0.12025356292724612,-0.11458780802786349
2544,2.566666666666667,77,LEFT_EYE_OUTER,0.020323410630226135,0.11937764286994942,-0.1146825943142175
2545,2.566666666666667,77,RIGHT_EYE_INNER,-0.0045801252126693726,0.12208093702793121,-0.11372428573667999
2546,2.566666666666667,77,RIGHT_EYE,-0.009203299880027771,0.12198874354362493,-0.1137202922254801
2547,2.566666666666667,77,RIGHT_EYE_OUTER,-0.01216040551662445,0.12184759974479681,-0.11374760605394839
2548,2.566666666666667,77,LEFT_EAR,0.025510624051094055,0.10923776030540472,-0.0402718428522348
2549,2.566666666666667,77,RIGHT_EAR,-0.017460748553276062,0.11352302134037023,-0.03969091363251209
2550,2.566666666666667,77,MOUTH_LEFT,0.01248963177204132,0.07828462123870852,-0.09741426445543759
2551,2.566666666666667,77,MOUTH_RIGHT,-0.007234200835227966,0.08099235594272622,-0.09684346057474609
2552,2.566666666666667,77,LEFT_SHOULDER,0.05432380735874176,-0.010606154799461365,-0.011311741545796394
2553,2.566666666666667,77,RIGHT_SHOULDER,-0.05432380735874176,0.01060615479946142,0.011311741545796401
2554,2.566666666666667,77,LEFT_ELBOW,0.07608623802661896,-0.1524496227502823,-0.023282671347260392
2555,2.566666666666667,77,RIGHT_ELBOW,-0.10229010879993439,-0.12892143428325648,-0.0601126197725534
2556,2.566666666666667,77,LEFT_WRIST,0.03153510391712189,-0.21326960623264313,-0.0996499750763178
2557,2.566666666666667,77,RIGHT_WRIST,-0.0623918622732163,-0.0659836083650589,-0.20252088643610477
2558,2.566666666666667,77,LEFT_PINKY,0.017229273915290833,-0.2376910001039505,-0.11849586106836789
2559,2.566666666666667,77,RIGHT_PINKY,-0.04761923849582678,-0.05432628095149988,-0.22690139152109617
2560,2.566666666666667,77,LEFT_INDEX,0.01124735176563263,-0.21352864801883698,-0.1112077627331018
2561,2.566666666666667,77,RIGHT_INDEX,-0.040939077734947205,-0.035165950655937195,-0.21203837729990477
2562,2.566666666666667,77,LEFT_THUMB,0.01385129988193512,-0.2067520171403885,-0.09446484781801699
2563,2.566666666666667,77,RIGHT_THUMB,-0.04248566925525671,-0.03897128999233246,-0.1979470644146204
2564,2.566666666666667,77,LEFT_HIP,0.019456878304481506,-0.2594419866800308,0.055797521024942405
2565,2.566666666666667,77,RIGHT_HIP,-0.043644532561302185,-0.2528150826692581,0.0673824702389538
2566,2.566666666666667,77,LEFT_KNEE,0.041137173771858215,-0.415404811501503,-0.0229452196508646
2567,2.566666666666667,77,RIGHT_KNEE,-0.0723816305398941,-0.39760203659534454,0.010011626407504103
2568,2.566666666666667,77,LEFT_ANKLE,0.04847569763660431,-0.5569568425416946,0.12915251962840552
2569,2.566666666666667,77,RIGHT_ANKLE,-0.05561141669750219,-0.5415703803300858,0.1619947981089353
2570,2.566666666666667,77,LEFT_HEEL,0.035278573632240295,-0.5653975158929825,0.1382531356066465
2571,2.566666666666667,77,RIGHT_HEEL,-0.04782690107822418,-0.554371789097786,0.174893295392394
2572,2.566666666666667,77,LEFT_FOOT_INDEX,0.038901880383491516,-0.6438780575990678,0.08668375946581361
2573,2.566666666666667,77,RIGHT_FOOT_INDEX,-0.06834296882152557,-0.6342176347970961,0.1230467464774846
2574,2.6,78,NOSE,0.0027726739645004272,0.10134384036064148,-0.13853981718420985
2575,2.6,78,LEFT_EYE_INNER,0.01128523051738739,0.12198932468891147,-0.12771774455904955
2576,2.6,78,LEFT_EYE,0.016495749354362488,0.12144194543361667,-0.12775022909045214
2577,2.6,78,LEFT_EYE_OUTER,0.02045552432537079,0.12062206864356997,-0.12782939895987505
2578,2.6,78,RIGHT_EYE_INNER,-0.004549816250801086,0.12315161526203156,-0.12708624824881556
2579,2.6,78,RIGHT_EYE,-0.009206488728523254,0.12316712737083438,-0.12711013481020925
2580,2.6,78,RIGHT_EYE_OUTER,-0.012195959687232971,0.12314562499523166,-0.12712788209319115
2581,2.6,78,LEFT_EAR,0.025655850768089294,0.11046673357486728,-0.049810808151960345
2582,2.6,78,RIGHT_EAR,-0.017484918236732483,0.11487536132335666,-0.048913490027189255
2583,2.6,78,MOUTH_LEFT,0.012378618121147156,0.07852651178836828,-0.10860624536871905
2584,2.6,78,MOUTH_RIGHT,-0.0073251873254776,0.08177548646926885,-0.10818503424525264
2585,2.6,78,LEFT_SHOULDER,0.0545150488615036,-0.009276822209358215,-0.011072736233472852
2586,2.6,78,RIGHT_SHOULDER,-0.0545150488615036,0.00927682220935827,0.011072736233472852
2587,2.6,78,LEFT_ELBOW,0.07640509307384491,-0.15170647203922272,-0.019121412187814657
2588,2.6,78,RIGHT_ELBOW,-0.097885861992836,-0.14339356124401093,-0.052356120198965045
2589,2.6,78,LEFT_WRIST,0.03183971345424652,-0.21096502244472504,-0.10501196607947344
2590,2.6,78,RIGHT_WRIST,-0.06118308007717138,-0.08473213016986841,-0.20692419633269313
2591,2.6,78,LEFT_PINKY,0.01741747558116913,-0.23271124064922333,-0.12431536242365834
2592,2.6,78,RIGHT_PINKY,-0.04596434533596039,-0.07876230776309961,-0.23334589228034017
2593,2.6,78,LEFT_INDEX,0.011599943041801453,-0.20882807672023773,-0.11752268299460414
2594,2.6,78,RIGHT_INDEX,-0.0411345511674881,-0.052177414298057556,-0.21889555081725123
2595,2.6,78,LEFT_THUMB,0.014168068766593933,-0.2025025337934494,-0.10013179108500475
2596,2.6,78,RIGHT_THUMB,-0.04294769465923309,-0.05520956218242645,-0.20226168259978297
2597,2.6,78,LEFT_HIP,0.02021317183971405,-0.2578362077474594,0.06512503465637565
2598,2.6,78,RIGHT_HIP,-0.04327376186847687,-0.2520407885313034,0.07765754638239734
2599,2.6,78,LEFT_KNEE,0.0516849011182785,-0.4326162785291672,-0.025016885250806753
2600,2.6,78,RIGHT_KNEE,-0.07210756838321691,-0.395062193274498,0.022203832864761353
2601,2.6,78,LEFT_ANKLE,0.05262856185436249,-0.5649480074644089,0.13998194411396975
2602,2.6,78,RIGHT_ANKLE,-0.05458603799343109,-0.5451503843069077,0.17056014761328694
2603,2.6,78,LEFT_HEEL,0.04202900826931,-0.568815752863884,0.15155592188239095
2604,2.6,78,RIGHT_HEEL,-0.0473047941923142,-0.5540175288915634,0.18401010707020754
2605,2.6,78,LEFT_FOOT_INDEX,0.047256991267204285,-0.6537696570158004,0.09855742007493964
2606,2.6,78,RIGHT_FOOT_INDEX,-0.06790630519390112,-0.6392354220151901,0.13150569051504124
2607,2.6333333333333333,79,NOSE,0.0025053471326828003,0.10031779110431677,-0.19139524176716805
2608,2.6333333333333333,79,LEFT_EYE_INNER,0.01110754907131195,0.12181600928306585,-0.17850260809063911
2609,2.6333333333333333,79,LEFT_EYE,0.016373619437217712,0.12155124545097357,-0.17852421477437014
2610,2.6333333333333333,79,LEFT_EYE_OUTER,0.020285114645957947,0.12091761827468875,-0.17859955504536623
2611,2.6333333333333333,79,RIGHT_EYE_INNER,-0.004767075181007385,0.12305881083011636,-0.17857103422284126
2612,2.6333333333333333,79,RIGHT_EYE,-0.009494438767433167,0.12333878874778756,-0.17863615229725832
2613,2.6333333333333333,79,RIGHT_EYE_OUTER,-0.012450829148292542,0.12350142002105716,-0.17864512279629702
2614,2.6333333333333333,79,LEFT_EAR,0.02553616464138031,0.11114987730979925,-0.07729648426175115
2615,2.6333333333333333,79,RIGHT_EAR,-0.017755523324012756,0.11535641551017767,-0.07971987500786773
2616,2.6333333333333333,79,MOUTH_LEFT,0.011927053332328796,0.07723142206668854,-0.15159069374203682
2617,2.6333333333333333,79,MOUTH_RIGHT,-0.007730141282081604,0.08071102201938635,-0.15226667001843452
2618,2.6333333333333333,79,LEFT_SHOULDER,0.05451570451259613,-0.00793541967868805,-0.007427770644426346
2619,2.6333333333333333,79,RIGHT_SHOULDER,-0.054515704512596186,0.00793541967868805,0.00742777064442636
2620,2.6333333333333333,79,LEFT_ELBOW,0.07640115916728973,-0.15105997025966644,-0.0009143985807895383
2621,2.6333333333333333,79,RIGHT_ELBOW,-0.09050823748111725,-0.15329702198505402,-0.04968001320958135
2622,2.6333333333333333,79,LEFT_WRIST,0.0342281311750412,-0.20245449244976044,-0.10969409719109535
2623,2.6333333333333333,79,RIGHT_WRIST,-0.061010912060737665,-0.11301742494106293,-0.24483456090092653
2624,2.6333333333333333,79,LEFT_PINKY,0.019664451479911804,-0.22163282334804535,-0.13868762925267214
2625,2.6333333333333333,79,RIGHT_PINKY,-0.04831038415431976,-0.10862545669078827,-0.28299565985798836
2626,2.6333333333333333,79,LEFT_INDEX,0.014621421694755554,-0.1970343440771103,-0.14035909250378603
2627,2.6333333333333333,79,RIGHT_INDEX,-0.04629333317279816,-0.08058412373065943,-0.27940531447529793
2628,2.6333333333333333,79,LEFT_THUMB,0.0173293799161911,-0.1889847368001938,-0.10922798886895174
2629,2.6333333333333333,79,RIGHT_THUMB,-0.04755799472332006,-0.08027608692646027,-0.245765883475542
2630,2.6333333333333333,79,LEFT_HIP,0.022072061896324158,-0.25628845393657684,0.11791496537625797
2631,2.6333333333333333,79,RIGHT_HIP,-0.04272271692752838,-0.25195924937725067,0.12995229335501787
2632,2.6333333333333333,79,LEFT_KNEE,0.05712525546550751,-0.434801921248436,0.02346952632069596
2633,2.6333333333333333,79,RIGHT_KNEE,-0.06617738306522375,-0.41548119485378265,0.08105816319584856
2634,2.6333333333333333,79,LEFT_ANKLE,0.057146355509757996,-0.5680138319730759,0.23192832991480827
2635,2.6333333333333333,79,RIGHT_ANKLE,-0.053437009453773554,-0.5496532171964645,0.281480859965086
2636,2.6333333333333333,79,LEFT_HEEL,0.04787246882915497,-0.5773257464170456,0.24940251931548116
2637,2.6333333333333333,79,RIGHT_HEEL,-0.04685695469379425,-0.5583901256322861,0.29910094663500786
2638,2.6333333333333333,79,LEFT_FOOT_INDEX,0.056943878531455994,-0.6611841768026352,0.16657116636633867
2639,2.6333333333333333,79,RIGHT_FOOT_INDEX,-0.06746335327625275,-0.6442852467298507,0.21620405092835426
2640,2.6666666666666665,80,NOSE,0.002525508403778076,0.09993965923786163,-0.17316855490207675
2641,2.6666666666666665,80,LEFT_EYE_INNER,0.011119246482849121,0.12216879427433014,-0.15938870608806607
2642,2.6666666666666665,80,LEFT_EYE,0.016341090202331543,0.12205420434474945,-0.15970794856548307
2643,2.6666666666666665,80,LEFT_EYE_OUTER,0.02014213800430298,0.12155298888683325,-0.15990246832370755
2644,2.6666666666666665,80,RIGHT_EYE_INNER,-0.004745304584503174,0.12307138741016393,-0.16664795577526095
2645,2.6666666666666665,80,RIGHT_EYE,-0.009524226188659668,0.12346926331520083,-0.16682584583759305
2646,2.6666666666666665,80,RIGHT_EYE_OUTER,-0.012533366680145264,0.12364916503429413,-0.16705407202243808
2647,2.6666666666666665,80,LEFT_EAR,0.025332331657409668,0.11197166144847873,-0.06414820253849027
2648,2.6666666666666665,80,RIGHT_EAR,-0.01777815818786621,0.11546954512596133,-0.10348011553287506
2649,2.6666666666666665,80,MOUTH_LEFT,0.011700153350830078,0.07667890191078186,-0.13428786396980286
2650,2.6666666666666665,80,MOUTH_RIGHT,-0.007767081260681152,0.07991588115692144,-0.14326980710029605
2651,2.6666666666666665,80,LEFT_SHOULDER,0.05452728271484375,-0.006835609674453735,-0.0063287094235420505
2652,2.6666666666666665,80,RIGHT_SHOULDER,-0.05452728271484375,0.006835609674453735,0.006328709423542037
2653,2.6666666666666665,80,LEFT_ELBOW,0.07642513513565063,-0.14960199594497675,0.004965893924236339
2654,2.6666666666666665,80,RIGHT_ELBOW,-0.07905372977256775,-0.14057075977325434,-0.009568840265274062
2655,2.6666666666666665,80,LEFT_WRIST,0.03540736436843872,-0.19954261183738708,-0.10259264707565305
2656,2.6666666666666665,80,RIGHT_WRIST,-0.05275624990463257,-0.15103673934936523,-0.13365589082241056
2657,2.6666666666666665,80,LEFT_PINKY,0.020701050758361816,-0.21777358651161194,-0.11778131127357486
2658,2.6666666666666665,80,RIGHT_PINKY,-0.039128839969635065,-0.16435268521308893,-0.16145752370357516
2659,2.6666666666666665,80,LEFT_INDEX,0.016611933708190918,-0.19354262948036194,-0.11264012753963465
2660,2.6666666666666665,80,RIGHT_INDEX,-0.036008298397064264,-0.13708513975143427,-0.16570310294628146
2661,2.6666666666666665,80,LEFT_THUMB,0.01914745569229126,-0.1853940784931183,-0.09482806921005246
2662,2.6666666666666665,80,RIGHT_THUMB,-0.03526607155799866,-0.13356298208236694,-0.13625593483448026
2663,2.6666666666666665,80,LEFT_HIP,0.026967167854309082,-0.25515469908714294,0.09161784313619134
2664,2.6666666666666665,80,RIGHT_HIP,-0.04064565896987915,-0.2512039840221405,0.10364703321829434
2665,2.6666666666666665,80,LEFT_KNEE,0.058640480041503906,-0.427197128534317,-0.019015818834304754
2666,2.6666666666666665,80,RIGHT_KNEE,-0.06545647978782654,-0.40860608220100403,0.008117400109767942
2667,2.6666666666666665,80,LEFT_ANKLE,0.05875444412231445,-0.5689458549022675,0.17625968158245084
2668,2.6666666666666665,80,RIGHT_ANKLE,-0.05335634946823126,-0.5530032217502594,0.17946244031190864
2669,2.6666666666666665,80,LEFT_HEEL,0.04743015766143799,-0.5771166384220122,0.19298886507749555
2670,2.6666666666666665,80,RIGHT_HEEL,-0.04658269882202154,-0.5621703565120697,0.19446967542171473
2671,2.6666666666666665,80,LEFT_FOOT_INDEX,0.05816870927810669,-0.6602711379528047,0.11977418884634965
2672,2.6666666666666665,80,RIGHT_FOOT_INDEX,-0.06737598776817322,-0.6447498500347139,0.12414584681391705
2673,2.7,81,NOSE,0.002449735999107361,0.10049505531787872,-0.1483893319964409
2674,2.7,81,LEFT_EYE_INNER,0.01096336543560028,0.1229817122220993,-0.1351524367928505
2675,2.7,81,LEFT_EYE,0.016064390540122986,0.12286689877510071,-0.1352683231234551
2676,2.7,81,LEFT_EYE_OUTER,0.0197475403547287,0.12237341701984411,-0.1353794857859612
2677,2.7,81,RIGHT_EYE_INNER,-0.004781082272529602,0.12367367744445801,-0.13739507645368582
2678,2.7,81,RIGHT_EYE,-0.009612932801246643,0.12404766678810122,-0.1374646350741387
2679,2.7,81,RIGHT_EYE_OUTER,-0.01273299753665924,0.12416204810142523,-0.13755438476800919
2680,2.7,81,LEFT_EAR,0.024988338351249695,0.11271899938583382,-0.04893457144498829
2681,2.7,81,RIGHT_EAR,-0.017866507172584534,0.11567203700542453,-0.0642029568552971
2682,2.7,81,MOUTH_LEFT,0.01132325828075409,0.07704725861549383,-0.11426030844450001
2683,2.7,81,MOUTH_RIGHT,-0.0077971965074539185,0.08015736937522894,-0.1177305653691292
2684,2.7,81,LEFT_SHOULDER,0.054527267813682556,-0.0061801970005034845,-0.011219583451747894
2685,2.7,81,RIGHT_SHOULDER,-0.05452726781368261,0.00618019700050354,0.011219583451747894
2686,2.7,81,LEFT_ELBOW,0.07682256400585175,-0.14787769317626948,-0.0003831535577774048
2687,2.7,81,RIGHT_ELBOW,-0.07786892354488373,-0.13247227668762207,-0.013811528682708796
2688,2.7,81,LEFT_WRIST,0.036466822028160095,-0.1925119161605835,-0.1123654618859291
2689,2.7,81,RIGHT_WRIST,-0.05769418179988861,-0.1669495701789856,-0.1525247022509575
2690,2.7,81,LEFT_PINKY,0.021441206336021423,-0.21088629961013794,-0.1442293450236321
2691,2.7,81,RIGHT_PINKY,-0.05426935851573944,-0.18201953172683716,-0.18369265645742416
2692,2.7,81,LEFT_INDEX,0.017215654253959656,-0.18543964624404907,-0.1444144770503044
2693,2.7,81,RIGHT_INDEX,-0.04821331799030304,-0.16574501991271967,-0.1809354946017266
2694,2.7,81,LEFT_THUMB,0.019899949431419373,-0.17638850212097168,-0.11202313750982289
2695,2.7,81,RIGHT_THUMB,-0.04416050016880041,-0.16048979759216309,-0.15587053447961807
2696,2.7,81,LEFT_HIP,0.02656404674053192,-0.25432348251342773,0.0854686256498098
2697,2.7,81,RIGHT_HIP,-0.0406518429517746,-0.25022685527801514,0.0940220691263675
2698,2.7,81,LEFT_KNEE,0.0539235919713974,-0.4322394132614136,0.016237586736679105
2699,2.7,81,RIGHT_KNEE,-0.06396116316318512,-0.4146082401275635,0.0551596954464912
2700,2.7,81,LEFT_ANKLE,0.0573907345533371,-0.5672546029090881,0.2091319561004638
2701,2.7,81,RIGHT_ANKLE,-0.05286450684070593,-0.5509829521179199,0.2463544681668281
2702,2.7,81,LEFT_HEEL,0.04708807170391083,-0.5755854249000549,0.2257060185074805
2703,2.7,81,RIGHT_HEEL,-0.04583562910556793,-0.5598207116127014,0.2636209204792975
2704,2.7,81,LEFT_FOOT_INDEX,0.05600444972515106,-0.6595541834831237,0.15299601107835759
2705,2.7,81,RIGHT_FOOT_INDEX,-0.06700415909290314,-0.6409957408905029,0.18889103829860682
2706,2.7333333333333334,82,NOSE,0.0025490373373031616,0.10108995437622073,-0.12724667787551874
2707,2.7333333333333334,82,LEFT_EYE_INNER,0.010963723063468933,0.12375222146511083,-0.11418682336807245
2708,2.7333333333333334,82,LEFT_EYE,0.01596711575984955,0.12364402413368233,-0.11427114903926844
2709,2.7333333333333334,82,LEFT_EYE_OUTER,0.019517406821250916,0.12316723167896274,-0.11435638368129725
2710,2.7333333333333334,82,RIGHT_EYE_INNER,-0.004676297307014465,0.12429282069206243,-0.11509086191654205
2711,2.7333333333333334,82,RIGHT_EYE,-0.009533718228340149,0.12466734647750854,-0.11513186991214744
2712,2.7333333333333334,82,RIGHT_EYE_OUTER,-0.012760713696479797,0.12472015619277954,-0.11520546674728394
2713,2.7333333333333334,82,LEFT_EAR,0.02477453649044037,0.11348035931587225,-0.034605368971824646
2714,2.7333333333333334,82,RIGHT_EAR,-0.017971590161323547,0.11590749025344854,-0.041931942105293246
2715,2.7333333333333334,82,MOUTH_LEFT,0.011312410235404968,0.07776215672492981,-0.09731592237949366
2716,2.7333333333333334,82,MOUTH_RIGHT,-0.00767989456653595,0.08076599240303045,-0.09911499917507163
2717,2.7333333333333334,82,LEFT_SHOULDER,0.05464719235897064,-0.005670100450515747,-0.0011001937091350486
2718,2.7333333333333334,82,RIGHT_SHOULDER,-0.05464719235897064,0.005670100450515747,0.0011001937091350555
2719,2.7333333333333334,82,LEFT_ELBOW,0.07795308530330658,-0.14776140451431274,-0.0073863044381141454
2720,2.7333333333333334,82,RIGHT_ELBOW,-0.07974343001842504,-0.12862619757652277,-0.01143999397754665
2721,2.7333333333333334,82,LEFT_WRIST,0.03808002173900604,-0.18298780918121338,-0.12132069468498224
2722,2.7333333333333334,82,RIGHT_WRIST,-0.05757887661457067,-0.1842065453529358,-0.12521129846572876
2723,2.7333333333333334,82,LEFT_PINKY,0.022862836718559265,-0.19713592529296875,-0.15927803516387934
2724,2.7333333333333334,82,RIGHT_PINKY,-0.05207021534442907,-0.20416724681854248,-0.15126249194145194
2725,2.7333333333333334,82,LEFT_INDEX,0.019030675292015076,-0.17257946729660034,-0.15696324408054343
2726,2.7333333333333334,82,RIGHT_INDEX,-0.04491861164569855,-0.18705755472183228,-0.15537536144256583
2727,2.7333333333333334,82,LEFT_THUMB,0.022163614630699158,-0.16554436087608337,-0.12166182696819305
2728,2.7333333333333334,82,RIGHT_THUMB,-0.043760731816291865,-0.17759102582931519,-0.12799194455146784
2729,2.7333333333333334,82,LEFT_HIP,0.027474984526634216,-0.2543375492095947,0.04811801481992015
2730,2.7333333333333334,82,RIGHT_HIP,-0.04051817953586584,-0.25083911418914795,0.056655595079064355
2731,2.7333333333333334,82,LEFT_KNEE,0.053910717368125916,-0.435729444026947,-0.021640963852405548
2732,2.7333333333333334,82,RIGHT_KNEE,-0.06394056975841528,-0.4162105917930603,0.0019903182983398507
2733,2.7333333333333334,82,LEFT_ANKLE,0.05730198323726654,-0.575308918952942,0.16053351759910575
2734,2.7333333333333334,82,RIGHT_ANKLE,-0.052131399512290955,-0.5510849952697754,0.14808632433414454
2735,2.7333333333333334,82,LEFT_HEEL,0.04758100211620331,-0.582883596420288,0.17027450352907175
2736,2.7333333333333334,82,RIGHT_HEEL,-0.045135095715522766,-0.5592969059944153,0.16067535430192947
2737,2.7333333333333334,82,LEFT_FOOT_INDEX,0.0588831752538681,-0.6653824448585511,0.10634770244359965
2738,2.7333333333333334,82,RIGHT_FOOT_INDEX,-0.06675629317760468,-0.6422276496887208,0.09664964675903315
2739,2.7666666666666666,83,NOSE,0.0027869194746017456,0.10163173079490662,-0.13506614230573183
2740,2.7666666666666666,83,LEFT_EYE_INNER,0.011071726679801941,0.12449617683887482,-0.12184577248990534
2741,2.7666666666666666,83,LEFT_EYE,0.016032740473747253,0.12441192567348483,-0.12190919183194644
2742,2.7666666666666666,83,LEFT_EYE_OUTER,0.01945500075817108,0.12396354973316193,-0.12198401056230075
2743,2.7666666666666666,83,RIGHT_EYE_INNER,-0.004410699009895325,0.12501806020736703,-0.12323141656816004
2744,2.7666666666666666,83,RIGHT_EYE,-0.009343817830085754,0.12544883787631994,-0.12325782142579554
2745,2.7666666666666666,83,RIGHT_EYE_OUTER,-0.012643232941627502,0.12551012635231024,-0.12329979799687864
2746,2.7666666666666666,83,LEFT_EAR,0.024699077010154724,0.11429686844348913,-0.03771553002297885
2747,2.7666666666666666,83,RIGHT_EAR,-0.01784391701221466,0.11657415330410004,-0.04739127121865755
2748,2.7666666666666666,83,MOUTH_LEFT,0.011429712176322937,0.07838043570518494,-0.10319428704679014
2749,2.7666666666666666,83,MOUTH_RIGHT,-0.007382646203041077,0.08120891451835632,-0.10573514364659785
2750,2.7666666666666666,83,LEFT_SHOULDER,0.05502860248088837,-0.004700332880020086,-0.00016516633331774971
2751,2.7666666666666666,83,RIGHT_SHOULDER,-0.05502860248088842,0.004700332880020142,0.00016516633331775665
2752,2.7666666666666666,83,LEFT_ELBOW,0.07946442067623138,-0.14622414112091064,-0.013100733980536447
2753,2.7666666666666666,83,RIGHT_ELBOW,-0.0806875079870224,-0.12620970606803888,-0.009936006739735645
2754,2.7666666666666666,83,LEFT_WRIST,0.040520116686820984,-0.17066460847854614,-0.13909698091447353
2755,2.7666666666666666,83,RIGHT_WRIST,-0.058756664395332336,-0.18471556901931763,-0.13091062568128115
2756,2.7666666666666666,83,LEFT_PINKY,0.025567755103111267,-0.1798849105834961,-0.17395921610295773
2757,2.7666666666666666,83,RIGHT_PINKY,-0.05563934147357941,-0.20483875274658203,-0.15842466615140444
2758,2.7666666666666666,83,LEFT_INDEX,0.022855445742607117,-0.15417030453681946,-0.17139880917966366
2759,2.7666666666666666,83,RIGHT_INDEX,-0.049232169985771235,-0.18672901391983032,-0.16504940949380403
2760,2.7666666666666666,83,LEFT_THUMB,0.02634643018245697,-0.1490139663219452,-0.13909997604787355
2761,2.7666666666666666,83,RIGHT_THUMB,-0.0484510213136673,-0.17871308326721191,-0.13481169007718563
2762,2.7666666666666666,83,LEFT_HIP,0.027651116251945496,-0.25414353609085083,0.040916120633482954
2763,2.7666666666666666,83,RIGHT_HIP,-0.04010607302188873,-0.2524290680885315,0.04952663462609046
2764,2.7666666666666666,83,LEFT_KNEE,0.051759347319602966,-0.43927592039108276,-0.025578102096915245
2765,2.7666666666666666,83,RIGHT_KNEE,-0.06583268940448761,-0.41800564527511597,-0.003535417839884744
2766,2.7666666666666666,83,LEFT_ANKLE,0.05765126645565033,-0.5770171284675599,0.14742401428520666
2767,2.7666666666666666,83,RIGHT_ANKLE,-0.05162976682186132,-0.5515626072883606,0.13375582732260216
2768,2.7666666666666666,83,LEFT_HEEL,0.04875330626964569,-0.5803872942924498,0.15470565296709526
2769,2.7666666666666666,83,RIGHT_HEEL,-0.04460166394710541,-0.5599879026412964,0.14558745361864556
2770,2.7666666666666666,83,LEFT_FOOT_INDEX,0.05940549075603485,-0.6639234423637391,0.09759227372705925
2771,2.7666666666666666,83,RIGHT_FOOT_INDEX,-0.06628130376338959,-0.6422036886215211,0.08384685404598705
2772,2.8,84,NOSE,0.0028830617666244507,0.1023267209529877,-0.16255449131131175
2773,2.8,84,LEFT_EYE_INNER,0.010969206690788269,0.1252523511648179,-0.14894043281674385
2774,2.8,84,LEFT_EYE,0.01586107909679413,0.1251718103885651,-0.14899766817688945
2775,2.8,84,LEFT_EYE_OUTER,0.019145295023918152,0.12477393448352819,-0.14909063652157784
2776,2.8,84,RIGHT_EYE_INNER,-0.004386082291603088,0.1257801055908204,-0.15065966919064525
2777,2.8,84,RIGHT_EYE,-0.009413078427314758,0.12628571689128879,-0.15069733932614324
2778,2.8,84,RIGHT_EYE_OUTER,-0.012833848595619202,0.126365140080452,-0.15071642771363264
2779,2.8,84,LEFT_EAR,0.0244014710187912,0.1152568757534028,-0.05412052944302565
2780,2.8,84,RIGHT_EAR,-0.018066003918647766,0.11734496057033539,-0.06570667400956154
2781,2.8,84,MOUTH_LEFT,0.011465117335319519,0.07918636500835419,-0.12558931484818464
2782,2.8,84,MOUTH_RIGHT,-0.007267668843269348,0.08174930512905121,-0.12871051207184794
2783,2.8,84,LEFT_SHOULDER,0.055285677313804626,-0.003628954291343689,0.0006486922502517492
2784,2.8,84,RIGHT_SHOULDER,-0.05528567731380468,0.003628954291343689,-0.0006486922502517492
2785,2.8,84,LEFT_ELBOW,0.0815572589635849,-0.14605356752872461,-0.016268145292997353
2786,2.8,84,RIGHT_ELBOW,-0.0806369036436081,-0.1251179724931717,-0.004819948226213448
2787,2.8,84,LEFT_WRIST,0.04038868844509125,-0.1571754664182663,-0.15725909546017644
2788,2.8,84,RIGHT_WRIST,-0.05914749205112457,-0.1847655326128006,-0.12598726525902754
2789,2.8,84,LEFT_PINKY,0.02549169957637787,-0.1611377447843551,-0.19315109029412275
2790,2.8,84,RIGHT_PINKY,-0.05705754458904272,-0.20429302752017975,-0.15457652881741524
2791,2.8,84,LEFT_INDEX,0.022831425070762634,-0.1342214196920395,-0.18957959488034254
2792,2.8,84,RIGHT_INDEX,-0.0513992458581925,-0.18870951235294342,-0.16157380118966105
2793,2.8,84,LEFT_THUMB,0.026333674788475037,-0.13052035868167872,-0.15650001540780073
2794,2.8,84,RIGHT_THUMB,-0.050466313958168085,-0.1794712096452713,-0.13002837076783183
2795,2.8,84,LEFT_HIP,0.02922479808330536,-0.2553517371416092,0.05597926815971735
2796,2.8,84,RIGHT_HIP,-0.037350401282310486,-0.257734015583992,0.06471248995512716
2797,2.8,84,LEFT_KNEE,0.046549007296562195,-0.4525466114282608,0.01772279292345045
2798,2.8,84,RIGHT_KNEE,-0.058194056153297424,-0.434264674782753,0.06830558460205785
2799,2.8,84,LEFT_ANKLE,0.05839018523693085,-0.5789914876222612,0.20897201821207995
2800,2.8,84,RIGHT_ANKLE,-0.05040253698825842,-0.5582759529352188,0.22824678942561136
2801,2.8,84,LEFT_HEEL,0.05059294402599335,-0.5842187553644179,0.22586799785494796
2802,2.8,84,RIGHT_HEEL,-0.043435707688331604,-0.5684418231248856,0.24343919381499285
2803,2.8,84,LEFT_FOOT_INDEX,0.05926470458507538,-0.6627292782068251,0.16857970133423794
2804,2.8,84,RIGHT_FOOT_INDEX,-0.06393097341060638,-0.6405679136514663,0.17713199928402884
2805,2.833333333333333,85,NOSE,0.0029908418655395508,0.10292531549930578,-0.165131576359272
2806,2.833333333333333,85,LEFT_EYE_INNER,0.011023938655853271,0.12589220702648168,-0.1516714617609978
2807,2.833333333333333,85,LEFT_EYE,0.01581716537475586,0.12579652667045596,-0.15173106640577322
2808,2.833333333333333,85,LEFT_EYE_OUTER,0.01904696226119995,0.12545657157897958,-0.151829294860363
2809,2.833333333333333,85,RIGHT_EYE_INNER,-0.004336893558502197,0.12634488940238958,-0.1534768417477608
2810,2.833333333333333,85,RIGHT_EYE,-0.00939321517944336,0.12689706683158877,-0.1535213366150856
2811,2.833333333333333,85,RIGHT_EYE_OUTER,-0.013011515140533447,0.12697836756706238,-0.1535485312342644
2812,2.833333333333333,85,LEFT_EAR,0.024335265159606934,0.11601144075393677,-0.05685082823038101
2813,2.833333333333333,85,RIGHT_EAR,-0.018265604972839355,0.11790315806865698,-0.0678597018122673
2814,2.833333333333333,85,MOUTH_LEFT,0.011538147926330566,0.07989427447319036,-0.1281406506896019
2815,2.833333333333333,85,MOUTH_RIGHT,-0.00716477632522583,0.08218827843666077,-0.1311634108424187
2816,2.833333333333333,85,LEFT_SHOULDER,0.05545985698699951,-0.0025627911090850275,-0.0006456300616264066
2817,2.833333333333333,85,RIGHT_SHOULDER,-0.05545985698699957,0.002562791109085083,0.0006456300616263927
2818,2.833333333333333,85,LEFT_ELBOW,0.08488553762435913,-0.1455827355384826,-0.025924332439899417
2819,2.833333333333333,85,RIGHT_ELBOW,-0.08039689064025879,-0.12493449449539185,-0.001084543764591217
2820,2.833333333333333,85,LEFT_WRIST,0.04026675224304199,-0.14404132962226862,-0.1761241033673287
2821,2.833333333333333,85,RIGHT_WRIST,-0.060761213302612305,-0.18393614888191223,-0.12513905018568042
2822,2.833333333333333,85,LEFT_PINKY,0.02552664279937744,-0.14733803272247314,-0.2120287641882897
2823,2.833333333333333,85,RIGHT_PINKY,-0.05856731534004217,-0.20356491208076477,-0.15321295708417892
2824,2.833333333333333,85,LEFT_INDEX,0.022732317447662354,-0.11966088414192194,-0.20520558208227163
2825,2.833333333333333,85,RIGHT_INDEX,-0.05283278226852417,-0.18669119477272034,-0.1606594398617745
2826,2.833333333333333,85,LEFT_THUMB,0.02655160427093506,-0.11591985821723932,-0.1739633902907372
2827,2.833333333333333,85,RIGHT_THUMB,-0.052254319190979004,-0.1781613528728485,-0.12922420352697372
2828,2.833333333333333,85,LEFT_HIP,0.031060218811035156,-0.25679144263267517,0.06121812108904119
2829,2.833333333333333,85,RIGHT_HIP,-0.034310221672058105,-0.262016624212265,0.06998594105243669
2830,2.833333333333333,85,LEFT_KNEE,0.04722112417221069,-0.4662134349346161,0.01213508844375609
2831,2.833333333333333,85,RIGHT_KNEE,-0.057305991649627686,-0.44120165705680847,0.06640614959178479
2832,2.833333333333333,85,LEFT_ANKLE,0.06129109859466553,-0.5817194283008574,0.20508680492639528
2833,2.833333333333333,85,RIGHT_ANKLE,-0.049770683050155695,-0.5585689842700958,0.2230965569615363
2834,2.833333333333333,85,LEFT_HEEL,0.05213850736618042,-0.5876945555210115,0.22250138968229288
2835,2.833333333333333,85,RIGHT_HEEL,-0.043092906475067194,-0.5690017640590667,0.2378410473465919
2836,2.833333333333333,85,LEFT_FOOT_INDEX,0.06498408317565918,-0.6703604161739349,0.1612416729331016
2837,2.833333333333333,85,RIGHT_FOOT_INDEX,-0.0629208385944367,-0.6408052742481231,0.17126756906509388
2838,2.8666666666666667,86,NOSE,0.00302201509475708,0.10332146286964419,-0.1688437703996897
2839,2.8666666666666667,86,LEFT_EYE_INNER,0.010986268520355225,0.1262715160846711,-0.1547423545271158
2840,2.8666666666666667,86,LEFT_EYE,0.015662550926208496,0.12617127597332,-0.1548886243253946
2841,2.8666666666666667,86,LEFT_EYE_OUTER,0.018870115280151367,0.1258376985788346,-0.1550146583467722
2842,2.8666666666666667,86,RIGHT_EYE_INNER,-0.004335582256317139,0.1266246885061264,-0.15712800063192842
2843,2.8666666666666667,86,RIGHT_EYE,-0.009397029876708984,0.1271519213914872,-0.1571612153202295
2844,2.8666666666666667,86,RIGHT_EYE_OUTER,-0.013193845748901367,0.1271637231111527,-0.1571812126785517
2845,2.8666666666666667,86,LEFT_EAR,0.024218976497650146,0.11640346050262451,-0.0544748101383447
2846,2.8666666666666667,86,RIGHT_EAR,-0.018545925617218018,0.11784040927886971,-0.07191985286772251
2847,2.8666666666666667,86,MOUTH_LEFT,0.01154637336730957,0.080293208360672,-0.12812224961817262
2848,2.8666666666666667,86,MOUTH_RIGHT,-0.0071288347244262695,0.08252215385437012,-0.1334523353725672
2849,2.8666666666666667,86,LEFT_SHOULDER,0.0555952787399292,-0.0016499161720275879,-0.0011147912591695994
2850,2.8666666666666667,86,RIGHT_SHOULDER,-0.0555952787399292,0.0016499161720275879,0.0011147912591695994
2851,2.8666666666666667,86,LEFT_ELBOW,0.08894950151443481,-0.14633169770240778,-0.034168669953942306
2852,2.8666666666666667,86,RIGHT_ELBOW,-0.08107197284698486,-0.12495899200439448,0.010101156309247003
2853,2.8666666666666667,86,LEFT_WRIST,0.04037880897521973,-0.12649068236351008,-0.1833389494568109
2854,2.8666666666666667,86,RIGHT_WRIST,-0.061956584453582764,-0.18322700262069702,-0.1076942477375269
2855,2.8666666666666667,86,LEFT_PINKY,0.02562844753265381,-0.1273863017559051,-0.21885269321501252
2856,2.8666666666666667,86,RIGHT_PINKY,-0.05877345800399786,-0.20422416925430298,-0.1329414639621973
2857,2.8666666666666667,86,LEFT_INDEX,0.0228271484375,-0.09761428833007812,-0.20819129981100562
2858,2.8666666666666667,86,RIGHT_INDEX,-0.05271315574645996,-0.1872941255569458,-0.14208065904676911
2859,2.8666666666666667,86,LEFT_THUMB,0.026451408863067627,-0.09576526284217829,-0.1796673480421305
2860,2.8666666666666667,86,RIGHT_THUMB,-0.052719682455062866,-0.17823737859725952,-0.1122905258089304
2861,2.8666666666666667,86,LEFT_HIP,0.03467905521392822,-0.26254552602767944,0.0573358007241041
2862,2.8666666666666667,86,RIGHT_HIP,-0.030385285615921076,-0.26880210638046265,0.0639821663498878
2863,2.8666666666666667,86,LEFT_KNEE,0.04762399196624756,-0.4676794409751892,0.0390238966792822
2864,2.8666666666666667,86,RIGHT_KNEE,-0.046899259090423584,-0.4518529772758484,0.0813524704426526
2865,2.8666666666666667,86,LEFT_ANKLE,0.06111365556716919,-0.5842458009719848,0.2318989541381597
2866,2.8666666666666667,86,RIGHT_ANKLE,-0.049314022064208984,-0.5618749856948853,0.2387023922055959
2867,2.8666666666666667,86,LEFT_HEEL,0.05278843641281128,-0.5911849141120912,0.2489829715341329
2868,2.8666666666666667,86,RIGHT_HEEL,-0.04280441999435425,-0.5716278553009032,0.253360679373145
2869,2.8666666666666667,86,LEFT_FOOT_INDEX,0.06691068410873413,-0.671642005443573,0.1897750850766897
2870,2.8666666666666667,86,RIGHT_FOOT_INDEX,-0.06274771690368658,-0.641505777835846,0.1852866169065236
2871,2.9,87,NOSE,0.0030090361833572388,0.10273964703083038,-0.19178530946373934
2872,2.9,87,LEFT_EYE_INNER,0.01087518036365509,0.12571243941783908,-0.17717238143086433
2873,2.9,87,LEFT_EYE,0.015410974621772766,0.12564954161643987,-0.17724624648690224
2874,2.9,87,LEFT_EYE_OUTER,0.01857568323612213,0.12535223364830017,-0.17732671275734893
2875,2.9,87,RIGHT_EYE_INNER,-0.004376813769340515,0.12568111717700958,-0.17856192961335174
2876,2.9,87,RIGHT_EYE,-0.009427234530448914,0.12609839439392098,-0.17857557907700533
2877,2.9,87,RIGHT_EYE_OUTER,-0.013390406966209412,0.12600983679294586,-0.17858592048287383
2878,2.9,87,LEFT_EAR,0.02389998733997345,0.11595833301544198,-0.06922857835888863
2879,2.9,87,RIGHT_EAR,-0.01872412860393524,0.11667907238006597,-0.08000171557068825
2880,2.9,87,MOUTH_LEFT,0.011499956250190735,0.07984705269336706,-0.14955412223935124
2881,2.9,87,MOUTH_RIGHT,-0.0071098655462265015,0.08170191943645477,-0.15244043245911593
2882,2.9,87,LEFT_SHOULDER,0.05558241903781891,-0.0011657625436782282,-0.003575507551431642
2883,2.9,87,RIGHT_SHOULDER,-0.05558241903781891,0.0011657625436782837,0.003575507551431656
2884,2.9,87,LEFT_ELBOW,0.09043081104755402,-0.14936308562755585,-0.06664687767624855
2885,2.9,87,RIGHT_ELBOW,-0.08153887093067175,-0.12702392041683191,0.0023731701076031564
2886,2.9,87,LEFT_WRIST,0.04085750877857208,-0.11026062071323395,-0.26685080304741854
2887,2.9,87,RIGHT_WRIST,-0.06320606172084814,-0.1810215264558792,-0.14011347666382784
2888,2.9,87,LEFT_PINKY,0.02564270794391632,-0.10630510747432703,-0.31323016062378883
2889,2.9,87,RIGHT_PINKY,-0.05902110040187841,-0.20171470940113068,-0.17347534373402593
2890,2.9,87,LEFT_INDEX,0.02302737534046173,-0.07619054615497584,-0.3028768338263034
2891,2.9,87,RIGHT_INDEX,-0.05291460454463964,-0.18361790478229523,-0.19003326073288912
2892,2.9,87,LEFT_THUMB,0.02654452621936798,-0.07560558617115021,-0.2644906975328922
2893,2.9,87,RIGHT_THUMB,-0.05321298539638525,-0.17449457943439484,-0.14968990162014953
2894,2.9,87,LEFT_HIP,0.03508599102497101,-0.26578767597675323,0.06519820401445037
2895,2.9,87,RIGHT_HIP,-0.029500111937522944,-0.26942236721515656,0.07071228558197616
2896,2.9,87,LEFT_KNEE,0.04262597858905792,-0.47818125784397125,0.055631681345403264
2897,2.9,87,RIGHT_KNEE,-0.04518626630306244,-0.46335674822330475,0.08541934564709656
2898,2.9,87,LEFT_ANKLE,0.05999495089054108,-0.5934363156557083,0.2694169394671917
2899,2.9,87,RIGHT_ANKLE,-0.04929588735103613,-0.5799902826547622,0.26377221569418907
2900,2.9,87,LEFT_HEEL,0.051917508244514465,-0.6008109599351883,0.28792966529726977
2901,2.9,87,RIGHT_HEEL,-0.04447208344936371,-0.5918678194284439,0.2797866724431515
2902,2.9,87,LEFT_FOOT_INDEX,0.06483002007007599,-0.671076312661171,0.21206897124648086
2903,2.9,87,RIGHT_FOOT_INDEX,-0.06085227429866791,-0.6441071182489395,0.19270210340619087
2904,2.933333333333333,88,NOSE,0.0032375752925872803,0.1010754257440567,-0.19029119610786435
2905,2.933333333333333,88,LEFT_EYE_INNER,0.011003643274307251,0.12387344241142281,-0.17708081007003787
2906,2.933333333333333,88,LEFT_EYE,0.015406936407089233,0.12399101257324222,-0.17714077234268186
2907,2.933333333333333,88,LEFT_EYE_OUTER,0.018473953008651733,0.12398374080657962,-0.17721921205520633
2908,2.933333333333333,88,RIGHT_EYE_INNER,-0.004203885793685913,0.12355673313140872,-0.17878839373588565
2909,2.933333333333333,88,RIGHT_EYE,-0.00924345850944519,0.12395653128623962,-0.17881566286087033
2910,2.933333333333333,88,RIGHT_EYE_OUTER,-0.013273149728775024,0.12389825284481051,-0.17883569002151492
2911,2.933333333333333,88,LEFT_EAR,0.023575037717819214,0.11506555974483493,-0.07130533456802365
2912,2.933333333333333,88,RIGHT_EAR,-0.018784552812576294,0.11488416790962222,-0.08345268666744235
2913,2.933333333333333,88,MOUTH_LEFT,0.011624187231063843,0.07857641577720642,-0.14852230250835413
2914,2.933333333333333,88,MOUTH_RIGHT,-0.006824880838394165,0.08000621199607849,-0.15177950263023374
2915,2.933333333333333,88,LEFT_SHOULDER,0.05540451407432556,-0.0005269348621367853,-0.0030364394187927385
2916,2.933333333333333,88,RIGHT_SHOULDER,-0.05540451407432562,0.0005269348621368408,0.0030364394187927524
2917,2.933333333333333,88,LEFT_ELBOW,0.09122714400291443,-0.15099743008613586,-0.06993257999420163
2918,2.933333333333333,88,RIGHT_ELBOW,-0.08190008997917175,-0.1307496726512909,0.016311585903167752
2919,2.933333333333333,88,LEFT_WRIST,0.04131630063056946,-0.09713900089263916,-0.27127769589424133
2920,2.933333333333333,88,RIGHT_WRIST,-0.0633687674999237,-0.1852475106716156,-0.12822905182838434
2921,2.933333333333333,88,LEFT_PINKY,0.025872796773910522,-0.08823460340499878,-0.31694087386131287
2922,2.933333333333333,88,RIGHT_PINKY,-0.05843290686607361,-0.2055697739124298,-0.15884721279144284
2923,2.933333333333333,88,LEFT_INDEX,0.023331254720687866,-0.057881355285644476,-0.30459296703338623
2924,2.933333333333333,88,RIGHT_INDEX,-0.05217736959457403,-0.1874130666255951,-0.17301368713378903
2925,2.933333333333333,88,LEFT_THUMB,0.02674749493598938,-0.059183150529861395,-0.26811665296554565
2926,2.933333333333333,88,RIGHT_THUMB,-0.05259820818901062,-0.17838087677955627,-0.13639542460441584
2927,2.933333333333333,88,LEFT_HIP,0.035478681325912476,-0.2666855752468109,0.08760513714514676
2928,2.933333333333333,88,RIGHT_HIP,-0.028889119625091553,-0.26948514580726624,0.09141866187565026
2929,2.933333333333333,88,LEFT_KNEE,0.04115304350852966,-0.4747452437877655,0.08434267016127706
2930,2.933333333333333,88,RIGHT_KNEE,-0.043827980756759644,-0.4599893391132355,0.11036295257508746
2931,2.933333333333333,88,LEFT_ANKLE,0.05992981791496277,-0.5909355580806732,0.29839864373207087
2932,2.933333333333333,88,RIGHT_ANKLE,-0.04860436916351324,-0.5780976712703704,0.29361054301261896
2933,2.933333333333333,88,LEFT_HEEL,0.05166611075401306,-0.59917750954628,0.31729707121849055
2934,2.933333333333333,88,RIGHT_HEEL,-0.04351013898849493,-0.5850614607334136,0.31045787036418904
2935,2.933333333333333,88,LEFT_FOOT_INDEX,0.06407883763313293,-0.6693193018436432,0.24623894691467277
2936,2.933333333333333,88,RIGHT_FOOT_INDEX,-0.057330310344696045,-0.6473073065280914,0.22778268158435816
2937,2.966666666666667,89,NOSE,0.0034234225749969482,0.09985661506652829,-0.20253655686974525
2938,2.966666666666667,89,LEFT_EYE_INNER,0.011072665452957153,0.12248171865940088,-0.18844908848404884
2939,2.966666666666667,89,LEFT_EYE,0.015355795621871948,0.1226690411567688,-0.18851066008210182
2940,2.966666666666667,89,LEFT_EYE_OUTER,0.018359333276748657,0.1228110790252685,-0.18858999386429787
2941,2.966666666666667,89,RIGHT_EYE_INNER,-0.004060298204421997,0.12204968929290769,-0.18903807178139687
2942,2.966666666666667,89,RIGHT_EYE,-0.009081989526748657,0.12244163453578949,-0.18906584754586214
2943,2.966666666666667,89,RIGHT_EYE_OUTER,-0.013273447751998901,0.1224181205034256,-0.18908015266060824
2944,2.966666666666667,89,LEFT_EAR,0.023358196020126343,0.1140988022089004,-0.07793760672211644
2945,2.966666666666667,89,RIGHT_EAR,-0.018974274396896362,0.11357688903808588,-0.08506326749920845
2946,2.966666666666667,89,MOUTH_LEFT,0.011637657880783081,0.07757222652435297,-0.15898275747895235
2947,2.966666666666667,89,MOUTH_RIGHT,-0.006637781858444214,0.0788208544254303,-0.16081345453858376
2948,2.966666666666667,89,LEFT_SHOULDER,0.055223673582077026,0.00034224987030029297,-0.010309506207704544
2949,2.966666666666667,89,RIGHT_SHOULDER,-0.055223673582077026,-0.00034224987030029297,0.010309506207704558
2950,2.966666666666667,89,LEFT_ELBOW,0.09235021471977234,-0.15170195698738104,-0.09507722035050384
2951,2.966666666666667,89,RIGHT_ELBOW,-0.08203339576721191,-0.1345991492271424,0.03094429895281796
2952,2.966666666666667,89,LEFT_WRIST,0.0414254367351532,-0.08237719535827642,-0.31358239427208895
2953,2.966666666666667,89,RIGHT_WRIST,-0.06322598457336431,-0.18928530812263494,-0.09303987398743624
2954,2.966666666666667,89,LEFT_PINKY,0.026081234216690063,-0.06672254204750061,-0.36227164044976234
2955,2.966666666666667,89,RIGHT_PINKY,-0.05785012245178223,-0.20898422598838812,-0.11702314391732216
2956,2.966666666666667,89,LEFT_INDEX,0.02353164553642273,-0.04074317216873169,-0.3482792414724826
2957,2.966666666666667,89,RIGHT_INDEX,-0.05137395858764654,-0.192069560289383,-0.13052674010396004
2958,2.966666666666667,89,LEFT_THUMB,0.026786476373672485,-0.04405319690704351,-0.3100963272154331
2959,2.966666666666667,89,RIGHT_THUMB,-0.05185252428054815,-0.18344995379447943,-0.09902525320649144
2960,2.966666666666667,89,LEFT_HIP,0.035856693983078,-0.26724413037300115,0.09681937342975296
2961,2.966666666666667,89,RIGHT_HIP,-0.028276503086090143,-0.2707341611385346,0.10081110312603406
2962,2.966666666666667,89,LEFT_KNEE,0.041042834520339966,-0.47598120570182806,0.09838545060483746
2963,2.966666666666667,89,RIGHT_KNEE,-0.03897649049758911,-0.4636195003986359,0.12749338150024406
2964,2.966666666666667,89,LEFT_ANKLE,0.05994465947151184,-0.591980904340744,0.33626831695437426
2965,2.966666666666667,89,RIGHT_ANKLE,-0.047120243310928345,-0.5793440043926239,0.33375072106719017
2966,2.966666666666667,89,LEFT_HEEL,0.051447123289108276,-0.5986948907375338,0.35783454403281206
2967,2.966666666666667,89,RIGHT_HEEL,-0.04328438639640814,-0.5896856486797333,0.35278316959738726
2968,2.966666666666667,89,LEFT_FOOT_INDEX,0.06462982296943665,-0.6687557399272919,0.28457191213965416
2969,2.966666666666667,89,RIGHT_FOOT_INDEX,-0.055248975753784235,-0.6495823562145233,0.26555531844496727
2970,3.0,90,NOSE,0.0034942328929901123,0.0984436571598053,-0.20032852515578276
2971,3.0,90,LEFT_EYE_INNER,0.010994583368301392,0.1211052536964416,-0.18643644079566007
2972,3.0,90,LEFT_EYE,0.01517370343208313,0.12134027481079099,-0.18649351224303246
2973,3.0,90,LEFT_EYE_OUTER,0.01813611388206482,0.12153752148151398,-0.18656518682837486
2974,3.0,90,RIGHT_EYE_INNER,-0.003999203443527222,0.1205037534236908,-0.1869286559522152
2975,3.0,90,RIGHT_EYE,-0.008998900651931763,0.12082996964454648,-0.18696641549468046
2976,3.0,90,RIGHT_EYE_OUTER,-0.013359040021896362,0.12078192830085749,-0.18698507174849516
2977,3.0,90,LEFT_EAR,0.022972434759140015,0.1128805875778198,-0.0765376351773739
2978,3.0,90,RIGHT_EAR,-0.019248276948928833,0.11206257343292239,-0.08317730948328979
2979,3.0,90,MOUTH_LEFT,0.011479467153549194,0.0763824433088302,-0.15723076090216637
2980,3.0,90,MOUTH_RIGHT,-0.006554633378982544,0.0772614032030105,-0.15900960192084318
2981,3.0,90,LEFT_SHOULDER,0.055005282163619995,0.001234486699104309,-0.0123322494328022
2982,3.0,90,RIGHT_SHOULDER,-0.05500528216362005,-0.001234486699104309,0.0123322494328022
2983,3.0,90,LEFT_ELBOW,0.09277936816215515,-0.15268747508525854,-0.10001918300986289
2984,3.0,90,RIGHT_ELBOW,-0.08205094933509832,-0.1377960592508316,0.0213875658810138
2985,3.0,90,LEFT_WRIST,0.04195532202720642,-0.07418225705623632,-0.30768814310431486
2986,3.0,90,RIGHT_WRIST,-0.06339207291603094,-0.190144494175911,-0.11953584477305419
2987,3.0,90,LEFT_PINKY,0.026907116174697876,-0.05728389322757721,-0.35560047253966337
2988,3.0,90,RIGHT_PINKY,-0.05788889527320862,-0.20947588980197912,-0.14430382475256925
2989,3.0,90,LEFT_INDEX,0.023825138807296753,-0.031358674168586786,-0.3407700620591641
2990,3.0,90,RIGHT_INDEX,-0.05110731720924383,-0.1922371536493302,-0.15920617803931236
2991,3.0,90,LEFT_THUMB,0.026930779218673706,-0.034282878041267395,-0.3037199638783932
2992,3.0,90,RIGHT_THUMB,-0.051607936620712336,-0.18388541042804724,-0.12659148499369627
2993,3.0,90,LEFT_HIP,0.03621348738670349,-0.26793535053730017,0.10925910121295601
2994,3.0,90,RIGHT_HIP,-0.027852535247802734,-0.2721963077783585,0.1133001027628778
2995,3.0,90,LEFT_KNEE,0.04214325547218323,-0.4745954424142838,0.1176687763072549
2996,3.0,90,RIGHT_KNEE,-0.03533551096916204,-0.4649531394243241,0.1492294184863566
2997,3.0,90,LEFT_ANKLE,0.060075610876083374,-0.5940128117799761,0.3531813509762286
2998,3.0,90,RIGHT_ANKLE,-0.04623991250991821,-0.5833497196435928,0.3571612276136874
2999,3.0,90,LEFT_HEEL,0.050893157720565796,-0.612383618950844,0.3743608929216861
3000,3.0,90,RIGHT_HEEL,-0.04286333918571472,-0.5943757444620132,0.37631446495652193
3001,3.0,90,LEFT_FOOT_INDEX,0.06440749764442444,-0.6601535826921463,0.2986631430685519
3002,3.0,90,RIGHT_FOOT_INDEX,-0.05322882533073425,-0.6513077169656754,0.2872942574322223
3003,3.033333333333333,91,NOSE,0.0039461106061935425,0.09693780541419983,-0.1820971444249153
3004,3.033333333333333,91,LEFT_EYE_INNER,0.011316999793052673,0.11957786977291113,-0.1688830330967903
3005,3.033333333333333,91,LEFT_EYE,0.015397831797599792,0.11990900337696084,-0.1689346805214882
3006,3.033333333333333,91,LEFT_EYE_OUTER,0.018342718482017517,0.12020710110664373,-0.16900021582841873
3007,3.033333333333333,91,RIGHT_EYE_INNER,-0.0036444813013076782,0.11875519156455994,-0.1703886166214943
3008,3.033333333333333,91,RIGHT_EYE,-0.00865335762500763,0.11905243992805484,-0.1704208329319954
3009,3.033333333333333,91,RIGHT_EYE_OUTER,-0.013185814023017883,0.11900563538074493,-0.170441783964634
3010,3.033333333333333,91,LEFT_EAR,0.022929057478904724,0.11167757213115695,-0.0654649212956429
3011,3.033333333333333,91,RIGHT_EAR,-0.019318178296089172,0.11052374541759494,-0.07697036117315291
3012,3.033333333333333,91,MOUTH_LEFT,0.011763140559196472,0.07507862150669103,-0.14156333357095718
3013,3.033333333333333,91,MOUTH_RIGHT,-0.006151571869850159,0.07581384479999542,-0.1446182206273079
3014,3.033333333333333,91,LEFT_SHOULDER,0.05439995229244232,0.002352610230445862,-0.004619508981704698
3015,3.033333333333333,91,RIGHT_SHOULDER,-0.05439995229244238,-0.002352610230445862,0.004619508981704698
3016,3.033333333333333,91,LEFT_ELBOW,0.09419701993465424,-0.15334998071193695,-0.07792658358812331
3017,3.033333333333333,91,RIGHT_ELBOW,-0.08159779012203217,-0.14124779403209686,-0.002037212252616896
3018,3.033333333333333,91,LEFT_WRIST,0.04278258979320526,-0.06188543140888214,-0.257967658340931
3019,3.033333333333333,91,RIGHT_WRIST,-0.06301091611385345,-0.19156576693058014,-0.13919899612665182
3020,3.033333333333333,91,LEFT_PINKY,0.027552351355552673,-0.04179681837558746,-0.3009078279137612
3021,3.033333333333333,91,RIGHT_PINKY,-0.057133808732032776,-0.21110452711582184,-0.164755828678608
3022,3.033333333333333,91,LEFT_INDEX,0.024398788809776306,-0.018808647990226746,-0.2847555354237557
3023,3.033333333333333,91,RIGHT_INDEX,-0.050242856144905146,-0.19416411221027374,-0.17746875435113912
3024,3.033333333333333,91,LEFT_THUMB,0.02723143994808197,-0.021417126059532166,-0.2532125189900398
3025,3.033333333333333,91,RIGHT_THUMB,-0.050774708390235956,-0.18583007156848907,-0.14561385661363602
3026,3.033333333333333,91,LEFT_HIP,0.03678832948207855,-0.26886238157749176,0.1053291470743716
3027,3.033333333333333,91,RIGHT_HIP,-0.027342692017555237,-0.27303750813007355,0.1077466454589739
3028,3.033333333333333,91,LEFT_KNEE,0.04326115548610687,-0.4733138829469681,0.1271680369973182
3029,3.033333333333333,91,RIGHT_KNEE,-0.03562454879283905,-0.46133269369602203,0.148205280303955
3030,3.033333333333333,91,LEFT_ANKLE,0.059914931654930115,-0.5937547236680984,0.3395241126418113
3031,3.033333333333333,91,RIGHT_ANKLE,-0.044611260294914246,-0.5813806802034377,0.3378516361117362
3032,3.033333333333333,91,LEFT_HEEL,0.05141584575176239,-0.6121264249086381,0.35858147591352457
3033,3.033333333333333,91,RIGHT_HEEL,-0.041109755635261536,-0.5930032283067704,0.3556706383824348
3034,3.033333333333333,91,LEFT_FOOT_INDEX,0.06449006497859955,-0.6582349091768265,0.2908345982432365
3035,3.033333333333333,91,RIGHT_FOOT_INDEX,-0.05044312775135046,-0.6517910510301589,0.275806613266468
3036,3.066666666666667,92,NOSE,0.004681631922721863,0.09594057500362402,-0.1861742660403252
3037,3.066666666666667,92,LEFT_EYE_INNER,0.01192300021648407,0.11857527494430542,-0.17205148190259942
3038,3.066666666666667,92,LEFT_EYE,0.01585136353969574,0.11891414225101471,-0.1721030995249749
3039,3.066666666666667,92,LEFT_EYE_OUTER,0.018796667456626892,0.11923393607139593,-0.1721738502383233
3040,3.066666666666667,92,RIGHT_EYE_INNER,-0.0029308348894119263,0.11776831746101382,-0.1741101369261742
3041,3.066666666666667,92,RIGHT_EYE,-0.007939592003822327,0.11806380748748782,-0.1741440519690514
3042,3.066666666666667,92,RIGHT_EYE_OUTER,-0.012570992112159729,0.11801853775978091,-0.1741657182574273
3043,3.066666666666667,92,LEFT_EAR,0.023030683398246765,0.11076274514198303,-0.06483388692140579
3044,3.066666666666667,92,RIGHT_EAR,-0.01894320547580719,0.10952551662921911,-0.07882433384656912
3045,3.066666666666667,92,MOUTH_LEFT,0.012330576777458191,0.0742204338312149,-0.1443377062678338
3046,3.066666666666667,92,MOUTH_RIGHT,-0.005440011620521545,0.07487647235393524,-0.1482279226183892
3047,3.066666666666667,92,LEFT_SHOULDER,0.053725466132164,0.0037024766206741333,-0.0029691532254219055
3048,3.066666666666667,92,RIGHT_SHOULDER,-0.053725466132164,-0.003702476620674078,0.0029691532254218916
3049,3.066666666666667,92,LEFT_ELBOW,0.09595470130443573,-0.15328820049762726,-0.0931069180369378
3050,3.066666666666667,92,RIGHT_ELBOW,-0.08099646866321569,-0.1440933793783188,-0.0225066021084786
3051,3.066666666666667,92,LEFT_WRIST,0.04415003955364227,-0.05456294119358057,-0.2869875356554986
3052,3.066666666666667,92,RIGHT_WRIST,-0.06270937621593475,-0.1916298121213913,-0.17901491373777398
3053,3.066666666666667,92,LEFT_PINKY,0.029076501727104187,-0.0342818945646286,-0.33261751383543026
3054,3.066666666666667,92,RIGHT_PINKY,-0.056373164057731684,-0.2117844671010971,-0.2080038711428643
3055,3.066666666666667,92,LEFT_INDEX,0.025135919451713562,-0.012903347611427307,-0.3135359212756157
3056,3.066666666666667,92,RIGHT_INDEX,-0.04933924973011017,-0.19507698714733124,-0.2185385152697564
3057,3.066666666666667,92,LEFT_THUMB,0.02796904742717743,-0.016003534197807257,-0.2815408632159234
3058,3.066666666666667,92,RIGHT_THUMB,-0.04995544254779816,-0.1866433471441269,-0.18513273447752002
3059,3.066666666666667,92,LEFT_HIP,0.03748182952404022,-0.26954124867916107,0.111804767861031
3060,3.066666666666667,92,RIGHT_HIP,-0.0266558974981308,-0.27362971007823944,0.1133469534106551
3061,3.066666666666667,92,LEFT_KNEE,0.04436676204204559,-0.4730403274297714,0.12283457629382599
3062,3.066666666666667,92,RIGHT_KNEE,-0.035936072468757685,-0.46006469428539276,0.14888752251863469
3063,3.066666666666667,92,LEFT_ANKLE,0.060249969363212585,-0.5938464254140855,0.34981047362089146
3064,3.066666666666667,92,RIGHT_ANKLE,-0.043418452143669184,-0.5805427879095079,0.3461442664265631
3065,3.066666666666667,92,LEFT_HEEL,0.05215214192867279,-0.6103030294179916,0.37008897215127934
3066,3.066666666666667,92,RIGHT_HEEL,-0.03935189545154577,-0.5920950621366501,0.36432210355997074
3067,3.066666666666667,92,LEFT_FOOT_INDEX,0.06514208018779755,-0.6577033847570419,0.2991327419877051
3068,3.066666666666667,92,RIGHT_FOOT_INDEX,-0.0504875928163529,-0.6523126810789107,0.280679054558277
3069,3.1,93,NOSE,0.004879400134086609,0.09507459402084359,-0.18022738024592405
3070,3.1,93,LEFT_EYE_INNER,0.01205436885356903,0.11772942543029788,-0.16565964743494993
3071,3.1,93,LEFT_EYE,0.01584063470363617,0.11807703971862799,-0.16571680828928953
3072,3.1,93,LEFT_EYE_OUTER,0.018837496638298035,0.11842530965805056,-0.16578904911875725
3073,3.1,93,RIGHT_EYE_INNER,-0.002742365002632141,0.11689199507236489,-0.16747073456645012
3074,3.1,93,RIGHT_EYE,-0.007771089673042297,0.11719065904617318,-0.16749073192477232
3075,3.1,93,RIGHT_EYE_OUTER,-0.01254911720752716,0.11714547872543338,-0.16751388832926756
3076,3.1,93,LEFT_EAR,0.023113176226615906,0.10999824106693268,-0.06127556785941124
3077,3.1,93,RIGHT_EAR,-0.01913417875766754,0.10864391922950747,-0.07218578085303304
3078,3.1,93,MOUTH_LEFT,0.012433931231498718,0.07345455884933477,-0.13852901384234434
3079,3.1,93,MOUTH_RIGHT,-0.005279675126075745,0.07410222291946417,-0.14199021086096764
3080,3.1,93,LEFT_SHOULDER,0.05351720750331879,0.004882991313934382,-0.0038510970771312436
3081,3.1,93,RIGHT_SHOULDER,-0.05351720750331879,-0.004882991313934326,0.0038510970771312575
3082,3.1,93,LEFT_ELBOW,0.09691576659679413,-0.15237882733345032,-0.08199081942439085
3083,3.1,93,RIGHT_ELBOW,-0.08078269660472875,-0.14551988244056702,-0.013005342334508938
3084,3.1,93,LEFT_WRIST,0.04477117955684662,-0.04712414741516113,-0.27470801398158073
3085,3.1,93,RIGHT_WRIST,-0.06263799965381628,-0.19304904341697693,-0.17249415442347532
3086,3.1,93,LEFT_PINKY,0.029965385794639587,-0.027273029088974,-0.32080869004130363
3087,3.1,93,RIGHT_PINKY,-0.056376948952674866,-0.2144884169101715,-0.20208243653178215
3088,3.1,93,LEFT_INDEX,0.025439128279685974,-0.006273508071899414,-0.30196319147944456
3089,3.1,93,RIGHT_INDEX,-0.049037232995033264,-0.1989944875240326,-0.21331043168902403
3090,3.1,93,LEFT_THUMB,0.028285011649131775,-0.009741216897964422,-0.26953379437327385
3091,3.1,93,RIGHT_THUMB,-0.049637213349342346,-0.19038495421409607,-0.1789127998054028
3092,3.1,93,LEFT_HIP,0.03783826529979706,-0.2692071497440338,0.10649672616273166
3093,3.1,93,RIGHT_HIP,-0.026099339127540644,-0.2741595208644867,0.10808145673945536
3094,3.1,93,LEFT_KNEE,0.044615790247917175,-0.4723210036754608,0.11089940741658197
3095,3.1,93,RIGHT_KNEE,-0.036157652735710144,-0.4615059792995453,0.13645583204925046
3096,3.1,93,LEFT_ANKLE,0.06055228412151337,-0.5963082611560823,0.32419345155358303
3097,3.1,93,RIGHT_ANKLE,-0.043133690953254755,-0.5852557122707366,0.31629759445786465
3098,3.1,93,LEFT_HEEL,0.05274979770183563,-0.6082911193370818,0.3443423397839068
3099,3.1,93,RIGHT_HEEL,-0.03963609039783478,-0.5946082174777985,0.3299402184784411
3100,3.1,93,LEFT_FOOT_INDEX,0.06612138450145721,-0.6624318659305573,0.2825931794941424
3101,3.1,93,RIGHT_FOOT_INDEX,-0.05048684775829315,-0.6534381806850434,0.23384900763630856
3102,3.1333333333333333,94,NOSE,0.005080059170722961,0.09468644857406622,-0.1899459250271321
3103,3.1333333333333333,94,LEFT_EYE_INNER,0.012111201882362366,0.11735165119171143,-0.17278673127293592
3104,3.1333333333333333,94,LEFT_EYE,0.01579393446445465,0.11767597496509552,-0.17284824326634413
3105,3.1333333333333333,94,LEFT_EYE_OUTER,0.01887620985507965,0.11802612245082864,-0.17290343716740608
3106,3.1333333333333333,94,RIGHT_EYE_INNER,-0.002610430121421814,0.11655330657958984,-0.17798959091305738
3107,3.1333333333333333,94,RIGHT_EYE,-0.007647082209587097,0.11684466898441323,-0.1779301948845387
3108,3.1333333333333333,94,RIGHT_EYE_OUTER,-0.012542888522148132,0.11681035161018374,-0.17795385792851454
3109,3.1333333333333333,94,LEFT_EAR,0.02331407368183136,0.10962161421775823,-0.06118509545922282
3110,3.1333333333333333,94,RIGHT_EAR,-0.019464418292045593,0.10824605822563174,-0.08143897727131841
3111,3.1333333333333333,94,MOUTH_LEFT,0.012593820691108704,0.07312767207622534,-0.14480187371373182
3112,3.1333333333333333,94,MOUTH_RIGHT,-0.005016013979911804,0.07379375398159033,-0.1526651568710804
3113,3.1333333333333333,94,LEFT_SHOULDER,0.053209856152534485,0.005576476454734802,0.0024825893342494965
3114,3.1333333333333333,94,RIGHT_SHOULDER,-0.053209856152534485,-0.005576476454734747,-0.0024825893342495103
3115,3.1333333333333333,94,LEFT_ELBOW,0.09769977629184723,-0.14995707571506495,-0.08145815506577492
3116,3.1333333333333333,94,RIGHT_ELBOW,-0.0804415494203568,-0.14660482108592987,-0.021340500563383102
3117,3.1333333333333333,94,LEFT_WRIST,0.04514642059803009,-0.04300756752490997,-0.2652410455048085
3118,3.1333333333333333,94,RIGHT_WRIST,-0.06215439736843109,-0.1944608837366104,-0.17399676516652113
3119,3.1333333333333333,94,LEFT_PINKY,0.03069765865802765,-0.024217888712882996,-0.3095258660614491
3120,3.1333333333333333,94,RIGHT_PINKY,-0.0558146089315415,-0.2166101485490799,-0.20257474854588509
3121,3.1333333333333333,94,LEFT_INDEX,0.025660768151283264,-0.003928497433662359,-0.29150782898068434
3122,3.1333333333333333,94,RIGHT_INDEX,-0.04855234920978552,-0.201717808842659,-0.2130633480846882
3123,3.1333333333333333,94,LEFT_THUMB,0.028206542134284973,-0.00839154422283167,-0.2600772269070149
3124,3.1333333333333333,94,RIGHT_THUMB,-0.04914228618144989,-0.19321538507938385,-0.17990614846348763
3125,3.1333333333333333,94,LEFT_HIP,0.03822161257266998,-0.26902057230472565,0.09612280142027879
3126,3.1333333333333333,94,RIGHT_HIP,-0.025828108191490173,-0.27431394159793854,0.09612398251920234
3127,3.1333333333333333,94,LEFT_KNEE,0.04517526924610138,-0.47235389053821564,0.10040921065956339
3128,3.1333333333333333,94,RIGHT_KNEE,-0.03660093247890478,-0.46120430529117584,0.12215998768806449
3129,3.1333333333333333,94,LEFT_ANKLE,0.06085367500782013,-0.5959422737360002,0.3053535930812358
3130,3.1333333333333333,94,RIGHT_ANKLE,-0.04277811944484711,-0.5840277820825578,0.2939491532742976
3131,3.1333333333333333,94,LEFT_HEEL,0.05347497761249542,-0.6082242280244827,0.32540587708353985
3132,3.1333333333333333,94,RIGHT_HEEL,-0.03934918344020849,-0.5942986756563186,0.30740461871027935
3133,3.1333333333333333,94,LEFT_FOOT_INDEX,0.06785865128040314,-0.6649046689271926,0.26897205039858807
3134,3.1333333333333333,94,RIGHT_FOOT_INDEX,-0.050369605422020014,-0.652916744351387,0.2164020501077174
3135,3.1666666666666665,95,NOSE,0.005380511283874512,0.09509564936161041,-0.15249945223331451
3136,3.1666666666666665,95,LEFT_EYE_INNER,0.01218026876449585,0.11777155101299291,-0.138547956943512
3137,3.1666666666666665,95,LEFT_EYE,0.01573765277862549,0.11803983151912692,-0.1385909169912338
3138,3.1666666666666665,95,LEFT_EYE_OUTER,0.018825411796569824,0.11836203932762152,-0.1386304795742035
3139,3.1666666666666665,95,RIGHT_EYE_INNER,-0.002330183982849121,0.11703272163867953,-0.1420991271734238
3140,3.1666666666666665,95,RIGHT_EYE,-0.007366180419921875,0.11732183396816262,-0.1420775949954986
3141,3.1666666666666665,95,RIGHT_EYE_OUTER,-0.012321770191192627,0.11728931963443762,-0.142107829451561
3142,3.1666666666666665,95,LEFT_EAR,0.023376822471618652,0.10988840460777283,-0.0440379381179809
3143,3.1666666666666665,95,RIGHT_EAR,-0.019543468952178955,0.10865956544876101,-0.06469748914241791
3144,3.1666666666666665,95,MOUTH_LEFT,0.012851357460021973,0.07360281050205231,-0.1161808520555496
3145,3.1666666666666665,95,MOUTH_RIGHT,-0.004642844200134277,0.07432635128498083,-0.12205888330936429
3146,3.1666666666666665,95,LEFT_SHOULDER,0.053062498569488525,0.005710735917091425,0.0074257031083106995
3147,3.1666666666666665,95,RIGHT_SHOULDER,-0.053062498569488525,-0.00571073591709137,-0.0074257031083106995
3148,3.1666666666666665,95,LEFT_ELBOW,0.09842866659164429,-0.14786280691623688,-0.0650688707828522
3149,3.1666666666666665,95,RIGHT_ELBOW,-0.08020034432411194,-0.14750762283802027,-0.021966777741909
3150,3.1666666666666665,95,LEFT_WRIST,0.045575499534606934,-0.039620265364646856,-0.2097391486167908
3151,3.1666666666666665,95,RIGHT_WRIST,-0.06168490648269653,-0.195078507065773,-0.1314631998538971
3152,3.1666666666666665,95,LEFT_PINKY,0.031321167945861816,-0.017801597714424078,-0.2456021308898926
3153,3.1666666666666665,95,RIGHT_PINKY,-0.05525550246238714,-0.21868492662906647,-0.1514287292957306
3154,3.1666666666666665,95,LEFT_INDEX,0.025922179222106934,0.0016492456197739203,-0.2216448485851288
3155,3.1666666666666665,95,RIGHT_INDEX,-0.04777741432189947,-0.2043113261461258,-0.160519152879715
3156,3.1666666666666665,95,LEFT_THUMB,0.028258442878723145,-0.0042131394147872925,-0.2017591595649719
3157,3.1666666666666665,95,RIGHT_THUMB,-0.04829636216163635,-0.19551821053028107,-0.1359122097492218
3158,3.1666666666666665,95,LEFT_HIP,0.038587093353271484,-0.2688378244638443,0.08163037244230499
3159,3.1666666666666665,95,RIGHT_HIP,-0.02548652887344366,-0.2743937522172928,0.0782577976351604
3160,3.1666666666666665,95,LEFT_KNEE,0.04524505138397217,-0.4694669395685196,0.1087275054305791
3161,3.1666666666666665,95,RIGHT_KNEE,-0.03623360395431524,-0.45993103086948395,0.1137606836855411
3162,3.1666666666666665,95,LEFT_ANKLE,0.06117904186248779,-0.5948164016008378,0.28560981154441833
3163,3.1666666666666665,95,RIGHT_ANKLE,-0.042358726263046265,-0.5826938897371292,0.2705862969160079
3164,3.1666666666666665,95,LEFT_HEEL,0.05296623706817627,-0.6042108088731766,0.3075233399868011
3165,3.1666666666666665,95,RIGHT_HEEL,-0.03901162743568426,-0.5928378850221634,0.2837078720331191
3166,3.1666666666666665,95,LEFT_FOOT_INDEX,0.06796807050704956,-0.6650487333536148,0.2423149645328521
3167,3.1666666666666665,95,RIGHT_FOOT_INDEX,-0.05036497116088867,-0.6520737558603286,0.2023836150765418
3168,3.2,96,NOSE,0.005402803421020508,0.09557636082172394,-0.14204435050487516
3169,3.2,96,LEFT_EYE_INNER,0.012141942977905273,0.11822654306888583,-0.12904332578182215
3170,3.2,96,LEFT_EYE,0.015698730945587158,0.11836531758308413,-0.12908039987087247
3171,3.2,96,LEFT_EYE_OUTER,0.018805503845214844,0.11851939558982852,-0.12912265956401825
3172,3.2,96,RIGHT_EYE_INNER,-0.002178192138671875,0.11758410930633553,-0.13244539499282837
3173,3.2,96,RIGHT_EYE,-0.007213115692138672,0.11789199709892273,-0.13244983553886416
3174,3.2,96,RIGHT_EYE_OUTER,-0.012209892272949219,0.11788836121559143,-0.13250283896923065
3175,3.2,96,LEFT_EAR,0.023430824279785156,0.10969580709934235,-0.04038136452436446
3176,3.2,96,RIGHT_EAR,-0.019579678773880005,0.10918071866035464,-0.060748323798179654
3177,3.2,96,MOUTH_LEFT,0.012901544570922852,0.0741051435470581,-0.10830383002758026
3178,3.2,96,MOUTH_RIGHT,-0.004518687725067139,0.07497021555900574,-0.11394415795803065
3179,3.2,96,LEFT_SHOULDER,0.05303889513015747,0.005990386009216309,0.00772562623023984
3180,3.2,96,RIGHT_SHOULDER,-0.053038895130157526,-0.005990386009216253,-0.007725626230239854
3181,3.2,96,LEFT_ELBOW,0.09963387250900269,-0.14564850926399225,-0.06646011769771576
3182,3.2,96,RIGHT_ELBOW,-0.0803616344928742,-0.14824935793876648,-0.022822238504886655
3183,3.2,96,LEFT_WRIST,0.045963168144226074,-0.03307703137397766,-0.20798189938068387
3184,3.2,96,RIGHT_WRIST,-0.06089708209037781,-0.19746673107147217,-0.12393686175346375
3185,3.2,96,LEFT_PINKY,0.031695008277893066,-0.006064891815185547,-0.24073286354541776
3186,3.2,96,RIGHT_PINKY,-0.054581463336944636,-0.2214515209197998,-0.14226530492305756
3187,3.2,96,LEFT_INDEX,0.02523714303970337,0.010073661804199219,-0.21427340805530545
3188,3.2,96,RIGHT_INDEX,-0.04674795269966131,-0.20570141077041626,-0.14864955842494965
3189,3.2,96,LEFT_THUMB,0.02752584218978882,0.0018606781959534247,-0.19905479252338407
3190,3.2,96,RIGHT_THUMB,-0.047362118959426935,-0.19688987731933594,-0.12698094546794886
3191,3.2,96,LEFT_HIP,0.038958728313446045,-0.26832062005996704,0.08304119366221124
3192,3.2,96,RIGHT_HIP,-0.025618582963943537,-0.2737557888031006,0.07795188715681435
3193,3.2,96,LEFT_KNEE,0.04581189155578613,-0.46185094118118286,0.11194293573498715
3194,3.2,96,RIGHT_KNEE,-0.03968924283981323,-0.4554572105407715,0.11731628328561775
3195,3.2,96,LEFT_ANKLE,0.06166183948516846,-0.5930107831954956,0.27243562042713154
3196,3.2,96,RIGHT_ANKLE,-0.04202538728713989,-0.58152174949646,0.26033240556716913
3197,3.2,96,LEFT_HEEL,0.05298900604248047,-0.6010250449180604,0.28666153550148005
3198,3.2,96,RIGHT_HEEL,-0.038823783397674616,-0.5881593823432923,0.27279859781265253
3199,3.2,96,LEFT_FOOT_INDEX,0.06944239139556885,-0.6644765734672547,0.23943263292312614
3200,3.2,96,RIGHT_FOOT_INDEX,-0.04989698529243469,-0.6501169800758362,0.20477560162544245
3201,3.2333333333333334,97,NOSE,0.005595296621322632,0.09614805877208704,-0.1432248279452324
3202,3.2333333333333334,97,LEFT_EYE_INNER,0.012262970209121704,0.11877173185348505,-0.1301612183451652
3203,3.2333333333333334,97,LEFT_EYE,0.015788882970809937,0.11882051825523374,-0.1301968917250633
3204,3.2333333333333334,97,LEFT_EYE_OUTER,0.018910139799118042,0.11883246898651123,-0.1302468404173851
3205,3.2333333333333334,97,RIGHT_EYE_INNER,-0.0018533766269683838,0.11821070313453674,-0.1335598602890968
3206,3.2333333333333334,97,RIGHT_EYE,-0.006912261247634888,0.11852398514747614,-0.1335602179169655
3207,3.2333333333333334,97,RIGHT_EYE_OUTER,-0.011908620595932007,0.11854635179042813,-0.1336067095398903
3208,3.2333333333333334,97,LEFT_EAR,0.023281186819076538,0.10987882316112516,-0.040192432701587705
3209,3.2333333333333334,97,RIGHT_EAR,-0.019400328397750854,0.10981623828411105,-0.06006019562482831
3210,3.2333333333333334,97,MOUTH_LEFT,0.013209730386734009,0.07464879751205444,-0.1088707968592644
3211,3.2333333333333334,97,MOUTH_RIGHT,-0.004263371229171753,0.07579824328422546,-0.11450295895338061
3212,3.2333333333333334,97,LEFT_SHOULDER,0.05311879515647888,0.006340980529785156,0.008660033345222501
3213,3.2333333333333334,97,RIGHT_SHOULDER,-0.05311879515647888,-0.006340980529785156,-0.008660033345222501
3214,3.2333333333333334,97,LEFT_ELBOW,0.1003049910068512,-0.14100492000579834,-0.06410492211580279
3215,3.2333333333333334,97,RIGHT_ELBOW,-0.08061659336090088,-0.14888480305671697,-0.023033864796161596
3216,3.2333333333333334,97,LEFT_WRIST,0.04592093825340271,-0.023591607809066772,-0.2055183872580528
3217,3.2333333333333334,97,RIGHT_WRIST,-0.05984038114547735,-0.19938683509826666,-0.11998515576124191
3218,3.2333333333333334,97,LEFT_PINKY,0.03166314959526062,0.006289869546890259,-0.23903607577085498
3219,3.2333333333333334,97,RIGHT_PINKY,-0.05393597483634949,-0.2230504751205445,-0.1386794671416283
3220,3.2333333333333334,97,LEFT_INDEX,0.025238782167434692,0.02033621072769165,-0.2123319134116173
3221,3.2333333333333334,97,RIGHT_INDEX,-0.04583123326301575,-0.20726829767227178,-0.1454530134797096
3222,3.2333333333333334,97,LEFT_THUMB,0.02754482626914978,0.010720312595367432,-0.19658627361059192
3223,3.2333333333333334,97,RIGHT_THUMB,-0.04635733366012579,-0.1988073587417603,-0.12316159158945081
3224,3.2333333333333334,97,LEFT_HIP,0.03916153311729431,-0.26746088266372686,0.087854677112773
3225,3.2333333333333334,97,RIGHT_HIP,-0.025685817003250178,-0.2730772495269776,0.0815632902085781
3226,3.2333333333333334,97,LEFT_KNEE,0.04645910859107971,-0.4559450745582581,0.1182633489370345
3227,3.2333333333333334,97,RIGHT_KNEE,-0.039837151765823364,-0.4528744816780091,0.1235800683498382
3228,3.2333333333333334,97,LEFT_ANKLE,0.06219872832298279,-0.589025139808655,0.2772096619009971
3229,3.2333333333333334,97,RIGHT_ANKLE,-0.041860222816467285,-0.5803917050361633,0.2673622742295265
3230,3.2333333333333334,97,LEFT_HEEL,0.05336770415306091,-0.5902097821235657,0.2916177138686179
3231,3.2333333333333334,97,RIGHT_HEEL,-0.039390504360198975,-0.5859251618385315,0.2808908894658088
3232,3.2333333333333334,97,LEFT_FOOT_INDEX,0.07053223252296448,-0.6602345705032349,0.2420713976025581
3233,3.2333333333333334,97,RIGHT_FOOT_INDEX,-0.04943987727165228,-0.6488657593727114,0.2128400281071662
3234,3.2666666666666666,98,NOSE,0.005597814917564392,0.09735190868377686,-0.13391799479722974
3235,3.2666666666666666,98,LEFT_EYE_INNER,0.01199088990688324,0.11955663561820987,-0.12225953489542013
3236,3.2666666666666666,98,LEFT_EYE,0.015473291277885437,0.11944684386253357,-0.12229671329259875
3237,3.2666666666666666,98,LEFT_EYE_OUTER,0.018600210547447205,0.11932730674743655,-0.12233927100896835
3238,3.2666666666666666,98,RIGHT_EYE_INNER,-0.0016915351152420044,0.11936236917972567,-0.12552282959222794
3239,3.2666666666666666,98,RIGHT_EYE,-0.0067184120416641235,0.11959522962570196,-0.12554048746824265
3240,3.2666666666666666,98,RIGHT_EYE_OUTER,-0.011662915349006653,0.11953388154506686,-0.12560700625181204
3241,3.2666666666666666,98,LEFT_EAR,0.02290986478328705,0.11024598777294167,-0.03832157701253894
3242,3.2666666666666666,98,RIGHT_EAR,-0.01930306851863861,0.11056758463382726,-0.05812708288431173
3243,3.2666666666666666,98,MOUTH_LEFT,0.013331159949302673,0.07544271647930145,-0.10214299708604815
3244,3.2666666666666666,98,MOUTH_RIGHT,-0.004091575741767883,0.07757030427455908,-0.10764507204294205
3245,3.2666666666666666,98,LEFT_SHOULDER,0.05321507155895233,0.006806507706642151,0.009657911956310258
3246,3.2666666666666666,98,RIGHT_SHOULDER,-0.05321507155895239,-0.006806507706642151,-0.009657911956310244
3247,3.2666666666666666,98,LEFT_ELBOW,0.10096220672130585,-0.13832978904247284,-0.05781451612710953
3248,3.2666666666666666,98,RIGHT_ELBOW,-0.08128242194652557,-0.15036197006702423,-0.022367291152477237
3249,3.2666666666666666,98,LEFT_WRIST,0.04633592069149017,-0.024745061993598938,-0.18469608575105673
3250,3.2666666666666666,98,RIGHT_WRIST,-0.057171389460563715,-0.20413921773433685,-0.10842274874448773
3251,3.2666666666666666,98,LEFT_PINKY,0.032058700919151306,0.00573180615901947,-0.21475393325090414
3252,3.2666666666666666,98,RIGHT_PINKY,-0.05188249051570898,-0.22742561995983124,-0.12307880073785785
3253,3.2666666666666666,98,LEFT_INDEX,0.02567826211452484,0.021294996142387446,-0.18859464675188065
3254,3.2666666666666666,98,RIGHT_INDEX,-0.0435517281293869,-0.21171973645687103,-0.12938613444566724
3255,3.2666666666666666,98,LEFT_THUMB,0.027985259890556335,0.011504784226417542,-0.17549527436494833
3256,3.2666666666666666,98,RIGHT_THUMB,-0.0441166907548905,-0.20299921929836273,-0.11083573848009115
3257,3.2666666666666666,98,LEFT_HIP,0.039530739188194275,-0.2648998349905014,0.09048547269776455
3258,3.2666666666666666,98,RIGHT_HIP,-0.025376364588737488,-0.27241717278957367,0.08083583181723956
3259,3.2666666666666666,98,LEFT_KNEE,0.04831956326961517,-0.4544222205877304,0.11881949752569186
3260,3.2666666666666666,98,RIGHT_KNEE,-0.0391259640455246,-0.45237772166728973,0.12179526686668385
3261,3.2666666666666666,98,LEFT_ANKLE,0.06253878772258759,-0.5885544866323471,0.25186686962842936
3262,3.2666666666666666,98,RIGHT_ANKLE,-0.04150278866291052,-0.5797001570463182,0.24562598019838325
3263,3.2666666666666666,98,LEFT_HEEL,0.053230807185173035,-0.5899748653173446,0.26223590224981297
3264,3.2666666666666666,98,RIGHT_HEEL,-0.03940467536449438,-0.585290238261223,0.25659724324941624
3265,3.2666666666666666,98,LEFT_FOOT_INDEX,0.07257173955440521,-0.6654068678617477,0.20910779386758796
3266,3.2666666666666666,98,RIGHT_FOOT_INDEX,-0.0493706613779068,-0.6484238952398301,0.19145870953798286
3267,3.3,99,NOSE,0.004636973142623901,0.09837506711483007,-0.1369342058897018
3268,3.3,99,LEFT_EYE_INNER,0.011145442724227905,0.12054675817489627,-0.124004140496254
3269,3.3,99,LEFT_EYE,0.014728754758834839,0.12037688493728646,-0.1240534782409668
3270,3.3,99,LEFT_EYE_OUTER,0.017895907163619995,0.12016029655933386,-0.1241173446178436
3271,3.3,99,RIGHT_EYE_INNER,-0.0024887025356292725,0.12041547894477847,-0.126810684800148
3272,3.3,99,RIGHT_EYE,-0.007440000772476196,0.12064792215824127,-0.1268213242292404
3273,3.3,99,RIGHT_EYE_OUTER,-0.012297123670578003,0.12059609591960907,-0.1268641203641891
3274,3.3,99,LEFT_EAR,0.022512584924697876,0.11085611581802376,-0.037175968289375305
3275,3.3,99,RIGHT_EAR,-0.019642502069473267,0.11164776980876925,-0.05718027055263519
3276,3.3,99,MOUTH_LEFT,0.012838631868362427,0.07646517455577856,-0.1016773879528046
3277,3.3,99,MOUTH_RIGHT,-0.00486794114112854,0.07873924076557165,-0.1065711379051208
3278,3.3,99,LEFT_SHOULDER,0.05345770716667175,0.0076609402894973755,0.0111153870820999
3279,3.3,99,RIGHT_SHOULDER,-0.05345770716667175,-0.00766094028949732,-0.0111153870820999
3280,3.3,99,LEFT_ELBOW,0.10135403275489807,-0.1351699382066726,-0.06016665697097781
3281,3.3,99,RIGHT_ELBOW,-0.08145153522491455,-0.15081502497196192,-0.0274655073881149
3282,3.3,99,LEFT_WRIST,0.0456099808216095,-0.014807567000389044,-0.1944638788700104
3283,3.3,99,RIGHT_WRIST,-0.05510026216506958,-0.20693270862102509,-0.11032165586948389
3284,3.3,99,LEFT_PINKY,0.0310191810131073,0.014926686882972773,-0.22754466533660891
3285,3.3,99,RIGHT_PINKY,-0.05002623796463018,-0.22985170781612396,-0.1321024596691131
3286,3.3,99,LEFT_INDEX,0.025136858224868774,0.030015900731086786,-0.2026820480823517
3287,3.3,99,RIGHT_INDEX,-0.04187494516372686,-0.2141963690519333,-0.1393023133277893
3288,3.3,99,LEFT_THUMB,0.027656763792037964,0.019512817263603266,-0.1861861348152161
3289,3.3,99,RIGHT_THUMB,-0.042447835206985474,-0.20530687272548676,-0.1145212054252624
3290,3.3,99,LEFT_HIP,0.03992238640785217,-0.2640666216611862,0.0981894535943865
3291,3.3,99,RIGHT_HIP,-0.0248660147190094,-0.27328507602214813,0.0864226133562625
3292,3.3,99,LEFT_KNEE,0.051688164472579956,-0.4567880481481552,0.1325824409723281
3293,3.3,99,RIGHT_KNEE,-0.03500133752822876,-0.45684973895549774,0.12910662591457361
3294,3.3,99,LEFT_ANKLE,0.06273743510246277,-0.5905946344137192,0.26567845046520233
3295,3.3,99,RIGHT_ANKLE,-0.041283190250396784,-0.5830145925283431,0.2567081451416015
3296,3.3,99,LEFT_HEEL,0.053735822439193726,-0.5952705591917039,0.2772750854492187
3297,3.3,99,RIGHT_HEEL,-0.03922101855278015,-0.5879851430654526,0.2684600055217742
3298,3.3,99,LEFT_FOOT_INDEX,0.07619467377662659,-0.670887276530266,0.2189435064792632
3299,3.3,99,RIGHT_FOOT_INDEX,-0.049121171236038264,-0.6496818512678147,0.1993685215711593
3300,3.333333333333333,100,NOSE,0.003950402140617371,0.09980894625186926,-0.1614276990294457
3301,3.333333333333333,100,LEFT_EYE_INNER,0.010673746466636658,0.12195326387882235,-0.1472909674048424
3302,3.333333333333333,100,LEFT_EYE,0.014281496405601501,0.12174785137176516,-0.147321842610836
3303,3.333333333333333,100,LEFT_EYE_OUTER,0.017571434378623962,0.12151108682155615,-0.1473358497023583
3304,3.333333333333333,100,RIGHT_EYE_INNER,-0.0029296427965164185,0.12189918756484985,-0.1504307016730309
3305,3.333333333333333,100,RIGHT_EYE,-0.007869794964790344,0.12213499844074255,-0.1504430994391441
3306,3.333333333333333,100,RIGHT_EYE_OUTER,-0.01267792284488678,0.12208460271358496,-0.15048965066671371
3307,3.333333333333333,100,LEFT_EAR,0.022528454661369324,0.11186379194259646,-0.04788500815629962
3308,3.333333333333333,100,RIGHT_EAR,-0.019871935248374994,0.11301369965076455,-0.0675389394164086
3309,3.333333333333333,100,MOUTH_LEFT,0.012490853667259216,0.07783110439777374,-0.12298005074262622
3310,3.333333333333333,100,MOUTH_RIGHT,-0.005266919732093811,0.08026935160160065,-0.12822585552930832
3311,3.333333333333333,100,LEFT_SHOULDER,0.05361728370189667,0.008186325430870056,0.009534291923046098
3312,3.333333333333333,100,RIGHT_SHOULDER,-0.05361728370189667,-0.008186325430870056,-0.009534291923046112
3313,3.333333333333333,100,LEFT_ELBOW,0.10229812562465668,-0.13171319663524622,-0.0818419083952904
3314,3.333333333333333,100,RIGHT_ELBOW,-0.08141417801380157,-0.15195377171039576,-0.04031144827604291
3315,3.333333333333333,100,LEFT_WRIST,0.045676276087760925,-0.00923492014408106,-0.24927090853452688
3316,3.333333333333333,100,RIGHT_WRIST,-0.05394567549228668,-0.2079780548810959,-0.1663791760802269
3317,3.333333333333333,100,LEFT_PINKY,0.031033024191856384,0.02183221280574804,-0.2898373529314995
3318,3.333333333333333,100,RIGHT_PINKY,-0.04884485900402069,-0.23014448583126068,-0.19074075669050222
3319,3.333333333333333,100,LEFT_INDEX,0.025346502661705017,0.03607125580310827,-0.2637052461504936
3320,3.333333333333333,100,RIGHT_INDEX,-0.04078392684459686,-0.21481464803218842,-0.1985916122794152
3321,3.333333333333333,100,LEFT_THUMB,0.027800127863883972,0.024490520358085632,-0.24146350473165512
3322,3.333333333333333,100,RIGHT_THUMB,-0.04136450588703161,-0.20614252984523773,-0.17047079652547842
3323,3.333333333333333,100,LEFT_HIP,0.04011033475399017,-0.2637796849012375,0.10466861259192219
3324,3.333333333333333,100,RIGHT_HIP,-0.024897411465644892,-0.2742881029844284,0.0926130786538124
3325,3.333333333333333,100,LEFT_KNEE,0.05090545117855072,-0.46382002532482147,0.1395858824253081
3326,3.333333333333333,100,RIGHT_KNEE,-0.0348181277513504,-0.46446822583675385,0.13433894142508498
3327,3.333333333333333,100,LEFT_ANKLE,0.062473878264427185,-0.5903766006231308,0.302447311580181
3328,3.333333333333333,100,RIGHT_ANKLE,-0.0430853813886643,-0.5863760560750961,0.2636895403265952
3329,3.333333333333333,100,LEFT_HEEL,0.05318783223628998,-0.5962853878736496,0.3164335712790488
3330,3.333333333333333,100,RIGHT_HEEL,-0.0416761189699173,-0.591542586684227,0.27592573314905156
3331,3.333333333333333,100,LEFT_FOOT_INDEX,0.07491014897823334,-0.6755804270505905,0.2450766190886497
3332,3.333333333333333,100,RIGHT_FOOT_INDEX,-0.04796947538852697,-0.6831158846616745,0.207657441496849
3333,3.3666666666666667,101,NOSE,0.0035795867443084717,0.10204224288463595,-0.16977031528949738
3334,3.3666666666666667,101,LEFT_EYE_INNER,0.010294109582901001,0.12416450679302216,-0.15475298464298254
3335,3.3666666666666667,101,LEFT_EYE,0.013890177011489868,0.12389917671680456,-0.15479294955730444
3336,3.3666666666666667,101,LEFT_EYE_OUTER,0.017285555601119995,0.12357309460639956,-0.15480469167232513
3337,3.3666666666666667,101,RIGHT_EYE_INNER,-0.0033447444438934326,0.12418234348297125,-0.15731911361217504
3338,3.3666666666666667,101,RIGHT_EYE,-0.00830116868019104,0.12441092729568487,-0.15733049809932714
3339,3.3666666666666667,101,RIGHT_EYE_OUTER,-0.013096600770950317,0.12435609102249146,-0.15737582743167877
3340,3.3666666666666667,101,LEFT_EAR,0.022540241479873657,0.11341062188148507,-0.05063080787658697
3341,3.3666666666666667,101,RIGHT_EAR,-0.02023524045944214,0.11485835909843445,-0.06808063387870786
3342,3.3666666666666667,101,MOUTH_LEFT,0.012433558702468872,0.07987223565578466,-0.12991242110729215
3343,3.3666666666666667,101,MOUTH_RIGHT,-0.005451768636703491,0.08249931037425995,-0.13444285094738007
3344,3.3666666666666667,101,LEFT_SHOULDER,0.05381038784980774,0.007791981101036072,0.00760313868522644
3345,3.3666666666666667,101,RIGHT_SHOULDER,-0.05381038784980774,-0.007791981101036016,-0.007603138685226454
3346,3.3666666666666667,101,LEFT_ELBOW,0.1033237874507904,-0.12686349451541895,-0.09118136763572696
3347,3.3666666666666667,101,RIGHT_ELBOW,-0.08133792877197266,-0.15099950134754175,-0.046807602047920255
3348,3.3666666666666667,101,LEFT_WRIST,0.0450306236743927,-0.003001466393470764,-0.26621340215206146
3349,3.3666666666666667,101,RIGHT_WRIST,-0.05368027091026306,-0.20612473785877228,-0.20090360939502716
3350,3.3666666666666667,101,LEFT_PINKY,0.030609697103500366,0.03146152198314667,-0.30931971967220306
3351,3.3666666666666667,101,RIGHT_PINKY,-0.048490047454833984,-0.22820235788822174,-0.22875668108463287
3352,3.3666666666666667,101,LEFT_INDEX,0.025378018617630005,0.04317225515842438,-0.2836630195379258
3353,3.3666666666666667,101,RIGHT_INDEX,-0.04038074612617498,-0.2129504233598709,-0.23666258156299597
3354,3.3666666666666667,101,LEFT_THUMB,0.027625292539596558,0.029874160885810852,-0.2586841434240342
3355,3.3666666666666667,101,RIGHT_THUMB,-0.04099845886230469,-0.2041618376970291,-0.20551295578479767
3356,3.3666666666666667,101,LEFT_HIP,0.04009261727333069,-0.2635389119386673,0.10311188688501705
3357,3.3666666666666667,101,RIGHT_HIP,-0.025575578212738037,-0.2735827714204788,0.09109982848167414
3358,3.3666666666666667,101,LEFT_KNEE,0.047768622636795044,-0.46680183708667755,0.13671316206455225
3359,3.3666666666666667,101,RIGHT_KNEE,-0.03595322370529175,-0.46679963171482086,0.13198702782392494
3360,3.3666666666666667,101,LEFT_ANKLE,0.06020417809486389,-0.5888568311929703,0.31354078650474543
3361,3.3666666666666667,101,RIGHT_ANKLE,-0.043908447027206476,-0.5845800191164017,0.27669258415698994
3362,3.3666666666666667,101,LEFT_HEEL,0.052224189043045044,-0.5960843712091446,0.32878744602203364
3363,3.3666666666666667,101,RIGHT_HEEL,-0.04278796911239624,-0.589451625943184,0.29020896553993214
3364,3.3666666666666667,101,LEFT_FOOT_INDEX,0.07085666060447693,-0.6753332167863844,0.25249771773815144
3365,3.3666666666666667,101,RIGHT_FOOT_INDEX,-0.047791957855224665,-0.6899982243776321,0.20843017101287833
3366,3.4,102,NOSE,0.002740040421485901,0.10414829850196838,-0.16642189025878903
3367,3.4,102,LEFT_EYE_INNER,0.009322956204414368,0.126059889793396,-0.14971302449703214
3368,3.4,102,LEFT_EYE,0.013121262192726135,0.1256446987390518,-0.14974056184291834
3369,3.4,102,LEFT_EYE_OUTER,0.016569867730140686,0.1251028031110763,-0.14971861243247986
3370,3.4,102,RIGHT_EYE_INNER,-0.004273399710655212,0.1262539029121399,-0.15248812735080716
3371,3.4,102,RIGHT_EYE,-0.00910244882106781,0.1264629662036896,-0.15247601270675656
3372,3.4,102,RIGHT_EYE_OUTER,-0.01381520926952362,0.1263389885425568,-0.15251165628433225
3373,3.4,102,LEFT_EAR,0.022315695881843567,0.1140765249729156,-0.04555757343769076
3374,3.4,102,RIGHT_EAR,-0.020543441176414545,0.1160408407449722,-0.06351554393768305
3375,3.4,102,MOUTH_LEFT,0.012048140168190002,0.08187542855739588,-0.12699463963508606
3376,3.4,102,MOUTH_RIGHT,-0.005909904837608337,0.08458401262760157,-0.13183487951755526
3377,3.4,102,LEFT_SHOULDER,0.053820863366127014,0.007037654519081116,0.009706914424896254
3378,3.4,102,RIGHT_SHOULDER,-0.053820863366127014,-0.007037654519081116,-0.009706914424896254
3379,3.4,102,LEFT_ELBOW,0.10409535467624664,-0.12205727398395538,-0.08852681517601016
3380,3.4,102,RIGHT_ELBOW,-0.08113630115985876,-0.1493929773569107,-0.047582030296325656
3381,3.4,102,LEFT_WRIST,0.04516424238681793,0.0015195459127426147,-0.25527939200401306
3382,3.4,102,RIGHT_WRIST,-0.05349420011043554,-0.20282275974750524,-0.18763291835784915
3383,3.4,102,LEFT_PINKY,0.030696645379066467,0.035772725939750616,-0.2941153049468994
3384,3.4,102,RIGHT_PINKY,-0.04818354547023773,-0.22534985840320593,-0.21277731657028195
3385,3.4,102,LEFT_INDEX,0.025642648339271545,0.047158196568489075,-0.27482539415359497
3386,3.4,102,RIGHT_INDEX,-0.04008151590824133,-0.21025748550891882,-0.22057303786277774
3387,3.4,102,LEFT_THUMB,0.027813151478767395,0.033491089940071106,-0.24916687607765195
3388,3.4,102,RIGHT_THUMB,-0.040724143385887146,-0.20126117765903478,-0.19197416305541995
3389,3.4,102,LEFT_HIP,0.03971673548221588,-0.2628364711999894,0.09850039053708305
3390,3.4,102,RIGHT_HIP,-0.027193710207939148,-0.27248497307300573,0.08578006923198706
3391,3.4,102,LEFT_KNEE,0.04538317024707794,-0.46537543833255773,0.13478959351778025
3392,3.4,102,RIGHT_KNEE,-0.03849504888057714,-0.4650688916444779,0.12870179116725916
3393,3.4,102,LEFT_ANKLE,0.058690622448921204,-0.588954821228981,0.3042369484901427
3394,3.4,102,RIGHT_ANKLE,-0.044339641928672846,-0.5835852771997452,0.27375116944313044
3395,3.4,102,LEFT_HEEL,0.049395397305488586,-0.5949281603097916,0.31882062554359425
3396,3.4,102,RIGHT_HEEL,-0.04351900517940521,-0.5882603079080582,0.28701454401016224
3397,3.4,102,LEFT_FOOT_INDEX,0.06779392063617706,-0.6741069704294205,0.24675814807415006
3398,3.4,102,RIGHT_FOOT_INDEX,-0.04896698892116552,-0.6883325725793839,0.20500779151916496
3399,3.433333333333333,103,NOSE,0.0018214285373687744,0.10603280365467077,-0.1628319397568703
3400,3.433333333333333,103,LEFT_EYE_INNER,0.008284837007522583,0.12798960506916046,-0.1457860842347145
3401,3.433333333333333,103,LEFT_EYE,0.012304216623306274,0.12751126289367676,-0.1458164229989052
3402,3.433333333333333,103,LEFT_EYE_OUTER,0.015838176012039185,0.12684755027294167,-0.14579492062330252
3403,3.433333333333333,103,RIGHT_EYE_INNER,-0.005176454782485962,0.12818314135074615,-0.1480997577309609
3404,3.433333333333333,103,RIGHT_EYE,-0.009906500577926636,0.12832981348037728,-0.14808706194162372
3405,3.433333333333333,103,RIGHT_EYE_OUTER,-0.014519959688186646,0.12808544933795937,-0.1481249853968621
3406,3.433333333333333,103,LEFT_EAR,0.022078901529312134,0.11496572196483618,-0.04265593737363821
3407,3.433333333333333,103,RIGHT_EAR,-0.02086576819419861,0.11703950166702276,-0.058390595018863706
3408,3.433333333333333,103,MOUTH_LEFT,0.01130649447441101,0.08352236449718475,-0.1242425963282586
3409,3.433333333333333,103,MOUTH_RIGHT,-0.006658405065536499,0.08625788986682897,-0.1284342631697655
3410,3.433333333333333,103,LEFT_SHOULDER,0.053833335638046265,0.006603136658668574,0.00874254852533339
3411,3.433333333333333,103,RIGHT_SHOULDER,-0.05383333563804632,-0.006603136658668518,-0.008742548525333405
3412,3.433333333333333,103,LEFT_ELBOW,0.10467860102653503,-0.11716730892658234,-0.0893917009234429
3413,3.433333333333333,103,RIGHT_ELBOW,-0.08084234595298773,-0.14728631079196924,-0.0518394336104393
3414,3.433333333333333,103,LEFT_WRIST,0.04478725790977478,0.008620128035545349,-0.25147802382707596
3415,3.433333333333333,103,RIGHT_WRIST,-0.05382701754570013,-0.20016761124134064,-0.19450450688600548
3416,3.433333333333333,103,LEFT_PINKY,0.030507951974868774,0.042862668633461054,-0.29090214520692836
3417,3.433333333333333,103,RIGHT_PINKY,-0.04826194047927862,-0.2234201580286026,-0.22047585994005212
3418,3.433333333333333,103,LEFT_INDEX,0.025778979063034058,0.05339305102825165,-0.26812873035669327
3419,3.433333333333333,103,RIGHT_INDEX,-0.04003787040710455,-0.20830054581165314,-0.2285952642560006
3420,3.433333333333333,103,LEFT_THUMB,0.027882665395736694,0.039535477757453974,-0.2444607987999917
3421,3.433333333333333,103,RIGHT_THUMB,-0.04064550995826721,-0.1991124302148819,-0.1992256119847298
3422,3.433333333333333,103,LEFT_HIP,0.03908148407936096,-0.2632126361131668,0.0943011222407221
3423,3.433333333333333,103,RIGHT_HIP,-0.02808070182800293,-0.27177681028842926,0.0812835805118084
3424,3.433333333333333,103,LEFT_KNEE,0.043658167123794556,-0.46265651285648346,0.131929975003004
3425,3.433333333333333,103,RIGHT_KNEE,-0.03977012634277344,-0.46217651665210724,0.1260917782783507
3426,3.433333333333333,103,LEFT_ANKLE,0.057878583669662476,-0.5880798846483231,0.3072740957140921
3427,3.433333333333333,103,RIGHT_ANKLE,-0.04474830627441412,-0.5823062211275101,0.28283213824033726
3428,3.433333333333333,103,LEFT_HEEL,0.0482044517993927,-0.5933275371789932,0.3225074931979178
3429,3.433333333333333,103,RIGHT_HEEL,-0.04382520914077764,-0.5867841392755508,0.2972530350089072
3430,3.433333333333333,103,LEFT_FOOT_INDEX,0.06602784991264343,-0.6710758954286575,0.25209369510412205
3431,3.433333333333333,103,RIGHT_FOOT_INDEX,-0.04951372742652893,-0.6834089308977127,0.21197306364774687
3432,3.466666666666667,104,NOSE,0.001518160104751587,0.10769245028495789,-0.1586852297186851
3433,3.466666666666667,104,LEFT_EYE_INNER,0.007661908864974976,0.12971784174442288,-0.1419900432229042
3434,3.466666666666667,104,LEFT_EYE,0.0117664635181427,0.1291853338479996,-0.1420298144221306
3435,3.466666666666667,104,LEFT_EYE_OUTER,0.015306323766708374,0.1283957660198212,-0.14202301949262622
3436,3.466666666666667,104,RIGHT_EYE_INNER,-0.0055047571659088135,0.1299063265323639,-0.144464872777462
3437,3.466666666666667,104,RIGHT_EYE,-0.01017269492149353,0.12998904287815088,-0.1444501802325249
3438,3.466666666666667,104,RIGHT_EYE_OUTER,-0.014726191759109553,0.1296647489070892,-0.1444922611117363
3439,3.466666666666667,104,LEFT_EAR,0.021704882383346558,0.11582112312316889,-0.0404128506779671
3440,3.466666666666667,104,RIGHT_EAR,-0.02092573046684265,0.11820156872272489,-0.0566411092877388
3441,3.466666666666667,104,MOUTH_LEFT,0.010916322469711304,0.08477796614170069,-0.12109146267175672
3442,3.466666666666667,104,MOUTH_RIGHT,-0.0069325268268585205,0.08767183125019068,-0.1254534497857094
3443,3.466666666666667,104,LEFT_SHOULDER,0.053782135248184204,0.006111994385719299,0.009929776191711398
3444,3.466666666666667,104,RIGHT_SHOULDER,-0.05378213524818426,-0.006111994385719299,-0.009929776191711412
3445,3.466666666666667,104,LEFT_ELBOW,0.10559454560279846,-0.11340941488742828,-0.0885147079825401
3446,3.466666666666667,104,RIGHT_ELBOW,-0.08038359880447388,-0.14551113545894628,-0.06421329826116562
3447,3.466666666666667,104,LEFT_WRIST,0.04496094584465027,0.01457144320011139,-0.242266409099102
3448,3.466666666666667,104,RIGHT_WRIST,-0.05422654747962957,-0.19848076999187475,-0.19777109473943713
3449,3.466666666666667,104,LEFT_PINKY,0.031003087759017944,0.049417927861213684,-0.28211262077093124
3450,3.466666666666667,104,RIGHT_PINKY,-0.04852977395057678,-0.22318749129772192,-0.2221349701285362
3451,3.466666666666667,104,LEFT_INDEX,0.026328593492507935,0.05777464807033539,-0.25496193021535873
3452,3.466666666666667,104,RIGHT_INDEX,-0.039837658405303955,-0.20765320956707006,-0.22984775155782702
3453,3.466666666666667,104,LEFT_THUMB,0.02833804488182068,0.043786659836769104,-0.23435067385435102
3454,3.466666666666667,104,RIGHT_THUMB,-0.04038053750991827,-0.19824020564556127,-0.202045165002346
3455,3.466666666666667,104,LEFT_HIP,0.03784862160682678,-0.26429365575313574,0.081558363046497
3456,3.466666666666667,104,RIGHT_HIP,-0.028731018304824885,-0.27132211625576025,0.0681140692904592
3457,3.466666666666667,104,LEFT_KNEE,0.04265376925468445,-0.4610112756490708,0.11538408324122419
3458,3.466666666666667,104,RIGHT_KNEE,-0.040919750928878784,-0.4612117856740952,0.1124791055917739
3459,3.466666666666667,104,LEFT_ANKLE,0.05753794312477112,-0.5875143855810165,0.2900475487112998
3460,3.466666666666667,104,RIGHT_ANKLE,-0.04494196176528936,-0.5811928361654282,0.26827041059732426
3461,3.466666666666667,104,LEFT_HEEL,0.04759368300437927,-0.5921727865934372,0.3051232174038886
3462,3.466666666666667,104,RIGHT_HEEL,-0.04392343759536749,-0.5854189842939379,0.282616950571537
3463,3.466666666666667,104,LEFT_FOOT_INDEX,0.06495723128318787,-0.6691237539052963,0.23778028041124338
3464,3.466666666666667,104,RIGHT_FOOT_INDEX,-0.04997575283050537,-0.6824401468038557,0.1986125856637954
3465,3.5,105,NOSE,0.001958996057510376,0.10866673290729523,-0.16059556975960737
3466,3.5,105,LEFT_EYE_INNER,0.007971495389938354,0.13082303106784823,-0.1449706293642521
3467,3.5,105,LEFT_EYE,0.011962443590164185,0.13026201725006104,-0.14501075819134718
3468,3.5,105,LEFT_EYE_OUTER,0.015438169240951538,0.12939158082008365,-0.1450173445045948
3469,3.5,105,RIGHT_EYE_INNER,-0.005136638879776001,0.13099364936351784,-0.1474662758409977
3470,3.5,105,RIGHT_EYE,-0.009823471307754517,0.13091315329074865,-0.14746049419045448
3471,3.5,105,RIGHT_EYE_OUTER,-0.014399528503418024,0.13041958212852484,-0.14750337973237038
3472,3.5,105,LEFT_EAR,0.021785825490951538,0.11614553630352023,-0.04319806769490239
3473,3.5,105,RIGHT_EAR,-0.02072152495384222,0.11825980246067053,-0.05893144384026529
3474,3.5,105,MOUTH_LEFT,0.011190742254257202,0.08550356328487396,-0.1232426054775715
3475,3.5,105,MOUTH_RIGHT,-0.006549090147018433,0.08817715942859655,-0.12762615457177168
3476,3.5,105,LEFT_SHOULDER,0.05391457676887512,0.004991427063941956,0.007710974663496004
3477,3.5,105,RIGHT_SHOULDER,-0.05391457676887512,-0.004991427063941956,-0.007710974663496004
3478,3.5,105,LEFT_ELBOW,0.10613653063774109,-0.11005182564258575,-0.0941764451563359
3479,3.5,105,RIGHT_ELBOW,-0.08009257912635809,-0.14421509206295013,-0.059286210685968385
3480,3.5,105,LEFT_WRIST,0.045054346323013306,0.021042540669441223,-0.2515661455690861
3481,3.5,105,RIGHT_WRIST,-0.05462568998336792,-0.1979319006204605,-0.2006267942488194
3482,3.5,105,LEFT_PINKY,0.03127005696296692,0.05707813799381256,-0.2926523126661778
3483,3.5,105,RIGHT_PINKY,-0.048973649740219116,-0.22303159534931183,-0.22663841024041176
3484,3.5,105,LEFT_INDEX,0.026654750108718872,0.06366793811321264,-0.26526409760117536
3485,3.5,105,RIGHT_INDEX,-0.040149956941604614,-0.20738430321216583,-0.234804455190897
3486,3.5,105,LEFT_THUMB,0.028596431016921997,0.04955811798572546,-0.2439239658415318
3487,3.5,105,RIGHT_THUMB,-0.040643215179443415,-0.19799472391605377,-0.2053097821772099
3488,3.5,105,LEFT_HIP,0.03673622012138367,-0.26568634808063507,0.0829341635107993
3489,3.5,105,RIGHT_HIP,-0.029650121927261408,-0.27125199139118195,0.0693636289797723
3490,3.5,105,LEFT_KNEE,0.04284617304801941,-0.46037884056568146,0.1148641631007193
3491,3.5,105,RIGHT_KNEE,-0.04110583662986761,-0.4623454362154007,0.1104600094258784
3492,3.5,105,LEFT_ANKLE,0.05726996064186096,-0.5855279117822647,0.2897002659738063
3493,3.5,105,RIGHT_ANKLE,-0.04494413733482361,-0.5803234726190567,0.2685045264661311
3494,3.5,105,LEFT_HEEL,0.04818043112754822,-0.5905707627534866,0.304951500147581
3495,3.5,105,RIGHT_HEEL,-0.04414534568786621,-0.5843207985162735,0.2828234843909739
3496,3.5,105,LEFT_FOOT_INDEX,0.06558439135551453,-0.6675104051828384,0.23585548624396308
3497,3.5,105,RIGHT_FOOT_INDEX,-0.05027931928634649,-0.685633197426796,0.19720355048775662
3498,3.533333333333333,106,NOSE,0.0026794075965881348,0.10999776422977453,-0.15791800990700722
3499,3.533333333333333,106,LEFT_EYE_INNER,0.00865846872329712,0.13140265643596652,-0.1417096890509128
3500,3.533333333333333,106,LEFT_EYE,0.012549638748168945,0.13071249425411233,-0.1417567320168018
3501,3.533333333333333,106,LEFT_EYE_OUTER,0.01596367359161377,0.12969042360782623,-0.1417696364223957
3502,3.533333333333333,106,RIGHT_EYE_INNER,-0.004134654998779297,0.13203740119934082,-0.1439067162573337
3503,3.533333333333333,106,RIGHT_EYE,-0.008772313594818115,0.13203948736190801,-0.1438983120024204
3504,3.533333333333333,106,RIGHT_EYE_OUTER,-0.013307839632034302,0.1316168457269669,-0.1439472027122974
3505,3.533333333333333,106,LEFT_EAR,0.021822035312652588,0.11633816361427313,-0.0416291244328022
3506,3.533333333333333,106,RIGHT_EAR,-0.019681870937347412,0.11934660375118261,-0.05631724372506142
3507,3.533333333333333,106,MOUTH_LEFT,0.011420190334320068,0.08683875203132635,-0.12102063372731212
3508,3.533333333333333,106,MOUTH_RIGHT,-0.00586932897567749,0.08954834938049322,-0.12505002692341802
3509,3.533333333333333,106,LEFT_SHOULDER,0.0538250207901001,0.004630833864212036,0.004088845103979097
3510,3.533333333333333,106,RIGHT_SHOULDER,-0.05382502079010015,-0.004630833864211981,-0.004088845103979097
3511,3.533333333333333,106,LEFT_ELBOW,0.10715806484222412,-0.10565564036369318,-0.09768656268715861
3512,3.533333333333333,106,RIGHT_ELBOW,-0.07909166812896734,-0.14314267039299006,-0.033668693155050305
3513,3.533333333333333,106,LEFT_WRIST,0.04596966505050659,0.026982486248016413,-0.24471971765160558
3514,3.533333333333333,106,RIGHT_WRIST,-0.05428031086921692,-0.19793936610221863,-0.1459209807217121
3515,3.533333333333333,106,LEFT_PINKY,0.03216129541397095,0.06504553556442261,-0.28254327550530434
3516,3.533333333333333,106,RIGHT_PINKY,-0.04909920692443853,-0.22353824973106384,-0.1653166897594929
3517,3.533333333333333,106,LEFT_INDEX,0.027734994888305664,0.06984588503837591,-0.25520575419068336
3518,3.533333333333333,106,RIGHT_INDEX,-0.04017281532287603,-0.20813629031181335,-0.1740573979914188
3519,3.533333333333333,106,LEFT_THUMB,0.029576361179351807,0.05550470948219305,-0.2368277050554752
3520,3.533333333333333,106,RIGHT_THUMB,-0.040355622768402155,-0.1989665925502777,-0.150077823549509
3521,3.533333333333333,106,LEFT_HIP,0.036988675594329834,-0.2654149830341339,0.077516830060631
3522,3.533333333333333,106,RIGHT_HIP,-0.029195666313171442,-0.2711222469806671,0.0640488467179239
3523,3.533333333333333,106,LEFT_KNEE,0.04373699426651001,-0.45866283774375916,0.108666781336069
3524,3.533333333333333,106,RIGHT_KNEE,-0.04089164733886724,-0.4600280821323395,0.10505811497569079
3525,3.533333333333333,106,LEFT_ANKLE,0.05772209167480469,-0.5812281668186187,0.2885548435151576
3526,3.533333333333333,106,RIGHT_ANKLE,-0.04488253593444824,-0.5788297355175018,0.27034207805991173
3527,3.533333333333333,106,LEFT_HEEL,0.049139440059661865,-0.5879896581172943,0.3050397597253322
3528,3.533333333333333,106,RIGHT_HEEL,-0.04416143894195562,-0.5832946002483367,0.2859680615365505
3529,3.533333333333333,106,LEFT_FOOT_INDEX,0.06680220365524292,-0.6649767458438876,0.2369928024709224
3530,3.533333333333333,106,RIGHT_FOOT_INDEX,-0.050374507904052734,-0.680555135011673,0.2019601427018642
3531,3.566666666666667,107,NOSE,0.003188997507095337,0.11133858561515805,-0.17095676250755792
3532,3.566666666666667,107,LEFT_EYE_INNER,0.009089142084121704,0.13195209205150604,-0.1539331842213869
3533,3.566666666666667,107,LEFT_EYE,0.012881666421890259,0.13126239180564875,-0.15398620255291462
3534,3.566666666666667,107,LEFT_EYE_OUTER,0.016150563955307007,0.13024049997329715,-0.1540086437016726
3535,3.566666666666667,107,RIGHT_EYE_INNER,-0.003585904836654663,0.13274922966957095,-0.1557548213750124
3536,3.566666666666667,107,RIGHT_EYE,-0.008208602666854858,0.13265115022659305,-0.155749948695302
3537,3.566666666666667,107,RIGHT_EYE_OUTER,-0.012729644775390625,0.13210071623325345,-0.15579651482403278
3538,3.566666666666667,107,LEFT_EAR,0.021846145391464233,0.11702157557010645,-0.048557059839367894
3539,3.566666666666667,107,RIGHT_EAR,-0.01921090483665472,0.11958447098731995,-0.061499075964093194
3540,3.566666666666667,107,MOUTH_LEFT,0.01183822751045227,0.08817717432975763,-0.13216456957161432
3541,3.566666666666667,107,MOUTH_RIGHT,-0.005410641431808472,0.09102529287338257,-0.13582483120262617
3542,3.566666666666667,107,LEFT_SHOULDER,0.0537467896938324,0.0045625269412994385,0.0047637019306421
3543,3.566666666666667,107,RIGHT_SHOULDER,-0.05374678969383245,-0.0045625269412994385,-0.0047637019306421
3544,3.566666666666667,107,LEFT_ELBOW,0.10774162411689758,-0.10133686661720276,-0.0858257431536913
3545,3.566666666666667,107,RIGHT_ELBOW,-0.0787719190120697,-0.14187496900558477,-0.036038564518094104
3546,3.566666666666667,107,LEFT_WRIST,0.046190470457077026,0.03427806496620173,-0.2183080036193133
3547,3.566666666666667,107,RIGHT_WRIST,-0.054266780614852905,-0.19613406062126165,-0.15649250335991383
3548,3.566666666666667,107,LEFT_PINKY,0.032555967569351196,0.07184800505638117,-0.2542327661067248
3549,3.566666666666667,107,RIGHT_PINKY,-0.049078077077865656,-0.221834808588028,-0.1762282270938158
3550,3.566666666666667,107,LEFT_INDEX,0.02830788493156433,0.07642471790313715,-0.2289150375872851
3551,3.566666666666667,107,RIGHT_INDEX,-0.040272653102874756,-0.20674571394920355,-0.1847870666533709
3552,3.566666666666667,107,LEFT_THUMB,0.03011605143547058,0.06196162104606623,-0.21073073334991932
3553,3.566666666666667,107,RIGHT_THUMB,-0.040324449539184626,-0.19778159260749822,-0.1605227161198855
3554,3.566666666666667,107,LEFT_HIP,0.03729042410850525,-0.2651950418949128,0.0653767408803104
3555,3.566666666666667,107,RIGHT_HIP,-0.02920454740524292,-0.2706007659435273,0.0515896072611213
3556,3.566666666666667,107,LEFT_KNEE,0.04427340626716614,-0.46075007319450384,0.09602708555757991
3557,3.566666666666667,107,RIGHT_KNEE,-0.041618674993515015,-0.46135243773460394,0.0825999397784471
3558,3.566666666666667,107,LEFT_ANKLE,0.05802157521247864,-0.5793904364109042,0.2798689883202314
3559,3.566666666666667,107,RIGHT_ANKLE,-0.04472431540489202,-0.5773636400699615,0.255206836387515
3560,3.566666666666667,107,LEFT_HEEL,0.04949715733528137,-0.5863353908061981,0.2967572044581174
3561,3.566666666666667,107,RIGHT_HEEL,-0.04401722550392151,-0.5817585289478302,0.2726726364344358
3562,3.566666666666667,107,LEFT_FOOT_INDEX,0.06757590174674988,-0.665145069360733,0.22522838227450842
3563,3.566666666666667,107,RIGHT_FOOT_INDEX,-0.05021890997886663,-0.6836762726306915,0.1778896059840917
3564,3.6,108,NOSE,0.003503084182739258,0.1110784858465195,-0.17471673525869846
3565,3.6,108,LEFT_EYE_INNER,0.009311199188232422,0.13097624480724337,-0.15740711428225046
3566,3.6,108,LEFT_EYE,0.01300722360610962,0.13048982620239258,-0.15746269561350346
3567,3.6,108,LEFT_EYE_OUTER,0.016134679317474365,0.1297146975994111,-0.15749459899961954
3568,3.6,108,RIGHT_EYE_INNER,-0.003286302089691162,0.13187341392040258,-0.15918610431253916
3569,3.6,108,RIGHT_EYE,-0.007912099361419678,0.1317718327045441,-0.15918141044676304
3570,3.6,108,RIGHT_EYE_OUTER,-0.012423485517501831,0.1311444193124772,-0.15922408737242227
3571,3.6,108,LEFT_EAR,0.021802008152008057,0.11744874715805059,-0.049569705501198755
3572,3.6,108,RIGHT_EAR,-0.01893293857574463,0.11851680278778079,-0.06264027394354345
3573,3.6,108,MOUTH_LEFT,0.012112796306610107,0.08853776752948761,-0.13491272367537027
3574,3.6,108,MOUTH_RIGHT,-0.005114912986755371,0.0913485437631607,-0.13858407177031046
3575,3.6,108,LEFT_SHOULDER,0.05372077226638794,0.0047793239355087835,0.005468023940920844
3576,3.6,108,RIGHT_SHOULDER,-0.05372077226638794,-0.004779323935508728,-0.005468023940920851
3577,3.6,108,LEFT_ELBOW,0.10803693532943726,-0.09814576804637909,-0.08176995255053045
3578,3.6,108,RIGHT_ELBOW,-0.07854977250099182,-0.14045988023281092,-0.04223120398819445
3579,3.6,108,LEFT_WRIST,0.04631340503692627,0.03902851045131689,-0.21168228425085545
3580,3.6,108,RIGHT_WRIST,-0.054159462451934814,-0.1948675960302353,-0.16911017335951334
3581,3.6,108,LEFT_PINKY,0.032832562923431396,0.07445837557315826,-0.24799990095198154
3582,3.6,108,RIGHT_PINKY,-0.049051642417907715,-0.22076700627803802,-0.19049937464296823
3583,3.6,108,LEFT_INDEX,0.02878415584564209,0.07914717495441437,-0.22364150919020181
3584,3.6,108,RIGHT_INDEX,-0.0403023362159729,-0.20545963943004608,-0.1989905778318644
3585,3.6,108,LEFT_THUMB,0.03050476312637329,0.06506355106830597,-0.20438157953321934
3586,3.6,108,RIGHT_THUMB,-0.040318310260772705,-0.196414515376091,-0.17334776557981973
3587,3.6,108,LEFT_HIP,0.036897480487823486,-0.26370809972286224,0.06282355822622765
3588,3.6,108,RIGHT_HIP,-0.03007674217224121,-0.26944027841091156,0.04865294042974705
3589,3.6,108,LEFT_KNEE,0.04458516836166382,-0.4583276957273483,0.08827933482825745
3590,3.6,108,RIGHT_KNEE,-0.042426824569702204,-0.4588557332754135,0.07607438787817944
3591,3.6,108,LEFT_ANKLE,0.05820357799530029,-0.5782713145017625,0.27656759880483145
3592,3.6,108,RIGHT_ANKLE,-0.04500085115432739,-0.5761681646108627,0.2513598855584859
3593,3.6,108,LEFT_HEEL,0.04957181215286255,-0.5851248353719711,0.29367679916322226
3594,3.6,108,RIGHT_HEEL,-0.043963551521301325,-0.5803900808095933,0.2677248027175663
3595,3.6,108,LEFT_FOOT_INDEX,0.06803464889526367,-0.662976548075676,0.22137412987649435
3596,3.6,108,RIGHT_FOOT_INDEX,-0.05026966333389282,-0.6808933466672897,0.17361706309020503
3597,3.633333333333333,109,NOSE,0.0037377476692199707,0.11283041536808008,-0.1732550915330649
3598,3.633333333333333,109,LEFT_EYE_INNER,0.009366095066070557,0.1325753331184387,-0.15544935129582882
3599,3.633333333333333,109,LEFT_EYE,0.012980997562408447,0.13205106556415558,-0.15551312826573851
3600,3.633333333333333,109,LEFT_EYE_OUTER,0.01601111888885498,0.13128119707107538,-0.15554710291326052
3601,3.633333333333333,109,RIGHT_EYE_INNER,-0.003048717975616455,0.1332719027996063,-0.1573456134647131
3602,3.633333333333333,109,RIGHT_EYE,-0.007666468620300293,0.13306491076946259,-0.15733483992517
3603,3.633333333333333,109,RIGHT_EYE_OUTER,-0.012164831161499079,0.13237425684928888,-0.1573776360601187
3604,3.633333333333333,109,LEFT_EAR,0.021474599838256836,0.11886030435562128,-0.0474015381187201
3605,3.633333333333333,109,RIGHT_EAR,-0.01877450942993164,0.11906477808952329,-0.061058213934302295
3606,3.633333333333333,109,MOUTH_LEFT,0.012349426746368408,0.09029039740562439,-0.1332083698362112
3607,3.633333333333333,109,MOUTH_RIGHT,-0.004845082759857178,0.09310448169708246,-0.1370184030383825
3608,3.633333333333333,109,LEFT_SHOULDER,0.05372816324234009,0.005010485649108887,0.005687946453690501
3609,3.633333333333333,109,RIGHT_SHOULDER,-0.05372816324234009,-0.005010485649108887,-0.005687946453690501
3610,3.633333333333333,109,LEFT_ELBOW,0.10845261812210083,-0.09539216756820679,-0.08746202848851681
3611,3.633333333333333,109,RIGHT_ELBOW,-0.07837653160095215,-0.13943815231323242,-0.0489278417080641
3612,3.633333333333333,109,LEFT_WRIST,0.046296894550323486,0.04292184114456171,-0.2262840028852225
3613,3.633333333333333,109,RIGHT_WRIST,-0.05457115173339849,-0.19318592548370367,-0.1935762818902731
3614,3.633333333333333,109,LEFT_PINKY,0.03302103281021118,0.07713311910629267,-0.264480447396636
3615,3.633333333333333,109,RIGHT_PINKY,-0.049553871154785156,-0.21959608793258673,-0.21916702948510652
3616,3.633333333333333,109,LEFT_INDEX,0.029038727283477783,0.08156034350395197,-0.23964310251176363
3617,3.633333333333333,109,RIGHT_INDEX,-0.040696114301681574,-0.20423233509063726,-0.22768316231668
3618,3.633333333333333,109,LEFT_THUMB,0.030741512775421143,0.0676481425762176,-0.2190656121820212
3619,3.633333333333333,109,RIGHT_THUMB,-0.040628641843795776,-0.19495624303817755,-0.19841024838387972
3620,3.633333333333333,109,LEFT_HIP,0.03648096323013306,-0.26184111833572393,0.0605117348022758
3621,3.633333333333333,109,RIGHT_HIP,-0.030618309974670466,-0.26825070381164556,0.0460795061662793
3622,3.633333333333333,109,LEFT_KNEE,0.04497271776199341,-0.45956110954284674,0.075829355046153
3623,3.633333333333333,109,RIGHT_KNEE,-0.04226514697074896,-0.4596064686775208,0.0638567619025706
3624,3.633333333333333,109,LEFT_ANKLE,0.05835855007171631,-0.5788367390632632,0.2519357148557901
3625,3.633333333333333,109,RIGHT_ANKLE,-0.045141905546188354,-0.5813989639282227,0.2217310164123773
3626,3.633333333333333,109,LEFT_HEEL,0.04986649751663208,-0.5901662111282349,0.26700207032263273
3627,3.633333333333333,109,RIGHT_HEEL,-0.044320255517959595,-0.5879094004631042,0.2361261788755654
3628,3.633333333333333,109,LEFT_FOOT_INDEX,0.06840157508850098,-0.6693956851959229,0.1886960808187722
3629,3.633333333333333,109,RIGHT_FOOT_INDEX,-0.050175637006759644,-0.6848576068878174,0.1396899316459893
3630,3.6666666666666665,110,NOSE,0.003574877977371216,0.11430704593658447,-0.17147631198167806
3631,3.6666666666666665,110,LEFT_EYE_INNER,0.009136825799942017,0.13360846042633057,-0.15359575301408765
3632,3.6666666666666665,110,LEFT_EYE,0.0127888023853302,0.13312448561191567,-0.15365628153085714
3633,3.6666666666666665,110,LEFT_EYE_OUTER,0.015818148851394653,0.13239699602127075,-0.15369164198637014
3634,3.6666666666666665,110,RIGHT_EYE_INNER,-0.0030903518199920654,0.13403841853141787,-0.15571657568216324
3635,3.6666666666666665,110,RIGHT_EYE,-0.00761064887046814,0.13375167548656466,-0.15570623427629476
3636,3.6666666666666665,110,RIGHT_EYE_OUTER,-0.012046486139297485,0.13297556340694427,-0.15575101226568225
3637,3.6666666666666665,110,LEFT_EAR,0.021166056394577026,0.11999160051345825,-0.04541696608066555
3638,3.6666666666666665,110,RIGHT_EAR,-0.018633037805557306,0.11942099034786227,-0.060113228857517256
3639,3.6666666666666665,110,MOUTH_LEFT,0.012310773134231567,0.09183520078659058,-0.13143733888864514
3640,3.6666666666666665,110,MOUTH_RIGHT,-0.004755944013595581,0.09462121129035955,-0.13548705726861957
3641,3.6666666666666665,110,LEFT_SHOULDER,0.05374374985694885,0.0059370398521423895,0.0063798502087593495
3642,3.6666666666666665,110,RIGHT_SHOULDER,-0.05374374985694891,-0.005937039852142334,-0.0063798502087593495
3643,3.6666666666666665,110,LEFT_ELBOW,0.10905250906944275,-0.09135475754737854,-0.08850119262933734
3644,3.6666666666666665,110,RIGHT_ELBOW,-0.07861599326133728,-0.13832116127014155,-0.06403700262308125
3645,3.6666666666666665,110,LEFT_WRIST,0.04636767506599426,0.046783268451690674,-0.23018967360258102
3646,3.6666666666666665,110,RIGHT_WRIST,-0.0550095140933991,-0.1913144290447235,-0.22153755277395254
3647,3.6666666666666665,110,LEFT_PINKY,0.03320929408073425,0.08095499873161316,-0.26880373805761343
3648,3.6666666666666665,110,RIGHT_PINKY,-0.0499403178691864,-0.21836254000663757,-0.24914347380399704
3649,3.6666666666666665,110,LEFT_INDEX,0.029348403215408325,0.08410504460334778,-0.24344893544912344
3650,3.6666666666666665,110,RIGHT_INDEX,-0.0408280491828919,-0.20315954089164734,-0.2559955641627312
3651,3.6666666666666665,110,LEFT_THUMB,0.03100767731666565,0.07063832879066467,-0.22282316535711294
3652,3.6666666666666665,110,RIGHT_THUMB,-0.040671318769454956,-0.1937161386013031,-0.22613193839788442
3653,3.6666666666666665,110,LEFT_HIP,0.03689602017402649,-0.2613677680492401,0.06354185333475465
3654,3.6666666666666665,110,RIGHT_HIP,-0.030383199453353882,-0.26805052161216736,0.04886869061738255
3655,3.6666666666666665,110,LEFT_KNEE,0.047197312116622925,-0.45784494280815125,0.07102222274988874
3656,3.6666666666666665,110,RIGHT_KNEE,-0.041766971349716187,-0.45809122920036316,0.06628811173140994
3657,3.6666666666666665,110,LEFT_ANKLE,0.058729857206344604,-0.5783294737339021,0.25573865324258793
3658,3.6666666666666665,110,RIGHT_ANKLE,-0.04487153887748718,-0.5785062611103058,0.22911041229963294
3659,3.6666666666666665,110,LEFT_HEEL,0.05011281371116638,-0.5877014696598052,0.27142671495676035
3660,3.6666666666666665,110,RIGHT_HEEL,-0.04390415549278259,-0.5847689211368561,0.24393094331026066
3661,3.6666666666666665,110,LEFT_FOOT_INDEX,0.07099738717079163,-0.667628675699234,0.19543302804231635
3662,3.6666666666666665,110,RIGHT_FOOT_INDEX,-0.048632621765136774,-0.6811199486255644,0.15137700736522663
3663,3.7,111,NOSE,0.003613293170928955,0.11487656831741341,-0.17239809408783918
3664,3.7,111,LEFT_EYE_INNER,0.008944511413574219,0.1336219310760498,-0.1543085314333439
3665,3.7,111,LEFT_EYE,0.012562572956085205,0.1332189589738846,-0.1543723084032536
3666,3.7,111,LEFT_EYE_OUTER,0.015603423118591309,0.13263851404190072,-0.1544055975973606
3667,3.7,111,RIGHT_EYE_INNER,-0.003068208694458008,0.13415616750717171,-0.1565998978912831
3668,3.7,111,RIGHT_EYE,-0.00753021240234375,0.13393616676330572,-0.15660395100712782
3669,3.7,111,RIGHT_EYE_OUTER,-0.011916100978851374,0.13321907818317422,-0.1566514410078526
3670,3.7,111,LEFT_EAR,0.020690858364105225,0.1205381900072098,-0.0460418574512005
3671,3.7,111,RIGHT_EAR,-0.01857626438140869,0.11984321475028992,-0.061386581510305405
3672,3.7,111,MOUTH_LEFT,0.012377500534057617,0.0925101786851883,-0.1323106326162815
3673,3.7,111,MOUTH_RIGHT,-0.0045909881591796875,0.09544201195240021,-0.1366019286215306
3674,3.7,111,LEFT_SHOULDER,0.053743064403533936,0.006299778819084223,0.005852099508047104
3675,3.7,111,RIGHT_SHOULDER,-0.05374306440353399,-0.0062997788190841675,-0.005852099508047097
3676,3.7,111,LEFT_ELBOW,0.10948097705841064,-0.08838455379009247,-0.08566241338849069
3677,3.7,111,RIGHT_ELBOW,-0.07880076766014099,-0.13844896852970118,-0.0636092759668827
3678,3.7,111,LEFT_WRIST,0.046573102474212646,0.049302831292152405,-0.2188005186617375
3679,3.7,111,RIGHT_WRIST,-0.05500602722167969,-0.19082380831241608,-0.21290180459618568
3680,3.7,111,LEFT_PINKY,0.033414244651794434,0.08322958648204803,-0.2557006515562535
3681,3.7,111,RIGHT_PINKY,-0.04997885227203369,-0.21815849840641022,-0.23840651288628578
3682,3.7,111,LEFT_INDEX,0.02956908941268921,0.08563543856143951,-0.2302808202803135
3683,3.7,111,RIGHT_INDEX,-0.04077190160751348,-0.20309294760227203,-0.24676967039704328
3684,3.7,111,LEFT_THUMB,0.031238019466400146,0.07244472205638891,-0.2111829854547978
3685,3.7,111,RIGHT_THUMB,-0.040560126304626465,-0.19369573891162872,-0.21769440546631819
3686,3.7,111,LEFT_HIP,0.03719109296798706,-0.261113777756691,0.0619591707363724
3687,3.7,111,RIGHT_HIP,-0.0301183164119721,-0.2682292014360428,0.0473150881007314
3688,3.7,111,LEFT_KNEE,0.04850292205810547,-0.462445393204689,0.06400301121175281
3689,3.7,111,RIGHT_KNEE,-0.04151377081871038,-0.4623592048883438,0.0619945041835307
3690,3.7,111,LEFT_ANKLE,0.0589870810508728,-0.5874967724084854,0.2462375871837138
3691,3.7,111,RIGHT_ANKLE,-0.04499220848083496,-0.5827685743570328,0.22086894139647473
3692,3.7,111,LEFT_HEEL,0.05037951469421387,-0.5937080532312394,0.261879976838827
3693,3.7,111,RIGHT_HEEL,-0.044180423021316584,-0.5891263633966446,0.23535477742552752
3694,3.7,111,LEFT_FOOT_INDEX,0.07177424430847168,-0.6765273958444593,0.18430149182677258
3695,3.7,111,RIGHT_FOOT_INDEX,-0.048067837953567505,-0.6865034252405167,0.14099403843283642
3696,3.733333333333333,112,NOSE,0.0036621391773223877,0.11473456025123605,-0.17354390770196915
3697,3.733333333333333,112,LEFT_EYE_INNER,0.008770912885665894,0.13283297419548035,-0.15531565994024277
3698,3.733333333333333,112,LEFT_EYE,0.012338310480117798,0.13249386847019204,-0.15537884086370468
3699,3.733333333333333,112,LEFT_EYE_OUTER,0.015347331762313843,0.13208094239234924,-0.15540152043104177
3700,3.733333333333333,112,RIGHT_EYE_INNER,-0.002988487482070923,0.13371512293815613,-0.15765426307916647
3701,3.733333333333333,112,RIGHT_EYE,-0.007351309061050415,0.13370910286903384,-0.15767235308885574
3702,3.733333333333333,112,RIGHT_EYE_OUTER,-0.011668235063552856,0.13318030536174774,-0.15771565586328506
3703,3.733333333333333,112,LEFT_EAR,0.020155340433120728,0.12069997191429144,-0.046870328485965757
3704,3.733333333333333,112,RIGHT_EAR,-0.018431246280670166,0.12024070322513583,-0.06215775012969975
3705,3.733333333333333,112,MOUTH_LEFT,0.012203365564346313,0.09273809194564825,-0.13349225372076035
3706,3.733333333333333,112,MOUTH_RIGHT,-0.0043655335903167725,0.09587651491165161,-0.13780797272920603
3707,3.733333333333333,112,LEFT_SHOULDER,0.0536591112613678,0.00663906335830694,0.0063458122313022475
3708,3.733333333333333,112,RIGHT_SHOULDER,-0.05365911126136785,-0.006639063358306885,-0.006345812231302254
3709,3.733333333333333,112,LEFT_ELBOW,0.11016121506690979,-0.08585217595100397,-0.08507443219423295
3710,3.733333333333333,112,RIGHT_ELBOW,-0.07870560884475714,-0.13922905921936035,-0.06176525354385376
3711,3.733333333333333,112,LEFT_WRIST,0.046977490186691284,0.05019202828407293,-0.21652146428823477
3712,3.733333333333333,112,RIGHT_WRIST,-0.05496475100517273,-0.1910366714000702,-0.21449380367994308
3713,3.733333333333333,112,LEFT_PINKY,0.03383496403694153,0.08298259973526001,-0.25332566350698477
3714,3.733333333333333,112,RIGHT_PINKY,-0.04990160465240484,-0.21890142560005188,-0.24048443883657455
3715,3.733333333333333,112,LEFT_INDEX,0.03001067042350769,0.08548644185066223,-0.22835304588079458
3716,3.733333333333333,112,RIGHT_INDEX,-0.040655434131622314,-0.2035776674747467,-0.24882408231496816
3717,3.733333333333333,112,LEFT_THUMB,0.0316644012928009,0.07271486520767212,-0.20908781141042715
3718,3.733333333333333,112,RIGHT_THUMB,-0.04041007161140442,-0.19425931572914124,-0.21833800524473196
3719,3.733333333333333,112,LEFT_HIP,0.03765431046485901,-0.2616786062717438,0.058798232115805045
3720,3.733333333333333,112,RIGHT_HIP,-0.029683023691177368,-0.2696079909801483,0.04414509376510974
3721,3.733333333333333,112,LEFT_KNEE,0.04945674538612366,-0.4649192988872528,0.06327997241169205
3722,3.733333333333333,112,RIGHT_KNEE,-0.040981441736221313,-0.46436360478401184,0.061045868322253144
3723,3.733333333333333,112,LEFT_ANKLE,0.059407562017440796,-0.5900931656360627,0.24588822573423375
3724,3.733333333333333,112,RIGHT_ANKLE,-0.04469600319862366,-0.58646360039711,0.21883346885442723
3725,3.733333333333333,112,LEFT_HEEL,0.05142912268638611,-0.5958645045757294,0.26163544505834574
3726,3.733333333333333,112,RIGHT_HEEL,-0.043948620557785034,-0.5925007164478302,0.23327247053384775
3727,3.733333333333333,112,LEFT_FOOT_INDEX,0.07261684536933899,-0.6785145103931427,0.18565461784601206
3728,3.733333333333333,112,RIGHT_FOOT_INDEX,-0.04731598496437073,-0.6881488859653471,0.13992430269718165
3729,3.7666666666666666,113,NOSE,0.0036116689443588257,0.11480441689491278,-0.17511030845344064
3730,3.7666666666666666,113,LEFT_EYE_INNER,0.008526906371116638,0.1329588890075684,-0.15460607223212713
3731,3.7666666666666666,113,LEFT_EYE,0.01206408441066742,0.13275158405303958,-0.15466922335326674
3732,3.7666666666666666,113,LEFT_EYE_OUTER,0.015017911791801453,0.13243301212787628,-0.15470072440803054
3733,3.7666666666666666,113,RIGHT_EYE_INNER,-0.003304794430732727,0.13336163759231567,-0.15713588707149026
3734,3.7666666666666666,113,RIGHT_EYE,-0.007634714245796204,0.1331523358821869,-0.15716253034770486
3735,3.7666666666666666,113,RIGHT_EYE_OUTER,-0.011916503310203552,0.1324121654033661,-0.15719680301845074
3736,3.7666666666666666,113,LEFT_EAR,0.019769594073295593,0.12121042609214788,-0.04753929935395715
3737,3.7666666666666666,113,RIGHT_EAR,-0.01865316927433014,0.11919058859348297,-0.06301118247210975
3738,3.7666666666666666,113,MOUTH_LEFT,0.012202009558677673,0.09324419498443609,-0.13273739628493786
3739,3.7666666666666666,113,MOUTH_RIGHT,-0.0043366700410842896,0.09573701024055487,-0.13699099235236645
3740,3.7666666666666666,113,LEFT_SHOULDER,0.05366097390651703,0.006929606199264582,0.007203036919236155
3741,3.7666666666666666,113,RIGHT_SHOULDER,-0.05366097390651703,-0.006929606199264526,-0.0072030369192361485
3742,3.7666666666666666,113,LEFT_ELBOW,0.11048971116542816,-0.08368921279907221,-0.08711682073771954
3743,3.7666666666666666,113,RIGHT_ELBOW,-0.07856567203998566,-0.1384505927562713,-0.061452662572264644
3744,3.7666666666666666,113,LEFT_WRIST,0.0474422425031662,0.05111244320869446,-0.22315759770572183
3745,3.7666666666666666,113,RIGHT_WRIST,-0.054951354861259516,-0.19211310148239136,-0.20966522209346297
3746,3.7666666666666666,113,LEFT_PINKY,0.03413550555706024,0.0834991335868836,-0.26037914864718914
3747,3.7666666666666666,113,RIGHT_PINKY,-0.04990617930889135,-0.2199798822402954,-0.23513026349246505
3748,3.7666666666666666,113,LEFT_INDEX,0.030358776450157166,0.08621057868003845,-0.23537625186145303
3749,3.7666666666666666,113,RIGHT_INDEX,-0.04073627293109894,-0.20499789714813232,-0.24299193732440474
3750,3.7666666666666666,113,LEFT_THUMB,0.0320502370595932,0.07360324263572698,-0.21564481966197493
3751,3.7666666666666666,113,RIGHT_THUMB,-0.040437862277030945,-0.19604414701461792,-0.21377490274608132
3752,3.7666666666666666,113,LEFT_HIP,0.03780578076839447,-0.26126962900161743,0.05997921433299775
3753,3.7666666666666666,113,RIGHT_HIP,-0.02948601543903351,-0.2703273892402649,0.04497466515749695
3754,3.7666666666666666,113,LEFT_KNEE,0.0520542711019516,-0.46287840604782104,0.06505637802183625
3755,3.7666666666666666,113,RIGHT_KNEE,-0.04006592929363251,-0.4625101089477539,0.06143009848892685
3756,3.7666666666666666,113,LEFT_ANKLE,0.05948506295681,-0.5875496268272401,0.26210214383900154
3757,3.7666666666666666,113,RIGHT_ANKLE,-0.044555529952049255,-0.5838644504547119,0.22602072544395915
3758,3.7666666666666666,113,LEFT_HEEL,0.050924286246299744,-0.5936058759689331,0.27982610650360573
3759,3.7666666666666666,113,RIGHT_HEEL,-0.04250760376453405,-0.5902445912361145,0.24176719971001145
3760,3.7666666666666666,113,LEFT_FOOT_INDEX,0.07379560172557831,-0.6760190725326538,0.20026444084942335
3761,3.7666666666666666,113,RIGHT_FOOT_INDEX,-0.044768586754798945,-0.6863641738891602,0.14506063796579835
3762,3.8,114,NOSE,0.003458157181739807,0.11567853391170502,-0.18016690202057356
3763,3.8,114,LEFT_EYE_INNER,0.008273497223854065,0.13365630805492404,-0.15994757600128645
3764,3.8,114,LEFT_EYE,0.011791959404945374,0.13342361152172094,-0.16000595875084395
3765,3.8,114,LEFT_EYE_OUTER,0.014757171273231506,0.13307857513427743,-0.16003340668976307
3766,3.8,114,RIGHT_EYE_INNER,-0.003508135676383972,0.13397921621799472,-0.16239029355347157
3767,3.8,114,RIGHT_EYE,-0.00782601535320282,0.13361169397830963,-0.16242212243378157
3768,3.8,114,RIGHT_EYE_OUTER,-0.012049958109855652,0.13273379206657412,-0.16246897168457503
3769,3.8,114,LEFT_EAR,0.01973368227481842,0.12174394726753243,-0.04665857739746565
3770,3.8,114,RIGHT_EAR,-0.018731310963630732,0.11885075271129614,-0.062280299142003046
3771,3.8,114,MOUTH_LEFT,0.012236669659614563,0.09404915571212774,-0.13758734054863453
3772,3.8,114,MOUTH_RIGHT,-0.004334434866905212,0.09632119536399841,-0.14200225658714766
3773,3.8,114,LEFT_SHOULDER,0.053628936409950256,0.00699305534362793,0.007900657132267945
3774,3.8,114,RIGHT_SHOULDER,-0.053628936409950256,-0.006993055343627874,-0.007900657132267952
3775,3.8,114,LEFT_ELBOW,0.11064095795154572,-0.08157989382743835,-0.09493087418377395
3776,3.8,114,RIGHT_ELBOW,-0.07850544154644012,-0.13831552863121027,-0.07041053660213945
3777,3.8,114,LEFT_WRIST,0.04785872995853424,0.05201584100723272,-0.25206312723457813
3778,3.8,114,RIGHT_WRIST,-0.05503679811954504,-0.1927013099193573,-0.22164726443588734
3779,3.8,114,LEFT_PINKY,0.03447110950946808,0.08507010340690613,-0.29240742512047285
3780,3.8,114,RIGHT_PINKY,-0.04995022714138031,-0.22020164132118225,-0.2493200916796922
3781,3.8,114,LEFT_INDEX,0.030592694878578186,0.08745703101158142,-0.2679778356105089
3782,3.8,114,RIGHT_INDEX,-0.040883079171180725,-0.2057671844959259,-0.2556247431784868
3783,3.8,114,LEFT_THUMB,0.03234006464481354,0.07434910535812383,-0.24561521597206593
3784,3.8,114,RIGHT_THUMB,-0.04056139290332794,-0.19703063368797302,-0.22578138299286366
3785,3.8,114,LEFT_HIP,0.03818853199481964,-0.26143649220466614,0.05356061551719895
3786,3.8,114,RIGHT_HIP,-0.029422923922538757,-0.27116891741752625,0.03854628745466475
3787,3.8,114,LEFT_KNEE,0.05424739420413971,-0.46442434191703796,0.05110769998282185
3788,3.8,114,RIGHT_KNEE,-0.04004244506359106,-0.4659024178981781,0.04783208225853735
3789,3.8,114,LEFT_ANKLE,0.05950744450092316,-0.5884592235088347,0.2623046915978193
3790,3.8,114,RIGHT_ANKLE,-0.04463677108287811,-0.5876692235469818,0.21941080503165716
3791,3.8,114,LEFT_HEEL,0.05070997774600983,-0.5959290564060211,0.2812286298722029
3792,3.8,114,RIGHT_HEEL,-0.042943879961967524,-0.594317227602005,0.23501103930175293
3793,3.8,114,LEFT_FOOT_INDEX,0.07507540285587311,-0.6814474761486053,0.19665281288325787
3794,3.8,114,RIGHT_FOOT_INDEX,-0.04412309825420385,-0.6968421638011932,0.12985262088477606
3795,3.8333333333333335,115,NOSE,0.003659754991531372,0.11626259982585904,-0.18362069875001913
3796,3.8333333333333335,115,LEFT_EYE_INNER,0.008359283208847046,0.13414464890956876,-0.16093284636735922
3797,3.8333333333333335,115,LEFT_EYE,0.011858493089675903,0.13393959403038025,-0.16099879890680308
3798,3.8333333333333335,115,LEFT_EYE_OUTER,0.014818042516708374,0.13363951444625854,-0.1610215380787849
3799,3.8333333333333335,115,RIGHT_EYE_INNER,-0.003457397222518921,0.13414791226387027,-0.16447622328996658
3800,3.8333333333333335,115,RIGHT_EYE,-0.007784396409988403,0.13357052206993106,-0.16453566402196879
3801,3.8333333333333335,115,RIGHT_EYE_OUTER,-0.011984080076217707,0.13250127434730524,-0.16459662467241293
3802,3.8333333333333335,115,LEFT_EAR,0.01981636881828308,0.12205798923969266,-0.046758025884628296
3803,3.8333333333333335,115,RIGHT_EAR,-0.018731206655502375,0.11805725097656244,-0.06444320827722551
3804,3.8333333333333335,115,MOUTH_LEFT,0.012496024370193481,0.09460443258285517,-0.13771633058786392
3805,3.8333333333333335,115,MOUTH_RIGHT,-0.003989130258560181,0.09680002927780146,-0.14312905818223948
3806,3.8333333333333335,115,LEFT_SHOULDER,0.05358061194419861,0.0071378350257873535,0.009712904691696202
3807,3.8333333333333335,115,RIGHT_SHOULDER,-0.05358061194419861,-0.0071378350257873535,-0.009712904691696202
3808,3.8333333333333335,115,LEFT_ELBOW,0.11075899004936218,-0.07924467325210577,-0.0988253876566887
3809,3.8333333333333335,115,RIGHT_ELBOW,-0.07846218347549438,-0.13826912641525274,-0.0802437737584114
3810,3.8333333333333335,115,LEFT_WRIST,0.048053234815597534,0.05587124824523926,-0.264320619404316
3811,3.8333333333333335,115,RIGHT_WRIST,-0.055004447698593195,-0.19379967451095587,-0.2391972318291664
3812,3.8333333333333335,115,LEFT_PINKY,0.034526675939559937,0.08936125040054316,-0.30600390583276754
3813,3.8333333333333335,115,RIGHT_PINKY,-0.04993468523025518,-0.2206996083259583,-0.2685473337769509
3814,3.8333333333333335,115,LEFT_INDEX,0.030676037073135376,0.09192538261413574,-0.2813785150647164
3815,3.8333333333333335,115,RIGHT_INDEX,-0.04095378518104559,-0.20639526844024664,-0.2748496904969216
3816,3.8333333333333335,115,LEFT_THUMB,0.032481640577316284,0.07839542627334595,-0.2582076564431191
3817,3.8333333333333335,115,RIGHT_THUMB,-0.04063358902931219,-0.19786709547042852,-0.24344990402460104
3818,3.8333333333333335,115,LEFT_HIP,0.03880879282951355,-0.2625315189361573,0.0537377884611486
3819,3.8333333333333335,115,RIGHT_HIP,-0.029119104146957397,-0.27260649204254156,0.038724142126739
3820,3.8333333333333335,115,LEFT_KNEE,0.05574026703834534,-0.4681417346000672,0.0394079713150859
3821,3.8333333333333335,115,RIGHT_KNEE,-0.03996545076370239,-0.4687796831130982,0.041835471522062996
3822,3.8333333333333335,115,LEFT_ANKLE,0.05964866280555725,-0.5918998122215271,0.2598417922854423
3823,3.8333333333333335,115,RIGHT_ANKLE,-0.04468035697937017,-0.5918132066726685,0.21549602597951878
3824,3.8333333333333335,115,LEFT_HEEL,0.0516950786113739,-0.5981256365776062,0.2811384126543998
3825,3.8333333333333335,115,RIGHT_HEEL,-0.04340878129005438,-0.5974688529968262,0.2309582009911536
3826,3.8333333333333335,115,LEFT_FOOT_INDEX,0.07693901658058167,-0.6882857084274292,0.1894407793879508
3827,3.8333333333333335,115,RIGHT_FOOT_INDEX,-0.0431190431118012,-0.7003573179244995,0.1231438294053077
3828,3.8666666666666663,116,NOSE,0.003726869821548462,0.1168255954980851,-0.18418611399829388
3829,3.8666666666666663,116,LEFT_EYE_INNER,0.008322328329086304,0.1345033645629883,-0.16232935898005962
3830,3.8666666666666663,116,LEFT_EYE,0.011759370565414429,0.1342806518077851,-0.16239344887435442
3831,3.8666666666666663,116,LEFT_EYE_OUTER,0.014653235673904419,0.1339335292577744,-0.1624190043658018
3832,3.8666666666666663,116,RIGHT_EYE_INNER,-0.0034170448780059814,0.1343741863965989,-0.16565127484500408
3833,3.8666666666666663,116,RIGHT_EYE,-0.007766216993331909,0.1335901618003846,-0.1656993161886931
3834,3.8666666666666663,116,RIGHT_EYE_OUTER,-0.011942118406295776,0.1322804689407349,-0.16575774364173412
3835,3.8666666666666663,116,LEFT_EAR,0.019686192274093628,0.12236329913139349,-0.0461525674909353
3836,3.8666666666666663,116,RIGHT_EAR,-0.01877447962760931,0.11704881489276889,-0.06481220386922361
3837,3.8666666666666663,116,MOUTH_LEFT,0.012651711702346802,0.09529353678226471,-0.1392883788794279
3838,3.8666666666666663,116,MOUTH_RIGHT,-0.003783971071243286,0.09707985818386078,-0.1445366870611906
3839,3.8666666666666663,116,LEFT_SHOULDER,0.05351397395133972,0.007558956742286682,0.0090793613344431
3840,3.8666666666666663,116,RIGHT_SHOULDER,-0.05351397395133972,-0.007558956742286682,-0.0090793613344431
3841,3.8666666666666663,116,LEFT_ELBOW,0.110780268907547,-0.07655034959316248,-0.09938080422580241
3842,3.8666666666666663,116,RIGHT_ELBOW,-0.07840093970298773,-0.13854391872882843,-0.0789507012814283
3843,3.8666666666666663,116,LEFT_WRIST,0.04809877276420593,0.05998022854328161,-0.26052461378276354
3844,3.8666666666666663,116,RIGHT_WRIST,-0.055089682340622004,-0.1941099613904953,-0.2319971453398466
3845,3.8666666666666663,116,LEFT_PINKY,0.034587591886520386,0.09378059208393097,-0.3008605968207121
3846,3.8666666666666663,116,RIGHT_PINKY,-0.04990682005882269,-0.2207360714673996,-0.2601114939898253
3847,3.8666666666666663,116,LEFT_INDEX,0.030763834714889526,0.09716089069843292,-0.2760112714022398
3848,3.8666666666666663,116,RIGHT_INDEX,-0.041094303131103516,-0.20628343522548676,-0.2659966181963682
3849,3.8666666666666663,116,LEFT_THUMB,0.03256163001060486,0.08419705927371979,-0.253898723050952
3850,3.8666666666666663,116,RIGHT_THUMB,-0.04088139533996582,-0.19753383100032806,-0.23595712892711163
3851,3.8666666666666663,116,LEFT_HIP,0.03907451033592224,-0.26300279796123505,0.0525645506568252
3852,3.8666666666666663,116,RIGHT_HIP,-0.02890452742576599,-0.273652121424675,0.039016186259686995
3853,3.8666666666666663,116,LEFT_KNEE,0.055485695600509644,-0.4708913415670395,0.0338756730780006
3854,3.8666666666666663,116,RIGHT_KNEE,-0.04067826271057129,-0.46884165704250336,0.041742117144167395
3855,3.8666666666666663,116,LEFT_ANKLE,0.05967852473258972,-0.5964857190847397,0.2391883898526429
3856,3.8666666666666663,116,RIGHT_ANKLE,-0.04474788904190069,-0.5950847119092941,0.2062382865697145
3857,3.8666666666666663,116,LEFT_HEEL,0.05140659213066101,-0.5999902337789536,0.2570248711854219
3858,3.8666666666666663,116,RIGHT_HEEL,-0.04376530647277832,-0.6004686802625657,0.2204539794474839
3859,3.8666666666666663,116,LEFT_FOOT_INDEX,0.07693663239479065,-0.6932371705770493,0.1655132342129945
3860,3.8666666666666663,116,RIGHT_FOOT_INDEX,-0.0430648028850556,-0.7010655254125595,0.1130616385489701
3861,3.9,117,NOSE,0.004564538598060608,0.1165818125009537,-0.17526204511523247
3862,3.9,117,LEFT_EYE_INNER,0.00876624882221222,0.1336116343736649,-0.15443247184157377
3863,3.9,117,LEFT_EYE,0.012223318219184875,0.13335254788398743,-0.15449210628867155
3864,3.9,117,LEFT_EYE_OUTER,0.01510782539844513,0.13310152292251592,-0.15452977642416954
3865,3.9,117,RIGHT_EYE_INNER,-0.002861127257347107,0.13354517519474032,-0.15870108827948576
3866,3.9,117,RIGHT_EYE,-0.0072622150182724,0.13265757262706762,-0.15873364731669426
3867,3.9,117,RIGHT_EYE_OUTER,-0.01141320168972021,0.13125981390476232,-0.15879261121153837
3868,3.9,117,LEFT_EAR,0.01998831331729889,0.12184847891330722,-0.03927900269627575
3869,3.9,117,RIGHT_EAR,-0.018380448222160395,0.11607019603252411,-0.062225576490163845
3870,3.9,117,MOUTH_LEFT,0.01322735846042633,0.09536711871623993,-0.13202400133013725
3871,3.9,117,MOUTH_RIGHT,-0.0029260963201522827,0.09665839374065399,-0.13867184147238737
3872,3.9,117,LEFT_SHOULDER,0.053171589970588684,0.007599756121635437,0.009607650339603452
3873,3.9,117,RIGHT_SHOULDER,-0.053171589970588684,-0.0075997561216353815,-0.009607650339603445
3874,3.9,117,LEFT_ELBOW,0.1107649952173233,-0.07287068665027618,-0.09994512423872944
3875,3.9,117,RIGHT_ELBOW,-0.07798086106777191,-0.1386341005563736,-0.08143081143498425
3876,3.9,117,LEFT_WRIST,0.048381879925727844,0.06354068219661713,-0.24816599115729338
3877,3.9,117,RIGHT_WRIST,-0.0547000914812088,-0.19454433023929596,-0.23183089122176176
3878,3.9,117,LEFT_PINKY,0.03500272333621979,0.09813918173313141,-0.2875983081758023
3879,3.9,117,RIGHT_PINKY,-0.049474820494651794,-0.22092022001743317,-0.26276689395308495
3880,3.9,117,LEFT_INDEX,0.031188741326332092,0.10087783634662634,-0.26364072784781456
3881,3.9,117,RIGHT_INDEX,-0.04077710211277008,-0.20611883699893951,-0.26298987492918974
3882,3.9,117,LEFT_THUMB,0.03293903172016144,0.08802707493305212,-0.2421370409429074
3883,3.9,117,RIGHT_THUMB,-0.0406328290700913,-0.1972128301858902,-0.23400789126753807
3884,3.9,117,LEFT_HIP,0.03959144651889801,-0.26326884329319,0.04889866802841415
3885,3.9,117,RIGHT_HIP,-0.0283664613962174,-0.2748844772577286,0.03633964341133835
3886,3.9,117,LEFT_KNEE,0.05532218515872955,-0.47327758371829987,0.024933198466897052
3887,3.9,117,RIGHT_KNEE,-0.041732266545295715,-0.46913208067417145,0.03998318547382955
3888,3.9,117,LEFT_ANKLE,0.06009729206562042,-0.5993358641862869,0.22207707539200777
3889,3.9,117,RIGHT_ANKLE,-0.044395819306373596,-0.5971595197916031,0.20084441080689425
3890,3.9,117,LEFT_HEEL,0.05177481472492218,-0.6015392094850539,0.23891990259289736
3891,3.9,117,RIGHT_HEEL,-0.043693110346794184,-0.6026415377855301,0.21474479511380185
3892,3.9,117,LEFT_FOOT_INDEX,0.07727070152759552,-0.6945362240076065,0.15194726362824434
3893,3.9,117,RIGHT_FOOT_INDEX,-0.04269509017467499,-0.7005255371332169,0.11218612268567076
3894,3.933333333333333,118,NOSE,0.004283100366592407,0.11662618815898901,-0.172358114272356
3895,3.933333333333333,118,LEFT_EYE_INNER,0.008438140153884888,0.13340252637863162,-0.152864221483469
3896,3.933333333333333,118,LEFT_EYE,0.011944323778152466,0.133095845580101,-0.1529193110764027
3897,3.933333333333333,118,LEFT_EYE_OUTER,0.014939159154891968,0.1328077763319016,-0.1529511101543903
3898,3.933333333333333,118,RIGHT_EYE_INNER,-0.0031700432300567627,0.1332526355981827,-0.1560542471706867
3899,3.933333333333333,118,RIGHT_EYE,-0.007416516542434692,0.13231788575649261,-0.1560788489878178
3900,3.933333333333333,118,RIGHT_EYE_OUTER,-0.011468201875686646,0.13088698685169223,-0.1561446972191334
3901,3.933333333333333,118,LEFT_EAR,0.019901126623153687,0.12145869433879852,-0.04109962657094
3902,3.933333333333333,118,RIGHT_EAR,-0.018233478069305475,0.11584250628948212,-0.059773895889520694
3903,3.933333333333333,118,MOUTH_LEFT,0.01311078667640686,0.09551537036895752,-0.1308406628668308
3904,3.933333333333333,118,MOUTH_RIGHT,-0.0031039416790008545,0.0966909527778626,-0.136092621833086
3905,3.933333333333333,118,LEFT_SHOULDER,0.052917271852493286,0.007718324661254938,0.0085279829800129
3906,3.933333333333333,118,RIGHT_SHOULDER,-0.052917271852493286,-0.007718324661254883,-0.0085279829800129
3907,3.933333333333333,118,LEFT_ELBOW,0.11110106110572815,-0.07119730114936829,-0.09794216230511671
3908,3.933333333333333,118,RIGHT_ELBOW,-0.07755598425865179,-0.1388217806816101,-0.07928558811545369
3909,3.933333333333333,118,LEFT_WRIST,0.048709362745285034,0.0645495057106018,-0.2387476153671742
3910,3.933333333333333,118,RIGHT_WRIST,-0.054305016994476374,-0.195089191198349,-0.2232444472610951
3911,3.933333333333333,118,LEFT_PINKY,0.03533145785331726,0.09858179092407232,-0.2773050256073475
3912,3.933333333333333,118,RIGHT_PINKY,-0.04902192950248718,-0.2209847867488861,-0.2530565150082112
3913,3.933333333333333,118,LEFT_INDEX,0.03157958388328552,0.10163500905036932,-0.2533566243946553
3914,3.933333333333333,118,RIGHT_INDEX,-0.040385037660598755,-0.20661941170692444,-0.253126759082079
3915,3.933333333333333,118,LEFT_THUMB,0.03333202004432678,0.08839666843414312,-0.2324693687260151
3916,3.933333333333333,118,RIGHT_THUMB,-0.04028871655464178,-0.19758883118629456,-0.22518735006451612
3917,3.933333333333333,118,LEFT_HIP,0.04011639952659607,-0.26304736733436584,0.050408686045557205
3918,3.933333333333333,118,RIGHT_HIP,-0.02756151556968689,-0.2754218280315399,0.0380205335095525
3919,3.933333333333333,118,LEFT_KNEE,0.05572429299354553,-0.47170111536979675,0.0329302828758955
3920,3.933333333333333,118,RIGHT_KNEE,-0.04028123617172247,-0.46828749775886536,0.0430999029194936
3921,3.933333333333333,118,LEFT_ANKLE,0.05984249711036682,-0.597354918718338,0.2249967120587825
3922,3.933333333333333,118,RIGHT_ANKLE,-0.04307916760444647,-0.5953476130962372,0.2046673409640788
3923,3.933333333333333,118,LEFT_HEEL,0.051553696393966675,-0.6005266606807708,0.2413121722638606
3924,3.933333333333333,118,RIGHT_HEEL,-0.04259279370307928,-0.6011156737804412,0.2185846380889415
3925,3.933333333333333,118,LEFT_FOOT_INDEX,0.07794812321662903,-0.6914306581020355,0.1580363027751445
3926,3.933333333333333,118,RIGHT_FOOT_INDEX,-0.040082901716232355,-0.6988840997219086,0.1186998523771762
3927,3.966666666666667,119,NOSE,0.004660800099372864,0.1166025847196579,-0.17377959191799164
3928,3.966666666666667,119,LEFT_EYE_INNER,0.008708372712135315,0.132489413022995,-0.15418770909309396
3929,3.966666666666667,119,LEFT_EYE,0.012196257710456848,0.1319927275180817,-0.15424121916294106
3930,3.966666666666667,119,LEFT_EYE_OUTER,0.015217259526252747,0.131618544459343,-0.15427455306053164
3931,3.966666666666667,119,RIGHT_EYE_INNER,-0.002898380160331726,0.1326887160539627,-0.15715119242668155
3932,3.966666666666667,119,RIGHT_EYE,-0.007104620337486267,0.1318154633045197,-0.15716852247715005
3933,3.966666666666667,119,RIGHT_EYE_OUTER,-0.011062785983085632,0.1304313838481903,-0.15723523497581485
3934,3.966666666666667,119,LEFT_EAR,0.020142927765846252,0.1202723979949952,-0.042510263621807154
3935,3.966666666666667,119,RIGHT_EAR,-0.01770360767841339,0.1154179722070694,-0.05995534360408784
3936,3.966666666666667,119,MOUTH_LEFT,0.013472333550453186,0.0956304669380188,-0.13237856328487405
3937,3.966666666666667,119,MOUTH_RIGHT,-0.00267009437084198,0.09681126475334167,-0.13735048472881325
3938,3.966666666666667,119,LEFT_SHOULDER,0.05251552164554596,0.007833749055862427,0.0069922879338264535
3939,3.966666666666667,119,RIGHT_SHOULDER,-0.052515521645546015,-0.007833749055862427,-0.0069922879338264465
3940,3.966666666666667,119,LEFT_ELBOW,0.11173321306705475,-0.06865367293357849,-0.09772676229476934
3941,3.966666666666667,119,RIGHT_ELBOW,-0.07692287862300873,-0.1389103233814239,-0.07433117926120765
3942,3.966666666666667,119,LEFT_WRIST,0.04921843111515045,0.06719565391540527,-0.23470580577850345
3943,3.966666666666667,119,RIGHT_WRIST,-0.05366121232509613,-0.1957469880580902,-0.21588769555091866
3944,3.966666666666667,119,LEFT_PINKY,0.03574343025684357,0.10043424367904669,-0.2729579210281372
3945,3.966666666666667,119,RIGHT_PINKY,-0.048373803496360834,-0.22121140360832214,-0.24408417940139773
3946,3.966666666666667,119,LEFT_INDEX,0.03204698860645294,0.10327830910682678,-0.24837848544120797
3947,3.966666666666667,119,RIGHT_INDEX,-0.039741918444633484,-0.20725217461585999,-0.24547454714775094
3948,3.966666666666667,119,LEFT_THUMB,0.03383769094944,0.09002196788787842,-0.22806686162948617
3949,3.966666666666667,119,RIGHT_THUMB,-0.039646789431572016,-0.19811400771141052,-0.21810913085937503
3950,3.966666666666667,119,LEFT_HIP,0.04076714813709259,-0.262328177690506,0.04954033112153395
3951,3.966666666666667,119,RIGHT_HIP,-0.026824966073036194,-0.2749033272266388,0.03874295996502035
3952,3.966666666666667,119,LEFT_KNEE,0.05542196333408356,-0.4707188308238983,0.03033284377306695
3953,3.966666666666667,119,RIGHT_KNEE,-0.038879975676536616,-0.4673175513744354,0.04399469610507359
3954,3.966666666666667,119,LEFT_ANKLE,0.0598265677690506,-0.5960133969783782,0.21156728267669664
3955,3.966666666666667,119,RIGHT_ANKLE,-0.041866883635520935,-0.5938899219036102,0.19906160235404954
3956,3.966666666666667,119,LEFT_HEEL,0.05155189335346222,-0.5997885167598724,0.22669753432273856
3957,3.966666666666667,119,RIGHT_HEEL,-0.041502222418785095,-0.5997790992259978,0.21208657324314106
3958,3.966666666666667,119,LEFT_FOOT_INDEX,0.07782889902591705,-0.6892719566822052,0.14361467212438575
3959,3.966666666666667,119,RIGHT_FOOT_INDEX,-0.03913028538227081,-0.6961932480335236,0.11479194462299334
3960,4.0,120,NOSE,0.0040708184242248535,0.11678640544414526,-0.17424565367400646
3961,4.0,120,LEFT_EYE_INNER,0.008494198322296143,0.13154883682727816,-0.15479126386344433
3962,4.0,120,LEFT_EYE,0.012102246284484863,0.13081908226013186,-0.15484535507857805
3963,4.0,120,LEFT_EYE_OUTER,0.015313267707824707,0.13028144836425787,-0.15487694554030895
3964,4.0,120,RIGHT_EYE_INNER,-0.003182053565979004,0.13217726349830627,-0.15748555772006517
3965,4.0,120,RIGHT_EYE,-0.007247567176818848,0.13139602541923526,-0.15750439278781414
3966,4.0,120,RIGHT_EYE_OUTER,-0.011069685220718384,0.13015834987163546,-0.15757570974528795
3967,4.0,120,LEFT_EAR,0.0202939510345459,0.11908273398876196,-0.043000413104891846
3968,4.0,120,RIGHT_EAR,-0.017285525798797607,0.11516200006008157,-0.05804294161498545
3969,4.0,120,MOUTH_LEFT,0.01314699649810791,0.09592793881893158,-0.13279820792376995
3970,4.0,120,MOUTH_RIGHT,-0.003025650978088379,0.09720583260059357,-0.13762928359210497
3971,4.0,120,LEFT_SHOULDER,0.05226665735244751,0.00805704295635229,0.00450815819203855
3972,4.0,120,RIGHT_SHOULDER,-0.05226665735244751,-0.008057042956352234,-0.00450815819203855
3973,4.0,120,LEFT_ELBOW,0.11216968297958374,-0.06645245850086212,-0.10874168388545515
3974,4.0,120,RIGHT_ELBOW,-0.07657608389854437,-0.13950531184673304,-0.06333447061479096
3975,4.0,120,LEFT_WRIST,0.04959779977798462,0.0695134848356247,-0.25350482575595384
3976,4.0,120,RIGHT_WRIST,-0.05317729711532598,-0.19662459194660187,-0.19749937765300274
3977,4.0,120,LEFT_PINKY,0.03569948673248291,0.10464929044246679,-0.2922809552401304
3978,4.0,120,RIGHT_PINKY,-0.047882974147796686,-0.22235848009586334,-0.22319833748042583
3979,4.0,120,LEFT_INDEX,0.03219437599182129,0.10771389305591589,-0.2667715381830931
3980,4.0,120,RIGHT_INDEX,-0.03926920890808111,-0.2081151157617569,-0.22600914351642132
3981,4.0,120,LEFT_THUMB,0.03403407335281372,0.09360225498676306,-0.24672262184321886
3982,4.0,120,RIGHT_THUMB,-0.03918060660362249,-0.19889433681964874,-0.19982434622943407
3983,4.0,120,LEFT_HIP,0.04129260778427124,-0.2619263082742691,0.04894996620714655
3984,4.0,120,RIGHT_HIP,-0.026207983493804987,-0.2743119150400162,0.04099094541743395
3985,4.0,120,LEFT_KNEE,0.0549999475479126,-0.46977896988391876,0.030909154564142248
3986,4.0,120,RIGHT_KNEE,-0.037235110998153687,-0.46653492748737335,0.04561020235996685
3987,4.0,120,LEFT_ANKLE,0.05919390916824341,-0.5966253429651259,0.21126423962414254
3988,4.0,120,RIGHT_ANKLE,-0.04138129949569708,-0.5928512364625931,0.19420644827187056
3989,4.0,120,LEFT_HEEL,0.050585389137268066,-0.6007183343172073,0.22646288760006417
3990,4.0,120,RIGHT_HEEL,-0.040932655334472656,-0.6034305244684219,0.20701040513813485
3991,4.0,120,LEFT_FOOT_INDEX,0.07662230730056763,-0.688135638833046,0.14332134462892995
3992,4.0,120,RIGHT_FOOT_INDEX,-0.037254005670547485,-0.6950835138559341,0.10936258919537055
3993,4.033333333333333,121,NOSE,0.0034442245960235596,0.11742283403873444,-0.16079811193048954
3994,4.033333333333333,121,LEFT_EYE_INNER,0.008107811212539673,0.13148546218872065,-0.14225498773157594
3995,4.033333333333333,121,LEFT_EYE,0.011834412813186646,0.13054233789443964,-0.14228756166994563
3996,4.033333333333333,121,LEFT_EYE_OUTER,0.015241831541061401,0.12980075180530545,-0.14230194129049775
3997,4.033333333333333,121,RIGHT_EYE_INNER,-0.003525346517562866,0.13229125738143915,-0.14317845739424223
3998,4.033333333333333,121,RIGHT_EYE,-0.007452160120010376,0.13146562874317164,-0.14318689145147795
3999,4.033333333333333,121,RIGHT_EYE_OUTER,-0.01115003228187561,0.13026200234889984,-0.14327856339514253
4000,4.033333333333333,121,LEFT_EAR,0.02035120129585266,0.11848482489585874,-0.03971739299595355
4001,4.033333333333333,121,RIGHT_EAR,-0.017054796218872126,0.11510138213634485,-0.04767673648893824
4002,4.033333333333333,121,MOUTH_LEFT,0.012859612703323364,0.09681841731071467,-0.12308640219271183
4003,4.033333333333333,121,MOUTH_RIGHT,-0.00319477915763855,0.09815087914466852,-0.12533236481249324
4004,4.033333333333333,121,LEFT_SHOULDER,0.052097707986831665,0.008248358964920044,0.0031619425863027503
4005,4.033333333333333,121,RIGHT_SHOULDER,-0.052097707986831665,-0.008248358964920044,-0.0031619425863027503
4006,4.033333333333333,121,LEFT_ELBOW,0.11237671971321106,-0.06424352526664734,-0.10284630395472044
4007,4.033333333333333,121,RIGHT_ELBOW,-0.07642263174057012,-0.13931652903556824,-0.05851375497877594
4008,4.033333333333333,121,LEFT_WRIST,0.049537867307662964,0.07205566763877863,-0.21934787370264525
4009,4.033333333333333,121,RIGHT_WRIST,-0.05294147133827215,-0.19774639606475836,-0.17289901711046693
4010,4.033333333333333,121,LEFT_PINKY,0.03470155596733093,0.10906946659088135,-0.2525478992611169
4011,4.033333333333333,121,RIGHT_PINKY,-0.04766401648521423,-0.2235670685768128,-0.19478296674787993
4012,4.033333333333333,121,LEFT_INDEX,0.03126165270805359,0.11227995157241824,-0.22503594495356083
4013,4.033333333333333,121,RIGHT_INDEX,-0.039030551910400446,-0.2092526555061341,-0.19649792648851863
4014,4.033333333333333,121,LEFT_THUMB,0.033482879400253296,0.09721663594245905,-0.21107012964785093
4015,4.033333333333333,121,RIGHT_THUMB,-0.038918435573577936,-0.200043797492981,-0.17459763027727604
4016,4.033333333333333,121,LEFT_HIP,0.041626185178756714,-0.26132005453109747,0.047041793819516856
4017,4.033333333333333,121,RIGHT_HIP,-0.02596300840377813,-0.2735872864723206,0.04072010796517135
4018,4.033333333333333,121,LEFT_KNEE,0.05469420552253723,-0.4687576293945313,0.032030598260462353
4019,4.033333333333333,121,RIGHT_KNEE,-0.03577139973640442,-0.4658061861991883,0.054248236119747155
4020,4.033333333333333,121,LEFT_ANKLE,0.05838736891746521,-0.5954159498214722,0.21066383086144916
4021,4.033333333333333,121,RIGHT_ANKLE,-0.04084089398384094,-0.5916783809661865,0.19650203548371786
4022,4.033333333333333,121,LEFT_HEEL,0.05067935585975647,-0.5995944738388062,0.22586934827268115
4023,4.033333333333333,121,RIGHT_HEEL,-0.040216356515884455,-0.6021031141281128,0.21000712178647515
4024,4.033333333333333,121,LEFT_FOOT_INDEX,0.07407429814338684,-0.6871665120124817,0.14845792762935156
4025,4.033333333333333,121,RIGHT_FOOT_INDEX,-0.03676462173461914,-0.6939119696617126,0.11912212334573266
4026,4.066666666666666,122,NOSE,0.0035762786865234375,0.11779578030109403,-0.15962569229304796
4027,4.066666666666666,122,LEFT_EYE_INNER,0.008220672607421875,0.13098764419555664,-0.14104166440665727
4028,4.066666666666666,122,LEFT_EYE,0.011959075927734375,0.13000223040580744,-0.14107833616435528
4029,4.066666666666666,122,LEFT_EYE_OUTER,0.015380680561065674,0.12922750413417813,-0.14109289459884167
4030,4.066666666666666,122,RIGHT_EYE_INNER,-0.0034613609313964844,0.13173505663871765,-0.14255237393081183
4031,4.066666666666666,122,RIGHT_EYE,-0.0073989033699035645,0.13084580004215235,-0.14256043545901775
4032,4.066666666666666,122,RIGHT_EYE_OUTER,-0.011082828044891357,0.12963764369487765,-0.14264257065951824
4033,4.066666666666666,122,LEFT_EAR,0.02048957347869873,0.11789438128471375,-0.03859435580670835
4034,4.066666666666666,122,RIGHT_EAR,-0.016923427581787165,0.11441537737846375,-0.04870440624654296
4035,4.066666666666666,122,MOUTH_LEFT,0.013002932071685791,0.09730498492717743,-0.12174978666007515
4036,4.066666666666666,122,MOUTH_RIGHT,-0.0030777454376220703,0.09874348342418665,-0.12464764527976514
4037,4.066666666666666,122,LEFT_SHOULDER,0.05202978849411011,0.008709028363227844,0.0032535735517740458
4038,4.066666666666666,122,RIGHT_SHOULDER,-0.05202978849411016,-0.008709028363227844,-0.0032535735517740527
4039,4.066666666666666,122,LEFT_ELBOW,0.11247271299362183,-0.06267337501049047,-0.10405109636485575
4040,4.066666666666666,122,RIGHT_ELBOW,-0.07639634609222418,-0.13974298536777502,-0.05791315995156765
4041,4.066666666666666,122,LEFT_WRIST,0.04957687854766846,0.07373614609241486,-0.2264576684683562
4042,4.066666666666666,122,RIGHT_WRIST,-0.05274099111557007,-0.19839961826801306,-0.17489331774413586
4043,4.066666666666666,122,LEFT_PINKY,0.0346142053604126,0.11112068593502045,-0.26236165873706346
4044,4.066666666666666,122,RIGHT_PINKY,-0.04747018218040466,-0.22437585890293127,-0.19747823290526867
4045,4.066666666666666,122,LEFT_INDEX,0.031069457530975342,0.11404867470264435,-0.23644615523517137
4046,4.066666666666666,122,RIGHT_INDEX,-0.03878831863403326,-0.20959939062595373,-0.19995777122676373
4047,4.066666666666666,122,LEFT_THUMB,0.03343147039413452,0.09846438467502594,-0.21903233043849468
4048,4.066666666666666,122,RIGHT_THUMB,-0.03864988684654236,-0.20063228905200964,-0.17683414928615093
4049,4.066666666666666,122,LEFT_HIP,0.041903555393218994,-0.2603673487901688,0.04673315957188595
4050,4.066666666666666,122,RIGHT_HIP,-0.025695890188217163,-0.2733061462640763,0.042108881752938046
4051,4.066666666666666,122,LEFT_KNEE,0.054686546325683594,-0.46793110668659216,0.03391461633145815
4052,4.066666666666666,122,RIGHT_KNEE,-0.033847361803054865,-0.46607120335102087,0.058834375813603346
4053,4.066666666666666,122,LEFT_ANKLE,0.05796611309051514,-0.596732035279274,0.20768881030380715
4054,4.066666666666666,122,RIGHT_ANKLE,-0.04069402813911438,-0.5947117954492569,0.19888602383434767
4055,4.066666666666666,122,LEFT_HEEL,0.05071312189102173,-0.6008899360895157,0.22231652028858656
4056,4.066666666666666,122,RIGHT_HEEL,-0.03597080707550049,-0.6417933851480484,0.21214242465794075
4057,4.066666666666666,122,LEFT_FOOT_INDEX,0.07258981466293335,-0.6886726766824722,0.14717886038124556
4058,4.066666666666666,122,RIGHT_FOOT_INDEX,-0.03602159023284918,-0.6939333826303482,0.12139120139181604
4059,4.1,123,NOSE,0.003666102886199951,0.11735333502292633,-0.1648454368114472
4060,4.1,123,LEFT_EYE_INNER,0.008280932903289795,0.13065056502819064,-0.1444130092859268
4061,4.1,123,LEFT_EYE,0.011996984481811523,0.12982213497161874,-0.14444755017757419
4062,4.1,123,LEFT_EYE_OUTER,0.015415847301483154,0.12917636334896093,-0.14446879923343658
4063,4.1,123,RIGHT_EYE_INNER,-0.0034412741661071777,0.13104985654354104,-0.1464407444000244
4064,4.1,123,RIGHT_EYE,-0.007433414459228516,0.13005951046943673,-0.1464345008134842
4065,4.1,123,RIGHT_EYE_OUTER,-0.011121600866317749,0.12872421741485604,-0.1465062201023102
4066,4.1,123,LEFT_EAR,0.020547568798065186,0.11789341270923623,-0.03819940984249119
4067,4.1,123,RIGHT_EAR,-0.016901493072509766,0.11358152329921722,-0.049693144857883495
4068,4.1,123,MOUTH_LEFT,0.013058900833129883,0.09716172516345983,-0.12516061961650848
4069,4.1,123,MOUTH_RIGHT,-0.003035902976989746,0.09839718043804174,-0.1286287009716034
4070,4.1,123,LEFT_SHOULDER,0.05201786756515503,0.009044572710990906,0.0033221319317818035
4071,4.1,123,RIGHT_SHOULDER,-0.05201786756515503,-0.00904457271099085,-0.0033221319317817966
4072,4.1,123,LEFT_ELBOW,0.11252844333648682,-0.061410173773765564,-0.10329185426235199
4073,4.1,123,RIGHT_ELBOW,-0.07645282149314886,-0.1403168886899948,-0.053523175418376895
4074,4.1,123,LEFT_WRIST,0.04962724447250366,0.07467754185199743,-0.22969593107700348
4075,4.1,123,RIGHT_WRIST,-0.05251944065093994,-0.19859759509563446,-0.1710847467184067
4076,4.1,123,LEFT_PINKY,0.03465849161148071,0.11135017871856692,-0.2662467211484909
4077,4.1,123,RIGHT_PINKY,-0.04731133580207825,-0.2247614711523056,-0.1935053765773773
4078,4.1,123,LEFT_INDEX,0.031072378158569336,0.11414426565170294,-0.2406476885080338
4079,4.1,123,RIGHT_INDEX,-0.038560897111892756,-0.2097524255514145,-0.1968558728694916
4080,4.1,123,LEFT_THUMB,0.03347295522689819,0.0989340990781784,-0.2224347442388535
4081,4.1,123,RIGHT_THUMB,-0.038434445858001764,-0.20067213475704193,-0.1731399744749069
4082,4.1,123,LEFT_HIP,0.04238706827163696,-0.2594019025564194,0.047508409246802205
4083,4.1,123,RIGHT_HIP,-0.02492025494575506,-0.27296142280101776,0.042792618041858105
4084,4.1,123,LEFT_KNEE,0.055101990699768066,-0.4672531932592392,0.034531131386756904
4085,4.1,123,RIGHT_KNEE,-0.029738515615463257,-0.46577368676662445,0.0592404548078774
4086,4.1,123,LEFT_ANKLE,0.058091819286346436,-0.596762403845787,0.2094499319791793
4087,4.1,123,RIGHT_ANKLE,-0.04050835967063904,-0.5968071669340133,0.2001007944345473
4088,4.1,123,LEFT_HEEL,0.050653159618377686,-0.6012839525938033,0.22430662810802451
4089,4.1,123,RIGHT_HEEL,-0.03181776404380804,-0.6472323387861252,0.2133181542158126
4090,4.1,123,LEFT_FOOT_INDEX,0.07283776998519897,-0.689053937792778,0.1474315002560615
4091,4.1,123,RIGHT_FOOT_INDEX,-0.03234341740608215,-0.6938496083021164,0.12199642509222021
4092,4.133333333333334,124,NOSE,0.0037332773208618164,0.11766515672206879,-0.167291758581996
4093,4.133333333333334,124,LEFT_EYE_INNER,0.008282899856567383,0.13105718791484838,-0.1445834916085005
4094,4.133333333333334,124,LEFT_EYE,0.011972248554229736,0.130324274301529,-0.1446162145584822
4095,4.133333333333334,124,LEFT_EYE_OUTER,0.015392541885375977,0.12974269688129428,-0.1446429174393415
4096,4.133333333333334,124,RIGHT_EYE_INNER,-0.0034769773483276367,0.13121901452541357,-0.1471121292561293
4097,4.133333333333334,124,RIGHT_EYE,-0.00752568244934082,0.13015647232532507,-0.14709837548434732
4098,4.133333333333334,124,RIGHT_EYE_OUTER,-0.011231213808059748,0.12871296703815469,-0.1471655499190092
4099,4.133333333333334,124,LEFT_EAR,0.020530104637145996,0.11842800676822668,-0.0391578730195761
4100,4.133333333333334,124,RIGHT_EAR,-0.016962885856628418,0.11346317827701569,-0.050895718857646
4101,4.133333333333334,124,MOUTH_LEFT,0.013100624084472656,0.09760387241840368,-0.1264038663357496
4102,4.133333333333334,124,MOUTH_RIGHT,-0.0030114054679870605,0.09860031306743627,-0.1306219082325697
4103,4.133333333333334,124,LEFT_SHOULDER,0.05203038454055786,0.009492442011833191,0.0035932231694459985
4104,4.133333333333334,124,RIGHT_SHOULDER,-0.05203038454055792,-0.009492442011833135,-0.0035932231694460054
4105,4.133333333333334,124,LEFT_ELBOW,0.11275070905685425,-0.060265049338340704,-0.09532271139323711
4106,4.133333333333334,124,RIGHT_ELBOW,-0.07664573192596436,-0.14101384580135345,-0.055537914857268306
4107,4.133333333333334,124,LEFT_WRIST,0.049681901931762695,0.07619304955005646,-0.21379272453486922
4108,4.133333333333334,124,RIGHT_WRIST,-0.05245536565780645,-0.19846050441265106,-0.1789597254246473
4109,4.133333333333334,124,LEFT_PINKY,0.03472447395324707,0.11180169880390167,-0.249717129394412
4110,4.133333333333334,124,RIGHT_PINKY,-0.047215014696121216,-0.22461317479610443,-0.2022903244942427
4111,4.133333333333334,124,LEFT_INDEX,0.031126976013183594,0.11439882218837738,-0.22139040939509871
4112,4.133333333333334,124,RIGHT_INDEX,-0.038430243730545044,-0.20950715243816376,-0.2012008707970381
4113,4.133333333333334,124,LEFT_THUMB,0.033528149127960205,0.09965018928050995,-0.20529599301517013
4114,4.133333333333334,124,RIGHT_THUMB,-0.03831884264945984,-0.20036767423152924,-0.1798423063009977
4115,4.133333333333334,124,LEFT_HIP,0.042659103870391846,-0.2578325718641281,0.0477731567807495
4116,4.133333333333334,124,RIGHT_HIP,-0.02450931072235113,-0.2722345441579819,0.0429229123983532
4117,4.133333333333334,124,LEFT_KNEE,0.05524188280105591,-0.46467630565166473,0.0350425690412522
4118,4.133333333333334,124,RIGHT_KNEE,-0.028370410203933716,-0.46460746228694916,0.0588997695595025
4119,4.133333333333334,124,LEFT_ANKLE,0.05815929174423218,-0.5959147661924361,0.2116246987134218
4120,4.133333333333334,124,RIGHT_ANKLE,-0.04006826877593994,-0.5960205644369125,0.2008238900452852
4121,4.133333333333334,124,LEFT_HEEL,0.0507238507270813,-0.6002451032400131,0.2267028409987687
4122,4.133333333333334,124,RIGHT_HEEL,-0.03298151493072515,-0.6143723577260971,0.2141606677323579
4123,4.133333333333334,124,LEFT_FOOT_INDEX,0.07302266359329224,-0.6879671663045883,0.1494417507201433
4124,4.133333333333334,124,RIGHT_FOOT_INDEX,-0.03066027164459234,-0.692832812666893,0.12391656823456279
4125,4.166666666666667,125,NOSE,0.0037978291511535645,0.11682584881782526,-0.17455871962010866
4126,4.166666666666667,125,LEFT_EYE_INNER,0.008277833461761475,0.13032606244087216,-0.15191443823277956
4127,4.166666666666667,125,LEFT_EYE,0.011953532695770264,0.12967771291732785,-0.15195446275174615
4128,4.166666666666667,125,LEFT_EYE_OUTER,0.015398025512695312,0.12915989756584165,-0.15198506973683837
4129,4.166666666666667,125,RIGHT_EYE_INNER,-0.003518342971801758,0.13037616014480585,-0.15479311905801296
4130,4.166666666666667,125,RIGHT_EYE,-0.007613956928253174,0.12929633259773254,-0.15477373264729977
4131,4.166666666666667,125,RIGHT_EYE_OUTER,-0.011357545852661133,0.12783776223659515,-0.15484119020402434
4132,4.166666666666667,125,LEFT_EAR,0.020517706871032715,0.11804075539112086,-0.03974697552621366
4133,4.166666666666667,125,RIGHT_EAR,-0.017035156488418635,0.11277055740356445,-0.054738765582442256
4134,4.166666666666667,125,MOUTH_LEFT,0.01312410831451416,0.09679327905178065,-0.13213611207902434
4135,4.166666666666667,125,MOUTH_RIGHT,-0.0030399560928344727,0.09780432283878326,-0.13694640062749386
4136,4.166666666666667,125,LEFT_SHOULDER,0.05209612846374512,0.009764298796653748,0.004028411582112347
4137,4.166666666666667,125,RIGHT_SHOULDER,-0.05209612846374512,-0.009764298796653748,-0.004028411582112354
4138,4.166666666666667,125,LEFT_ELBOW,0.11298978328704834,-0.05928872525691986,-0.09513840638101106
4139,4.166666666666667,125,RIGHT_ELBOW,-0.07665246725082403,-0.14120684564113622,-0.06903961114585405
4140,4.166666666666667,125,LEFT_WRIST,0.0497627854347229,0.07745344936847687,-0.21962206624448305
4141,4.166666666666667,125,RIGHT_WRIST,-0.05234664678573614,-0.1981127113103867,-0.21264611743390566
4142,4.166666666666667,125,LEFT_PINKY,0.03477746248245239,0.11196584999561304,-0.25640403293073183
4143,4.166666666666667,125,RIGHT_PINKY,-0.047089666128158625,-0.2244065254926682,-0.23937662504613405
4144,4.166666666666667,125,LEFT_INDEX,0.031150221824645996,0.11460046470165255,-0.22845887206494814
4145,4.166666666666667,125,RIGHT_INDEX,-0.03831401467323303,-0.20905236899852758,-0.24141808412969118
4146,4.166666666666667,125,LEFT_THUMB,0.03360950946807861,0.10026745498180384,-0.21140806935727596
4147,4.166666666666667,125,RIGHT_THUMB,-0.03820618987083435,-0.1998454779386521,-0.21499519608914858
4148,4.166666666666667,125,LEFT_HIP,0.04279285669326782,-0.2568173855543137,0.04855909245088685
4149,4.166666666666667,125,RIGHT_HIP,-0.024393230676651056,-0.27161638438701635,0.043647282524034346
4150,4.166666666666667,125,LEFT_KNEE,0.05432707071304321,-0.4636939615011216,0.03607551939785485
4151,4.166666666666667,125,RIGHT_KNEE,-0.02818498015403753,-0.46361283957958227,0.056183608248829744
4152,4.166666666666667,125,LEFT_ANKLE,0.05825227499008179,-0.5949941128492358,0.21297697164118284
4153,4.166666666666667,125,RIGHT_ANKLE,-0.03962272405624395,-0.5952755659818649,0.20172781683504573
4154,4.166666666666667,125,LEFT_HEEL,0.050965964794158936,-0.599286362528801,0.22781232930719844
4155,4.166666666666667,125,RIGHT_HEEL,-0.033456981182098444,-0.6022881716489792,0.21513835527002806
4156,4.166666666666667,125,LEFT_FOOT_INDEX,0.07182145118713379,-0.6871816366910937,0.14849756844341744
4157,4.166666666666667,125,RIGHT_FOOT_INDEX,-0.030875980854034424,-0.692030593752861,0.12204387970268714
4158,4.2,126,NOSE,0.00401267409324646,0.11547046899795532,-0.17509752884507182
4159,4.2,126,LEFT_EYE_INNER,0.008429139852523804,0.12916894257068634,-0.1525549329817295
4160,4.2,126,LEFT_EYE,0.012063533067703247,0.12865661084651953,-0.1525970287621021
4161,4.2,126,LEFT_EYE_OUTER,0.015496999025344849,0.12828198075294503,-0.1526310779154301
4162,4.2,126,RIGHT_EYE_INNER,-0.0033728182315826416,0.12919911742210394,-0.1555584259331226
4163,4.2,126,RIGHT_EYE,-0.007509380578994751,0.12823374569416052,-0.1555422581732273
4164,4.2,126,RIGHT_EYE_OUTER,-0.011293530464172419,0.12694823741912842,-0.1556116677820683
4165,4.2,126,LEFT_EAR,0.020425111055374146,0.11792206764221194,-0.03970250114798551
4166,4.2,126,RIGHT_EAR,-0.01708325743675232,0.11247655749320984,-0.0543428026139736
4167,4.2,126,MOUTH_LEFT,0.013265043497085571,0.09569400548934942,-0.1323314942419529
4168,4.2,126,MOUTH_RIGHT,-0.0029232800006866455,0.09682589769363403,-0.1372910179197788
4169,4.2,126,LEFT_SHOULDER,0.05218157172203064,0.010136932134628351,0.0046402662992477
4170,4.2,126,RIGHT_SHOULDER,-0.052181571722030695,-0.010136932134628296,-0.0046402662992477
4171,4.2,126,LEFT_ELBOW,0.11320444941520691,-0.058258652687072754,-0.0951843298971653
4172,4.2,126,RIGHT_ELBOW,-0.07652705907821661,-0.14122894406318665,-0.08316050842404371
4173,4.2,126,LEFT_WRIST,0.049900442361831665,0.07802486419677734,-0.221682820469141
4174,4.2,126,RIGHT_WRIST,-0.05211982131004339,-0.1977539360523224,-0.23706302419304853
4175,4.2,126,LEFT_PINKY,0.03498712182044983,0.11225450038909912,-0.258855227380991
4176,4.2,126,RIGHT_PINKY,-0.046823531389236506,-0.22410336136817932,-0.2659522332251072
4177,4.2,126,LEFT_INDEX,0.03134146332740784,0.11488960683345803,-0.2304442562162876
4178,4.2,126,RIGHT_INDEX,-0.03806182742118841,-0.20848235487937927,-0.2675623036921025
4179,4.2,126,LEFT_THUMB,0.03378346562385559,0.10085773468017584,-0.2133632935583592
4180,4.2,126,RIGHT_THUMB,-0.03797945380210882,-0.19923058152198792,-0.23951933160424232
4181,4.2,126,LEFT_HIP,0.04315122961997986,-0.2562013566493988,0.0492456869687884
4182,4.2,126,RIGHT_HIP,-0.02418610453605652,-0.271113783121109,0.0439120540395379
4183,4.2,126,LEFT_KNEE,0.05447539687156677,-0.4631199538707733,0.0326216537505388
4184,4.2,126,RIGHT_KNEE,-0.028175443410873413,-0.46280238032341003,0.0458292694529519
4185,4.2,126,LEFT_ANKLE,0.058386653661727905,-0.5963058769702911,0.2101263366639613
4186,4.2,126,RIGHT_ANKLE,-0.039717078208923395,-0.5943764746189117,0.1964683942496776
4187,4.2,126,LEFT_HEEL,0.05119392275810242,-0.6025020182132722,0.2249293290078639
4188,4.2,126,RIGHT_HEEL,-0.03486761450767517,-0.5974670350551605,0.2100615911185741
4189,4.2,126,LEFT_FOOT_INDEX,0.07217833399772644,-0.6862190663814545,0.143655877560377
4190,4.2,126,RIGHT_FOOT_INDEX,-0.031112045049667414,-0.691176027059555,0.1137730814516543
4191,4.233333333333333,127,NOSE,0.0041360557079315186,0.11520233750343328,-0.17558750696480274
4192,4.233333333333333,127,LEFT_EYE_INNER,0.008498281240463257,0.1290709972381592,-0.15312604792416096
4193,4.233333333333333,127,LEFT_EYE,0.012082189321517944,0.1286382228136063,-0.15317300148308277
4194,4.233333333333333,127,LEFT_EYE_OUTER,0.015496522188186646,0.1283438205718995,-0.15320241637527943
4195,4.233333333333333,127,RIGHT_EYE_INNER,-0.003305584192276001,0.1289511471986771,-0.15612819977104664
4196,4.233333333333333,127,RIGHT_EYE,-0.007487088441848755,0.1279715597629548,-0.15611644275486464
4197,4.233333333333333,127,RIGHT_EYE_OUTER,-0.011322259902954157,0.1266881823539734,-0.15618714876472944
4198,4.233333333333333,127,LEFT_EAR,0.02030465006828308,0.11827090382575989,-0.039975034072995144
4199,4.233333333333333,127,RIGHT_EAR,-0.017251223325729426,0.112574651837349,-0.054636100307106944
4200,4.233333333333333,127,MOUTH_LEFT,0.013333767652511597,0.0955191999673844,-0.13279715366661543
4201,4.233333333333333,127,MOUTH_RIGHT,-0.0029318630695343018,0.0965438038110733,-0.13774688728153706
4202,4.233333333333333,127,LEFT_SHOULDER,0.05227765440940857,0.010353699326515198,0.004724124446511255
4203,4.233333333333333,127,RIGHT_SHOULDER,-0.052277654409408625,-0.010353699326515198,-0.004724124446511248
4204,4.233333333333333,127,LEFT_ELBOW,0.11338803172111511,-0.05747775733470911,-0.09561346657574175
4205,4.233333333333333,127,RIGHT_ELBOW,-0.07660993933677673,-0.1414804607629776,-0.08221781440079214
4206,4.233333333333333,127,LEFT_WRIST,0.0500732958316803,0.0786826759576798,-0.22297087498009205
4207,4.233333333333333,127,RIGHT_WRIST,-0.051932245492935236,-0.1976403146982193,-0.23765883035957813
4208,4.233333333333333,127,LEFT_PINKY,0.03517833352088928,0.11263440549373632,-0.2594770211726427
4209,4.233333333333333,127,RIGHT_PINKY,-0.04658970236778265,-0.22409649193286896,-0.26686498709022993
4210,4.233333333333333,127,LEFT_INDEX,0.03151533007621765,0.1152827739715577,-0.23212734051048756
4211,4.233333333333333,127,RIGHT_INDEX,-0.037844508886337336,-0.20809175074100494,-0.26893955655395985
4212,4.233333333333333,127,LEFT_THUMB,0.03394779562950134,0.101514533162117,-0.21493905968964094
4213,4.233333333333333,127,RIGHT_THUMB,-0.03777989745140076,-0.19882763922214508,-0.24011546559631824
4214,4.233333333333333,127,LEFT_HIP,0.043351560831069946,-0.25585927069187164,0.04906761879101385
4215,4.233333333333333,127,RIGHT_HIP,-0.024086564779281616,-0.27100808918476105,0.044112011324614356
4216,4.233333333333333,127,LEFT_KNEE,0.05329671502113342,-0.46449775993824005,0.03296075575053695
4217,4.233333333333333,127,RIGHT_KNEE,-0.028263717889785822,-0.4643620401620865,0.04702403437113385
4218,4.233333333333333,127,LEFT_ANKLE,0.058108001947402954,-0.5981024056673049,0.20787851326167578
4219,4.233333333333333,127,RIGHT_ANKLE,-0.039537906646728516,-0.5967713147401809,0.19463179819285864
4220,4.233333333333333,127,LEFT_HEEL,0.05138745903968811,-0.6062422543764113,0.22237971238791937
4221,4.233333333333333,127,RIGHT_HEEL,-0.035533577203750666,-0.5996828824281693,0.20765001885592937
4222,4.233333333333333,127,LEFT_FOOT_INDEX,0.06993159651756287,-0.6876672655344009,0.14184573851525775
4223,4.233333333333333,127,RIGHT_FOOT_INDEX,-0.030222266912460327,-0.6944699436426163,0.11225092969834795
4224,4.266666666666667,128,NOSE,0.0038597583770751953,0.11484099924564367,-0.17827983200550085
4225,4.266666666666667,128,LEFT_EYE_INNER,0.008223533630371094,0.12868091464042666,-0.15634761750698095
4226,4.266666666666667,128,LEFT_EYE,0.011799871921539307,0.12832622230052948,-0.15640445053577423
4227,4.266666666666667,128,LEFT_EYE_OUTER,0.015222430229187012,0.1281299144029618,-0.15642541646957397
4228,4.266666666666667,128,RIGHT_EYE_INNER,-0.003557145595550537,0.12841352820396426,-0.15885160863399506
4229,4.266666666666667,128,RIGHT_EYE,-0.0076985955238342285,0.12745237350463867,-0.15884707868099213
4230,4.266666666666667,128,RIGHT_EYE_OUTER,-0.01151895523071289,0.12623058259487158,-0.15891984105110163
4231,4.266666666666667,128,LEFT_EAR,0.019976377487182617,0.11834515631198889,-0.04135490208864215
4232,4.266666666666667,128,RIGHT_EAR,-0.01732480525970459,0.11242315173149109,-0.054983757436275454
4233,4.266666666666667,128,MOUTH_LEFT,0.013157844543457031,0.0953552126884461,-0.13532122969627386
4234,4.266666666666667,128,MOUTH_RIGHT,-0.0031346678733825684,0.09633171558380127,-0.13965952396392822
4235,4.266666666666667,128,LEFT_SHOULDER,0.05232924222946167,0.010605722665786799,0.004266496747732149
4236,4.266666666666667,128,RIGHT_SHOULDER,-0.05232924222946167,-0.010605722665786743,-0.004266496747732149
4237,4.266666666666667,128,LEFT_ELBOW,0.11343139410018921,-0.057180196046829224,-0.10219205915927886
4238,4.266666666666667,128,RIGHT_ELBOW,-0.07655835151672369,-0.14137691259384155,-0.07976700365543364
4239,4.266666666666667,128,LEFT_WRIST,0.050084471702575684,0.07884204387664795,-0.24166516959667206
4240,4.266666666666667,128,RIGHT_WRIST,-0.051846146583557184,-0.19790500402450562,-0.22924841940402985
4241,4.266666666666667,128,LEFT_PINKY,0.03507345914840698,0.1128146648406983,-0.28073747456073767
4242,4.266666666666667,128,RIGHT_PINKY,-0.046514153480529785,-0.22429335117340088,-0.2571230083703995
4243,4.266666666666667,128,LEFT_INDEX,0.031438350677490234,0.11556518077850347,-0.25348819792270666
4244,4.266666666666667,128,RIGHT_INDEX,-0.03776562213897705,-0.20814985036849976,-0.26020996272563934
4245,4.266666666666667,128,LEFT_THUMB,0.033902525901794434,0.10191971063613897,-0.23398314416408544
4246,4.266666666666667,128,RIGHT_THUMB,-0.03769707679748535,-0.1989176869392395,-0.23195140063762665
4247,4.266666666666667,128,LEFT_HIP,0.04353886842727661,-0.2559988498687744,0.04834881122224025
4248,4.266666666666667,128,RIGHT_HIP,-0.02405750751495367,-0.27092963457107544,0.04480496025644245
4249,4.266666666666667,128,LEFT_KNEE,0.05302846431732178,-0.4664522409439087,0.03163757920265195
4250,4.266666666666667,128,RIGHT_KNEE,-0.028357058763504084,-0.4660642743110657,0.04795181739609675
4251,4.266666666666667,128,LEFT_ANKLE,0.05809110403060913,-0.5989990234374999,0.20188623666763295
4252,4.266666666666667,128,RIGHT_ANKLE,-0.03947114944458008,-0.5973858833312987,0.19469517469406122
4253,4.266666666666667,128,LEFT_HEEL,0.051679015159606934,-0.6088616847991943,0.21574568748474116
4254,4.266666666666667,128,RIGHT_HEEL,-0.03600567579269409,-0.6009260416030884,0.20735970139503473
4255,4.266666666666667,128,LEFT_FOOT_INDEX,0.06892937421798706,-0.6931738257408144,0.13366653025150294
4256,4.266666666666667,128,RIGHT_FOOT_INDEX,-0.030407696962356567,-0.6981911063194275,0.11169371008872975
4257,4.3,129,NOSE,0.001936405897140503,0.11521640419960022,-0.1745369229465723
4258,4.3,129,LEFT_EYE_INNER,0.0067597925662994385,0.1288190931081772,-0.1538761947304011
4259,4.3,129,LEFT_EYE,0.010524183511734009,0.12837027013301852,-0.1539286468178034
4260,4.3,129,LEFT_EYE_OUTER,0.014190882444381714,0.12807838618755343,-0.1539322379976511
4261,4.3,129,RIGHT_EYE_INNER,-0.005057841539382935,0.12864626944065102,-0.1550311837345362
4262,4.3,129,RIGHT_EYE,-0.00898471474647522,0.1277027130126953,-0.155043849721551
4263,4.3,129,RIGHT_EYE_OUTER,-0.012641370296478327,0.12650774419307712,-0.1551379803568125
4264,4.3,129,LEFT_EAR,0.01941242814064026,0.11796778440475472,-0.0409923512488604
4265,4.3,129,RIGHT_EAR,-0.01747408509254461,0.1124989241361618,-0.05163698829710481
4266,4.3,129,MOUTH_LEFT,0.012086600065231323,0.09572885930538183,-0.1333321426063776
4267,4.3,129,MOUTH_RIGHT,-0.00466802716255188,0.09671644866466522,-0.1358988825231791
4268,4.3,129,LEFT_SHOULDER,0.052444249391555786,0.010823443531990107,0.0038755405694245945
4269,4.3,129,RIGHT_SHOULDER,-0.05244424939155584,-0.010823443531990051,-0.0038755405694246015
4270,4.3,129,LEFT_ELBOW,0.11351338028907776,-0.05699054896831507,-0.1062614861875773
4271,4.3,129,RIGHT_ELBOW,-0.0765246450901032,-0.14165909588336945,-0.0842672977596522
4272,4.3,129,LEFT_WRIST,0.04989698529243469,0.07918764650821691,-0.24123894609510899
4273,4.3,129,RIGHT_WRIST,-0.05173167586326605,-0.19836749136447906,-0.23303895629942423
4274,4.3,129,LEFT_PINKY,0.034228771924972534,0.11340619623661041,-0.2788225952535868
4275,4.3,129,RIGHT_PINKY,-0.046415746212005615,-0.2246422916650772,-0.2604206744581461
4276,4.3,129,LEFT_INDEX,0.030770212411880493,0.11656735837459573,-0.2510229293256998
4277,4.3,129,RIGHT_INDEX,-0.037683337926864624,-0.20851971209049225,-0.2616615239530802
4278,4.3,129,LEFT_THUMB,0.03344276547431946,0.10260041058063513,-0.23314999975264078
4279,4.3,129,RIGHT_THUMB,-0.037604272365570124,-0.19926650822162628,-0.2351063434034586
4280,4.3,129,LEFT_HIP,0.04374602437019348,-0.25673808157444,0.049052810878492795
4281,4.3,129,RIGHT_HIP,-0.02404347062110901,-0.2711995989084244,0.045436218148097396
4282,4.3,129,LEFT_KNEE,0.053267210721969604,-0.46716953814029694,0.035414124839007896
4283,4.3,129,RIGHT_KNEE,-0.028342992067337036,-0.4668402820825577,0.051042607054114196
4284,4.3,129,LEFT_ANKLE,0.058242589235305786,-0.5993479639291764,0.2046968396753072
4285,4.3,129,RIGHT_ANKLE,-0.040381938219070435,-0.5975164324045181,0.19609508477151388
4286,4.3,129,LEFT_HEEL,0.05185636878013611,-0.6079730540513992,0.2186913397163152
4287,4.3,129,RIGHT_HEEL,-0.03624489903450012,-0.6015625149011613,0.2088465597480535
4288,4.3,129,LEFT_FOOT_INDEX,0.06933805346488953,-0.6954422742128372,0.1383116897195577
4289,4.3,129,RIGHT_FOOT_INDEX,-0.030384689569473322,-0.6993956118822098,0.1136785876005887
4290,4.333333333333333,130,NOSE,0.0012592673301696777,0.11591553688049316,-0.175952622666955
4291,4.333333333333333,130,LEFT_EYE_INNER,0.006441354751586914,0.12932844460010537,-0.1552704814821482
4292,4.333333333333333,130,LEFT_EYE,0.010240912437438965,0.12879566848278046,-0.1553228292614222
4293,4.333333333333333,130,LEFT_EYE_OUTER,0.013962328433990479,0.12842094898223877,-0.15532583929598331
4294,4.333333333333333,130,RIGHT_EYE_INNER,-0.005656599998474121,0.12928491830825806,-0.1564586404711008
4295,4.333333333333333,130,RIGHT_EYE,-0.009630829095840454,0.12835207581520086,-0.1564710084348917
4296,4.333333333333333,130,RIGHT_EYE_OUTER,-0.013292491436004639,0.12714843451976776,-0.1565637830644846
4297,4.333333333333333,130,LEFT_EAR,0.01952117681503296,0.11803235113620758,-0.042327107861638104
4298,4.333333333333333,130,RIGHT_EAR,-0.01777377724647522,0.11296135187149048,-0.05315672792494299
4299,4.333333333333333,130,MOUTH_LEFT,0.01154029369354248,0.09643051028251648,-0.1347205583006144
4300,4.333333333333333,130,MOUTH_RIGHT,-0.00561755895614624,0.09742477536201477,-0.1373215559870005
4301,4.333333333333333,130,LEFT_SHOULDER,0.05261868238449097,0.011036157608032282,0.005379932001233101
4302,4.333333333333333,130,RIGHT_SHOULDER,-0.05261868238449102,-0.011036157608032227,-0.005379932001233101
4303,4.333333333333333,130,LEFT_ELBOW,0.11372911930084229,-0.056379795074462835,-0.1017165426164866
4304,4.333333333333333,130,RIGHT_ELBOW,-0.07635650038719183,-0.14149701595306396,-0.0870342496782541
4305,4.333333333333333,130,LEFT_WRIST,0.049846649169921875,0.07949477434158325,-0.2391627673059702
4306,4.333333333333333,130,RIGHT_WRIST,-0.05142587423324585,-0.1985209584236145,-0.24038037098944193
4307,4.333333333333333,130,LEFT_PINKY,0.03379261493682861,0.11342221498489385,-0.2758447173982859
4308,4.333333333333333,130,RIGHT_PINKY,-0.04611572623252874,-0.22471898794174194,-0.26824169792234903
4309,4.333333333333333,130,LEFT_INDEX,0.030348896980285645,0.11661435663700107,-0.24881070293486118
4310,4.333333333333333,130,RIGHT_INDEX,-0.03738173842430115,-0.20874857902526855,-0.2700188998132944
4311,4.333333333333333,130,LEFT_THUMB,0.033222079277038574,0.10253715515136719,-0.2313933614641428
4312,4.333333333333333,130,RIGHT_THUMB,-0.03728890419006353,-0.19957733154296875,-0.24259194172918802
4313,4.333333333333333,130,LEFT_HIP,0.04408836364746094,-0.25633496046066284,0.0482316496782004
4314,4.333333333333333,130,RIGHT_HIP,-0.02394229173660284,-0.27077698707580566,0.0434669617097825
4315,4.333333333333333,130,LEFT_KNEE,0.053382277488708496,-0.4675789475440979,0.0389911155216396
4316,4.333333333333333,130,RIGHT_KNEE,-0.02788645029067993,-0.4671785235404968,0.0489718285389244
4317,4.333333333333333,130,LEFT_ANKLE,0.05855274200439453,-0.5994896292686461,0.2041085269302129
4318,4.333333333333333,130,RIGHT_ANKLE,-0.040020138025283813,-0.5975552797317505,0.1876139249652623
4319,4.333333333333333,130,LEFT_HEEL,0.05221700668334961,-0.6075718402862549,0.21772623620927328
4320,4.333333333333333,130,RIGHT_HEEL,-0.036103665828704834,-0.6019261479377745,0.1996687557548284
4321,4.333333333333333,130,LEFT_FOOT_INDEX,0.06954318284988403,-0.6969180703163147,0.1365735735744237
4322,4.333333333333333,130,RIGHT_FOOT_INDEX,-0.02948164939880371,-0.7024200558662415,0.10244166664779181
4323,4.366666666666666,131,NOSE,0.0009681582450866699,0.11580274999141688,-0.16966766491532326
4324,4.366666666666666,131,LEFT_EYE_INNER,0.006452977657318115,0.1281179934740066,-0.15019438043236732
4325,4.366666666666666,131,LEFT_EYE,0.01031637191772461,0.12708808481693268,-0.15024742856621748
4326,4.366666666666666,131,LEFT_EYE_OUTER,0.0140647292137146,0.1261692047119141,-0.15023617818951612
4327,4.366666666666666,131,RIGHT_EYE_INNER,-0.005873441696166992,0.12878070771694178,-0.15121399238705635
4328,4.366666666666666,131,RIGHT_EYE,-0.009929686784744318,0.12786307930946347,-0.15123217180371284
4329,4.366666666666666,131,RIGHT_EYE_OUTER,-0.01361536979675293,0.12665331363677979,-0.15132904425263405
4330,4.366666666666666,131,LEFT_EAR,0.01968330144882202,0.11515539884567261,-0.04130430892109875
4331,4.366666666666666,131,RIGHT_EAR,-0.01784205436706543,0.1120783388614654,-0.05095883086323745
4332,4.366666666666666,131,MOUTH_LEFT,0.011431634426116943,0.0963556170463562,-0.12997493520379066
4333,4.366666666666666,131,MOUTH_RIGHT,-0.0061432719230651855,0.09739786386489868,-0.13233271613717085
4334,4.366666666666666,131,LEFT_SHOULDER,0.052715003490448,0.011138439178466797,0.0053133703768253465
4335,4.366666666666666,131,RIGHT_SHOULDER,-0.052715003490448054,-0.011138439178466797,-0.0053133703768253535
4336,4.366666666666666,131,LEFT_ELBOW,0.11380070447921753,-0.0565232932567597,-0.10763451829552655
4337,4.366666666666666,131,RIGHT_ELBOW,-0.07633483409881592,-0.14129042625427252,-0.08654407039284705
4338,4.366666666666666,131,LEFT_WRIST,0.04964691400527954,0.07985436916351318,-0.24790713563561445
4339,4.366666666666666,131,RIGHT_WRIST,-0.05137637257575994,-0.19938856363296514,-0.2356525994837284
4340,4.366666666666666,131,LEFT_PINKY,0.033001720905303955,0.11386662721633911,-0.28478873148560524
4341,4.366666666666666,131,RIGHT_PINKY,-0.04618176817893982,-0.2254310846328736,-0.26292127743363386
4342,4.366666666666666,131,LEFT_INDEX,0.0296705961227417,0.11705499887466428,-0.25755021348595625
4343,4.366666666666666,131,RIGHT_INDEX,-0.037459731101989746,-0.20906895399093633,-0.26477316394448286
4344,4.366666666666666,131,LEFT_THUMB,0.03278630971908569,0.1030036211013794,-0.24016806855797773
4345,4.366666666666666,131,RIGHT_THUMB,-0.03731998801231384,-0.19994109869003301,-0.23788530007004743
4346,4.366666666666666,131,LEFT_HIP,0.04422801733016968,-0.25739061832427984,0.04863364482298485
4347,4.366666666666666,131,RIGHT_HIP,-0.023885756731033325,-0.27130997180938726,0.04355960967950525
4348,4.366666666666666,131,LEFT_KNEE,0.05388849973678589,-0.4691499471664429,0.04280161974020305
4349,4.366666666666666,131,RIGHT_KNEE,-0.027014583349227905,-0.4694205522537232,0.050235325936227954
4350,4.366666666666666,131,LEFT_ANKLE,0.058722615242004395,-0.5992910861968996,0.20336739346384997
4351,4.366666666666666,131,RIGHT_ANKLE,-0.03994092345237732,-0.5972598791122437,0.18821301683783526
4352,4.366666666666666,131,LEFT_HEEL,0.05244612693786621,-0.6070395708084109,0.21653535589575756
4353,4.366666666666666,131,RIGHT_HEEL,-0.03639841079711914,-0.6018787026405337,0.20028531178832043
4354,4.366666666666666,131,LEFT_FOOT_INDEX,0.06975525617599487,-0.6992097496986389,0.13775369152426703
4355,4.366666666666666,131,RIGHT_FOOT_INDEX,-0.029530644416809138,-0.7044734358787537,0.10599337890744195
4356,4.4,132,NOSE,0.0008750259876251221,0.11510428786277777,-0.1644358467310667
4357,4.4,132,LEFT_EYE_INNER,0.0064459145069122314,0.12726745009422305,-0.1457660626620054
4358,4.4,132,LEFT_EYE,0.010326594114303589,0.12620882689952853,-0.14581580273807052
4359,4.4,132,LEFT_EYE_OUTER,0.014096945524215698,0.12525996565818795,-0.14579303376376632
4360,4.4,132,RIGHT_EYE_INNER,-0.005917280912399292,0.12817475199699405,-0.1468552332371473
4361,4.4,132,RIGHT_EYE,-0.010005474090576227,0.12739408016204834,-0.1468767952173948
4362,4.4,132,RIGHT_EYE_OUTER,-0.01372268795967102,0.12631678581237793,-0.14697837643325332
4363,4.4,132,LEFT_EAR,0.01978936791419983,0.11443322896957403,-0.040434380993247004
4364,4.4,132,RIGHT_EAR,-0.017966896295547485,0.11179000139236456,-0.0496268551796675
4365,4.4,132,MOUTH_LEFT,0.011215239763259888,0.09571331739425665,-0.12564797513186932
4366,4.4,132,MOUTH_RIGHT,-0.00631144642829895,0.09704172611236572,-0.1281627248972655
4367,4.4,132,LEFT_SHOULDER,0.05280998349189758,0.011148899793624933,0.008883735164999997
4368,4.4,132,RIGHT_SHOULDER,-0.05280998349189764,-0.011148899793624878,-0.008883735165000003
4369,4.4,132,LEFT_ELBOW,0.11365219950675964,-0.057288974523544256,-0.0891422014683485
4370,4.4,132,RIGHT_ELBOW,-0.07633870840072632,-0.14177319407463074,-0.0914290230721235
4371,4.4,132,LEFT_WRIST,0.04914101958274841,0.07939904928207403,-0.2102066706866026
4372,4.4,132,RIGHT_WRIST,-0.0513474047183991,-0.19960430264472961,-0.23909668438136578
4373,4.4,132,LEFT_PINKY,0.03263196349143982,0.11418578028678894,-0.24210654012858868
4374,4.4,132,RIGHT_PINKY,-0.046099126338958796,-0.22525915503501892,-0.266198618337512
4375,4.4,132,LEFT_INDEX,0.029458731412887573,0.11719700694084173,-0.2143202554434538
4376,4.4,132,RIGHT_INDEX,-0.03752923011779791,-0.20863458514213562,-0.2688679229468108
4377,4.4,132,LEFT_THUMB,0.03258112072944641,0.10327011346817017,-0.201624495908618
4378,4.4,132,RIGHT_THUMB,-0.0374600887298584,-0.19947871565818787,-0.2413798701018095
4379,4.4,132,LEFT_HIP,0.04431501030921936,-0.25831058621406555,0.0434881458058952
4380,4.4,132,RIGHT_HIP,-0.02418297529220581,-0.2718358337879181,0.0357261344324797
4381,4.4,132,LEFT_KNEE,0.053027838468551636,-0.47233960032463074,0.048091735690832
4382,4.4,132,RIGHT_KNEE,-0.02701586484909063,-0.4709859788417816,0.046438436023890896
4383,4.4,132,LEFT_ANKLE,0.058711618185043335,-0.6018629968166352,0.1976441908627748
4384,4.4,132,RIGHT_ANKLE,-0.04068067669868469,-0.5979292094707489,0.1774655301123857
4385,4.4,132,LEFT_HEEL,0.052196115255355835,-0.6103958189487456,0.211253361776471
4386,4.4,132,RIGHT_HEEL,-0.036100238561630305,-0.6573339402675629,0.1887634564191102
4387,4.4,132,LEFT_FOOT_INDEX,0.06775310635566711,-0.7033075988292692,0.13151006586849678
4388,4.4,132,RIGHT_FOOT_INDEX,-0.02949962019920349,-0.7088476121425629,0.0969692114740609
4389,4.433333333333334,133,NOSE,0.0003098398447036743,0.11530093848705292,-0.16458448581397533
4390,4.433333333333334,133,LEFT_EYE_INNER,0.00584043562412262,0.12768702208995825,-0.14656847529113295
4391,4.433333333333334,133,LEFT_EYE,0.009682074189186096,0.12666215002536774,-0.14662012271583075
4392,4.433333333333334,133,LEFT_EYE_OUTER,0.013366952538490295,0.12570250034332284,-0.14657312445342544
4393,4.433333333333334,133,RIGHT_EYE_INNER,-0.0063299983739852905,0.12846688926219943,-0.14762012474238875
4394,4.433333333333334,133,RIGHT_EYE,-0.010385856032371521,0.12768511474132543,-0.14763262681663034
4395,4.433333333333334,133,RIGHT_EYE_OUTER,-0.014110431075096186,0.12660603225231173,-0.14772468619048595
4396,4.433333333333334,133,LEFT_EAR,0.019417420029640198,0.11477632820606232,-0.04101148061454295
4397,4.433333333333334,133,RIGHT_EAR,-0.018433287739753723,0.11210100352764135,-0.05155287496745585
4398,4.433333333333334,133,MOUTH_LEFT,0.0105295330286026,0.09594903886318212,-0.12574365548789504
4399,4.433333333333334,133,MOUTH_RIGHT,-0.006771191954612732,0.09723015129566193,-0.12986981682479384
4400,4.433333333333334,133,LEFT_SHOULDER,0.05282880365848541,0.01118539273738861,0.007167493924498551
4401,4.433333333333334,133,RIGHT_SHOULDER,-0.05282880365848541,-0.011185392737388555,-0.007167493924498544
4402,4.433333333333334,133,LEFT_ELBOW,0.1136028915643692,-0.06012518703937525,-0.09346160106360915
4403,4.433333333333334,133,RIGHT_ELBOW,-0.07635299861431122,-0.1416039913892746,-0.06977779977023604
4404,4.433333333333334,133,LEFT_WRIST,0.04886515438556671,0.07510884106159216,-0.22943934611976144
4405,4.433333333333334,133,RIGHT_WRIST,-0.05140082538127899,-0.19986926019191742,-0.20018943957984445
4406,4.433333333333334,133,LEFT_PINKY,0.03249390423297882,0.11110918223857885,-0.2630890589207411
4407,4.433333333333334,133,RIGHT_PINKY,-0.04616470634937292,-0.22548119723796844,-0.22321161441504953
4408,4.433333333333334,133,LEFT_INDEX,0.029396846890449524,0.11375506222248083,-0.23730614595115182
4409,4.433333333333334,133,RIGHT_INDEX,-0.037711963057518005,-0.20889244973659515,-0.22599509172141555
4410,4.433333333333334,133,LEFT_THUMB,0.032309308648109436,0.10003979504108435,-0.22181466035544875
4411,4.433333333333334,133,RIGHT_THUMB,-0.03762750327587128,-0.19969289004802704,-0.20196842961013314
4412,4.433333333333334,133,LEFT_HIP,0.04440237581729889,-0.25872717797756195,0.04378470126539465
4413,4.433333333333334,133,RIGHT_HIP,-0.02419592440128332,-0.27198509871959686,0.03571977373212575
4414,4.433333333333334,133,LEFT_KNEE,0.05302150547504425,-0.4723905175924301,0.04656179808080185
4415,4.433333333333334,133,RIGHT_KNEE,-0.027105763554573115,-0.47081921994686127,0.046158764977008056
4416,4.433333333333334,133,LEFT_ANKLE,0.05865783989429474,-0.6012274473905563,0.20505765266716475
4417,4.433333333333334,133,RIGHT_ANKLE,-0.041086867451667786,-0.598205789923668,0.17891761846840376
4418,4.433333333333334,133,LEFT_HEEL,0.05157078802585602,-0.6100574582815171,0.21877280063927165
4419,4.433333333333334,133,RIGHT_HEEL,-0.03828360140323639,-0.6370128840208054,0.19042842276394364
4420,4.433333333333334,133,LEFT_FOOT_INDEX,0.06803227961063385,-0.7026104182004929,0.13716577924787995
4421,4.433333333333334,133,RIGHT_FOOT_INDEX,-0.029591336846351624,-0.709248349070549,0.09861230291426176
4422,4.466666666666667,134,NOSE,0.0003368258476257324,0.11311337351799017,-0.1814427031204105
4423,4.466666666666667,134,LEFT_EYE_INNER,0.005867183208465576,0.1268153339624405,-0.1622917307540775
4424,4.466666666666667,134,LEFT_EYE,0.00971895456314087,0.1261600106954575,-0.1623569233343005
4425,4.466666666666667,134,LEFT_EYE_OUTER,0.013340115547180176,0.12555000185966497,-0.1623531831428409
4426,4.466666666666667,134,RIGHT_EYE_INNER,-0.006306588649749756,0.12667745351791387,-0.1647593034431339
4427,4.466666666666667,134,RIGHT_EYE,-0.010343879461288452,0.1259145885705948,-0.1647630138322711
4428,4.466666666666667,134,RIGHT_EYE_OUTER,-0.014075845479965265,0.12499217689037329,-0.1648144377395511
4429,4.466666666666667,134,LEFT_EAR,0.01931864023208618,0.11513411998748779,-0.047002400271594504
4430,4.466666666666667,134,RIGHT_EAR,-0.018908321857452448,0.11179906129837036,-0.06318334024399519
4431,4.466666666666667,134,MOUTH_LEFT,0.010530352592468262,0.0940447449684143,-0.1383275790140033
4432,4.466666666666667,134,MOUTH_RIGHT,-0.006695389747619629,0.09516492486000067,-0.1434991164132953
4433,4.466666666666667,134,LEFT_SHOULDER,0.0528407096862793,0.010905742645263672,0.0094972653314471
4434,4.466666666666667,134,RIGHT_SHOULDER,-0.05284070968627935,-0.010905742645263616,-0.009497265331447097
4435,4.466666666666667,134,LEFT_ELBOW,0.11353045701980591,-0.0638411939144134,-0.08342854212969539
4436,4.466666666666667,134,RIGHT_ELBOW,-0.07636642456054693,-0.14115041494369507,-0.07223581802099949
4437,4.466666666666667,134,LEFT_WRIST,0.04894673824310303,0.06385558843612671,-0.22483768593519932
4438,4.466666666666667,134,RIGHT_WRIST,-0.05195879936218262,-0.1993039846420288,-0.2108884109184146
4439,4.466666666666667,134,LEFT_PINKY,0.03287231922149658,0.09407064318656927,-0.2617076588794589
4440,4.466666666666667,134,RIGHT_PINKY,-0.04657077789306646,-0.22493845224380493,-0.23551749717444187
4441,4.466666666666667,134,LEFT_INDEX,0.02974402904510498,0.09659138321876526,-0.23617782723158598
4442,4.466666666666667,134,RIGHT_INDEX,-0.03820672631263733,-0.20839077234268188,-0.2352476073428989
4443,4.466666666666667,134,LEFT_THUMB,0.032492101192474365,0.08548256754875189,-0.21762716304510837
4444,4.466666666666667,134,RIGHT_THUMB,-0.03817325830459595,-0.19914209842681885,-0.21269589196890598
4445,4.466666666666667,134,LEFT_HIP,0.044259727001190186,-0.2585098147392273,0.0439086775295435
4446,4.466666666666667,134,RIGHT_HIP,-0.024547964334487915,-0.2714763283729553,0.0320498822256923
4447,4.466666666666667,134,LEFT_KNEE,0.05217909812927246,-0.47166723012924194,0.051659476943314
4448,4.466666666666667,134,RIGHT_KNEE,-0.02716103196144104,-0.4703935980796814,0.0417710284236817
4449,4.466666666666667,134,LEFT_ANKLE,0.058530449867248535,-0.6004428863525391,0.2082311855629085
4450,4.466666666666667,134,RIGHT_ANKLE,-0.04149889945983887,-0.5984067916870118,0.17606983054429282
4451,4.466666666666667,134,LEFT_HEEL,0.05100405216217041,-0.609431266784668,0.2211636500433086
4452,4.466666666666667,134,RIGHT_HEEL,-0.03985676169395447,-0.6274150013923646,0.1877962546423077
4453,4.466666666666667,134,LEFT_FOOT_INDEX,0.06784117221832275,-0.7010689973831179,0.1379933031275867
4454,4.466666666666667,134,RIGHT_FOOT_INDEX,-0.029719352722168024,-0.7100104093551636,0.0881796898320316
4455,4.5,135,NOSE,-0.00038561224937438965,0.11402560770511627,-0.1824747156351805
4456,4.5,135,LEFT_EYE_INNER,0.005452781915664673,0.1277234852313996,-0.1627108138054609
4457,4.5,135,LEFT_EYE,0.00930604338645935,0.127075657248497,-0.16277716867625708
4458,4.5,135,LEFT_EYE_OUTER,0.012808531522750854,0.1264822781085968,-0.16277390532195568
4459,4.5,135,RIGHT_EYE_INNER,-0.006721168756484985,0.127588152885437,-0.1650650333613157
4460,4.5,135,RIGHT_EYE,-0.01081869006156927,0.1268175691366196,-0.16507041268050668
4461,4.5,135,RIGHT_EYE_OUTER,-0.014681130647659357,0.1258712261915207,-0.1651261579245329
4462,4.5,135,LEFT_EAR,0.018743842840194702,0.1160251647233963,-0.046708097681403195
4463,4.5,135,RIGHT_EAR,-0.019400060176849365,0.1125749796628952,-0.06278674118220809
4464,4.5,135,MOUTH_LEFT,0.009318321943283081,0.09491614997386932,-0.13942801766097548
4465,4.5,135,MOUTH_RIGHT,-0.007675915956497192,0.09605337679386139,-0.1442584972828627
4466,4.5,135,LEFT_SHOULDER,0.052871495485305786,0.0105009526014328,0.009281566366553303
4467,4.5,135,RIGHT_SHOULDER,-0.052871495485305786,-0.0105009526014328,-0.0092815663665533
4468,4.5,135,LEFT_ELBOW,0.11343029141426086,-0.0667659193277359,-0.08853584341704848
4469,4.5,135,RIGHT_ELBOW,-0.0762863457202912,-0.14039961993694305,-0.07256726734340191
4470,4.5,135,LEFT_WRIST,0.0488148033618927,0.06225867569446569,-0.2270459812134504
4471,4.5,135,RIGHT_WRIST,-0.05226346850395208,-0.19851677119731903,-0.22922357730567458
4472,4.5,135,LEFT_PINKY,0.032799869775772095,0.0928440541028977,-0.266657380387187
4473,4.5,135,RIGHT_PINKY,-0.04683825373649597,-0.2239246815443039,-0.2574416380375624
4474,4.5,135,LEFT_INDEX,0.029868513345718384,0.09600277245044708,-0.2408720534294844
4475,4.5,135,RIGHT_INDEX,-0.038587599992752075,-0.20752297341823578,-0.2620809059590101
4476,4.5,135,LEFT_THUMB,0.03250482678413391,0.08496354520320892,-0.2200517933815718
4477,4.5,135,RIGHT_THUMB,-0.03855213522911077,-0.1983109563589096,-0.23268803767859939
4478,4.5,135,LEFT_HIP,0.04440811276435852,-0.2581329196691513,0.0445319754071533
4479,4.5,135,RIGHT_HIP,-0.024877160787582453,-0.2708854526281357,0.0322152953594923
4480,4.5,135,LEFT_KNEE,0.05137476325035095,-0.4720311611890793,0.0486717922613024
4481,4.5,135,RIGHT_KNEE,-0.027069836854934692,-0.46989111602306366,0.0369642813457176
4482,4.5,135,LEFT_ANKLE,0.058374255895614624,-0.6019759029150009,0.2003449816256761
4483,4.5,135,RIGHT_ANKLE,-0.04150208830833435,-0.5983499735593795,0.1667847502976655
4484,4.5,135,LEFT_HEEL,0.05123886466026306,-0.6105984300374985,0.2119500059634446
4485,4.5,135,RIGHT_HEEL,-0.03849309682846069,-0.6612592786550524,0.1777740139514207
4486,4.5,135,LEFT_FOOT_INDEX,0.06763467192649841,-0.7016222327947617,0.1259579230099916
4487,4.5,135,RIGHT_FOOT_INDEX,-0.03014743328094488,-0.711440905928612,0.0755179468542337
4488,4.533333333333333,136,NOSE,-0.0004641711711883545,0.11414162814617163,-0.18716243281960493
4489,4.533333333333333,136,LEFT_EYE_INNER,0.005387991666793823,0.12813532352447513,-0.16760000959038734
4490,4.533333333333333,136,LEFT_EYE,0.009226053953170776,0.12764616310596472,-0.16767733171582225
4491,4.533333333333333,136,LEFT_EYE_OUTER,0.012637108564376831,0.12718857824802401,-0.16768856719136244
4492,4.533333333333333,136,RIGHT_EYE_INNER,-0.006721168756484985,0.12794667482376101,-0.16910043731331825
4493,4.533333333333333,136,RIGHT_EYE,-0.010873943567276001,0.12730069458484652,-0.16909301653504374
4494,4.533333333333333,136,RIGHT_EYE_OUTER,-0.014781773090362604,0.12645256519317633,-0.16914706304669383
4495,4.533333333333333,136,LEFT_EAR,0.018486768007278442,0.11693792045116425,-0.052273239940404954
4496,4.533333333333333,136,RIGHT_EAR,-0.019710600376129206,0.113402470946312,-0.06376217678189275
4497,4.533333333333333,136,MOUTH_LEFT,0.008928388357162476,0.09532953798770905,-0.14449917152523994
4498,4.533333333333333,136,MOUTH_RIGHT,-0.007879108190536499,0.09644933044910431,-0.14777258411049846
4499,4.533333333333333,136,LEFT_SHOULDER,0.05293092131614685,0.009614750742912348,0.0047199130058288505
4500,4.533333333333333,136,RIGHT_SHOULDER,-0.052930921316146906,-0.009614750742912292,-0.0047199130058288505
4501,4.533333333333333,136,LEFT_ELBOW,0.11269477009773254,-0.07138313353061676,-0.09621625021100044
4502,4.533333333333333,136,RIGHT_ELBOW,-0.07633820176124573,-0.1394851952791214,-0.035279612988233545
4503,4.533333333333333,136,LEFT_WRIST,0.04752418398857117,0.06049312651157385,-0.24817982688546186
4504,4.533333333333333,136,RIGHT_WRIST,-0.05316692590713501,-0.19751282036304474,-0.15369777753949165
4505,4.533333333333333,136,LEFT_PINKY,0.031771451234817505,0.09163494408130651,-0.28897032514214516
4506,4.533333333333333,136,RIGHT_PINKY,-0.04753884673118591,-0.22285981476306915,-0.17524843290448194
4507,4.533333333333333,136,LEFT_INDEX,0.029134362936019897,0.09530530869960785,-0.26479500904679304
4508,4.533333333333333,136,RIGHT_INDEX,-0.03951117396354681,-0.20649202167987823,-0.18506959453225133
4509,4.533333333333333,136,LEFT_THUMB,0.03164312243461609,0.08390684425830841,-0.24186051264405256
4510,4.533333333333333,136,RIGHT_THUMB,-0.03951454162597662,-0.19726289808750153,-0.15802237764000895
4511,4.533333333333333,136,LEFT_HIP,0.04443541169166565,-0.2590717226266861,0.04729467304423445
4512,4.533333333333333,136,RIGHT_HIP,-0.024964094161987305,-0.27062155306339264,0.03621980268508195
4513,4.533333333333333,136,LEFT_KNEE,0.050717681646347046,-0.47315891087055206,0.04344210529234245
4514,4.533333333333333,136,RIGHT_KNEE,-0.027026712894439697,-0.47038890421390533,0.03836718085221945
4515,4.533333333333333,136,LEFT_ANKLE,0.058098942041397095,-0.6025859862565994,0.20385244116187085
4516,4.533333333333333,136,RIGHT_ANKLE,-0.04182243347167969,-0.5979663878679274,0.17363029345870007
4517,4.533333333333333,136,LEFT_HEEL,0.05131480097770691,-0.6107148677110671,0.21537921950221056
4518,4.533333333333333,136,RIGHT_HEEL,-0.036975860595703125,-0.6666517406702044,0.18491959199309335
4519,4.533333333333333,136,LEFT_FOOT_INDEX,0.06626901030540466,-0.7018131166696548,0.13097928836941705
4520,4.533333333333333,136,RIGHT_FOOT_INDEX,-0.030088812112808228,-0.7121910005807877,0.08528361096978175
4521,4.566666666666666,137,NOSE,-4.920363426208496e-05,0.11028620600700378,-0.1864603664726019
4522,4.566666666666666,137,LEFT_EYE_INNER,0.005731016397476196,0.1254450529813766,-0.16721040569245818
4523,4.566666666666666,137,LEFT_EYE,0.009586244821548462,0.1251082718372345,-0.1672857012599707
4524,4.566666666666666,137,LEFT_EYE_OUTER,0.012933939695358276,0.1247716844081879,-0.1672964747995138
4525,4.566666666666666,137,RIGHT_EYE_INNER,-0.006321460008621216,0.12538048624992368,-0.169143607839942
4526,4.566666666666666,137,RIGHT_EYE,-0.010516554117202759,0.1250507533550262,-0.1691403593868017
4527,4.566666666666666,137,RIGHT_EYE_OUTER,-0.01441496610641485,0.124521404504776,-0.1691939290612936
4528,4.566666666666666,137,LEFT_EAR,0.018442660570144653,0.11583790183067322,-0.052470361813902806
4529,4.566666666666666,137,RIGHT_EAR,-0.01980265974998474,0.11310765147209162,-0.0663906317204237
4530,4.566666666666666,137,MOUTH_LEFT,0.009012371301651001,0.09044235944747919,-0.1439716424793005
4531,4.566666666666666,137,MOUTH_RIGHT,-0.007643073797225952,0.09190556406974787,-0.1477366741746664
4532,4.566666666666666,137,LEFT_SHOULDER,0.05301937460899353,0.009114563465118408,0.004774516448378598
4533,4.566666666666666,137,RIGHT_SHOULDER,-0.05301937460899353,-0.009114563465118408,-0.004774516448378598
4534,4.566666666666666,137,LEFT_ELBOW,0.11232712864875793,-0.07784819602966309,-0.0956800486892462
4535,4.566666666666666,137,RIGHT_ELBOW,-0.07616299390792847,-0.13882973790168768,-0.0473493989557028
4536,4.566666666666666,137,LEFT_WRIST,0.04705342650413513,0.05448213219642639,-0.24632685445249078
4537,4.566666666666666,137,RIGHT_WRIST,-0.05444839596748352,-0.19672182202339178,-0.18179362080991268
4538,4.566666666666666,137,LEFT_PINKY,0.031530529260635376,0.0860452950000763,-0.28636135719716554
4539,4.566666666666666,137,RIGHT_PINKY,-0.04874351620674133,-0.22204014658927923,-0.2059821393340826
4540,4.566666666666666,137,LEFT_INDEX,0.029012233018875122,0.08931082487106318,-0.2617486026138067
4541,4.566666666666666,137,RIGHT_INDEX,-0.04115906357765203,-0.2056239545345307,-0.212671360000968
4542,4.566666666666666,137,LEFT_THUMB,0.031173735857009888,0.07785126566886902,-0.2397118713706732
4543,4.566666666666666,137,RIGHT_THUMB,-0.04122108221054077,-0.1963575184345246,-0.1855368819087744
4544,4.566666666666666,137,LEFT_HIP,0.04436233639717102,-0.2605940401554108,0.047605238854885004
4545,4.566666666666666,137,RIGHT_HIP,-0.02478006482124334,-0.2715083062648774,0.0360276750288904
4546,4.566666666666666,137,LEFT_KNEE,0.05025574564933777,-0.4747286140918732,0.0505643086507916
4547,4.566666666666666,137,RIGHT_KNEE,-0.02671465277671814,-0.47278442978858953,0.0386204114183784
4548,4.566666666666666,137,LEFT_ANKLE,0.05804064869880676,-0.6017820537090302,0.210570404306054
4549,4.566666666666666,137,RIGHT_ANKLE,-0.04195943474769592,-0.6049250066280365,0.1748079303652047
4550,4.566666666666666,137,LEFT_HEEL,0.051438361406326294,-0.6091661155223846,0.2230906579643487
4551,4.566666666666666,137,RIGHT_HEEL,-0.03608259558677673,-0.6672672927379608,0.1865100804716348
4552,4.566666666666666,137,LEFT_FOOT_INDEX,0.0658709704875946,-0.7007870376110077,0.1412184629589318
4553,4.566666666666666,137,RIGHT_FOOT_INDEX,-0.029511958360672053,-0.7137535512447357,0.08703448809683309
4554,4.6,138,NOSE,-0.000534355640411377,0.11056284606456757,-0.1808605454862118
4555,4.6,138,LEFT_EYE_INNER,0.005444645881652832,0.12628337740898135,-0.1608369164168835
4556,4.6,138,LEFT_EYE,0.009269237518310547,0.12598742544651034,-0.1609079800546169
4557,4.6,138,LEFT_EYE_OUTER,0.0125771164894104,0.12565235793590546,-0.1609176658093929
4558,4.6,138,RIGHT_EYE_INNER,-0.006538033485412598,0.12597151100635534,-0.1628297530114651
4559,4.6,138,RIGHT_EYE,-0.010754108428955078,0.12552982568740845,-0.1628305874764919
4560,4.6,138,RIGHT_EYE_OUTER,-0.014699578285217285,0.12488339841365814,-0.1628899089992046
4561,4.6,138,LEFT_EAR,0.018326103687286377,0.11648948490619665,-0.0517302639782429
4562,4.6,138,RIGHT_EAR,-0.019900590181350708,0.11352758109569555,-0.06135785952210421
4563,4.6,138,MOUTH_LEFT,0.008479773998260498,0.09061177074909216,-0.1380698643624782
4564,4.6,138,MOUTH_RIGHT,-0.008044660091400202,0.09204895794391632,-0.1416556350886822
4565,4.6,138,LEFT_SHOULDER,0.0530858039855957,0.008543804287910461,-0.00046982988715170426
4566,4.6,138,RIGHT_SHOULDER,-0.0530858039855957,-0.008543804287910461,0.0004698298871516973
4567,4.6,138,LEFT_ELBOW,0.11098092794418335,-0.08327315747737885,-0.1091047041118145
4568,4.6,138,RIGHT_ELBOW,-0.07602313160896301,-0.1382133513689041,-0.013470716774463605
4569,4.6,138,LEFT_WRIST,0.045134544372558594,0.049462988972663935,-0.2615567110478878
4570,4.6,138,RIGHT_WRIST,-0.055652230978012085,-0.19594629108905792,-0.0993373803794384
4571,4.6,138,LEFT_PINKY,0.029589831829071045,0.08141298592090607,-0.3005104921758175
4572,4.6,138,RIGHT_PINKY,-0.05015921592712402,-0.2212522178888321,-0.1138507835566997
4573,4.6,138,LEFT_INDEX,0.02700984477996826,0.08663539588451385,-0.2737477086484432
4574,4.6,138,RIGHT_INDEX,-0.042856246232986506,-0.20513887703418732,-0.1234970055520534
4575,4.6,138,LEFT_THUMB,0.029193520545959473,0.07444222271442413,-0.25391992554068565
4576,4.6,138,RIGHT_THUMB,-0.042657941579818726,-0.19574560225009918,-0.1029049716889858
4577,4.6,138,LEFT_HIP,0.04367893934249878,-0.26173289120197296,0.05280142137780779
4578,4.6,138,RIGHT_HIP,-0.025253325700759888,-0.27128370106220245,0.041623069904744694
4579,4.6,138,LEFT_KNEE,0.05021935701370239,-0.4721391350030899,0.0648163780570029
4580,4.6,138,RIGHT_KNEE,-0.028841763734817505,-0.4716501384973526,0.049980028532445396
4581,4.6,138,LEFT_ANKLE,0.0577925443649292,-0.5996226817369461,0.2307866401970386
4582,4.6,138,RIGHT_ANKLE,-0.04224762320518499,-0.6034718304872513,0.1950154192745685
4583,4.6,138,LEFT_HEEL,0.051151394844055176,-0.6011925488710405,0.24482894316315648
4584,4.6,138,RIGHT_HEEL,-0.038912892341613825,-0.6215162426233293,0.2080106474459171
4585,4.6,138,LEFT_FOOT_INDEX,0.06577503681182861,-0.6929210573434827,0.165478516370058
4586,4.6,138,RIGHT_FOOT_INDEX,-0.032704681158065796,-0.7100340276956558,0.11082066223025319
4587,4.633333333333334,139,NOSE,-0.0007296502590179443,0.1094679981470108,-0.17486022226512432
4588,4.633333333333334,139,LEFT_EYE_INNER,0.00532570481300354,0.1262003928422928,-0.15781827084720132
4589,4.633333333333334,139,LEFT_EYE,0.009135216474533081,0.1259844601154328,-0.1578810345381498
4590,4.633333333333334,139,LEFT_EYE_OUTER,0.012390285730361938,0.12564054131507882,-0.1579020153731108
4591,4.633333333333334,139,RIGHT_EYE_INNER,-0.006612032651901301,0.1255212277173996,-0.1588847916573286
4592,4.633333333333334,139,RIGHT_EYE,-0.01084032654762268,0.1249788254499436,-0.1588834356516599
4593,4.633333333333334,139,RIGHT_EYE_OUTER,-0.01480761170387268,0.12427683174610141,-0.15894137136638162
4594,4.633333333333334,139,LEFT_EAR,0.018232256174087524,0.11604659259319311,-0.053113600239157704
4595,4.633333333333334,139,RIGHT_EAR,-0.020058184862136896,0.11320348083972931,-0.06145891360938552
4596,4.633333333333334,139,MOUTH_LEFT,0.00829741358757019,0.08875258266925812,-0.1351874899119139
4597,4.633333333333334,139,MOUTH_RIGHT,-0.00827684998512268,0.09000752866268158,-0.1376720946282148
4598,4.633333333333334,139,LEFT_SHOULDER,0.05305209755897522,0.007873281836509705,-0.004855034872889505
4599,4.633333333333334,139,RIGHT_SHOULDER,-0.053052097558975275,-0.007873281836509705,0.004855034872889491
4600,4.633333333333334,139,LEFT_ELBOW,0.10982933640480042,-0.0884923785924911,-0.12009522132575512
4601,4.633333333333334,139,RIGHT_ELBOW,-0.0758358240127564,-0.13734222948551178,0.002057978883385686
4602,4.633333333333334,139,LEFT_WRIST,0.04365983605384827,0.04337234795093542,-0.2839117478579283
4603,4.633333333333334,139,RIGHT_WRIST,-0.0569321215152741,-0.19496746361255646,-0.0811505597084761
4604,4.633333333333334,139,LEFT_PINKY,0.02835330367088318,0.0760731846094132,-0.3252133559435606
4605,4.633333333333334,139,RIGHT_PINKY,-0.052782416343688965,-0.21929271519184113,-0.09630612842738631
4606,4.633333333333334,139,LEFT_INDEX,0.02524319291114807,0.08122245967388153,-0.29852153174579144
4607,4.633333333333334,139,RIGHT_INDEX,-0.04609319567680359,-0.2042405754327774,-0.1088158767670393
4608,4.633333333333334,139,LEFT_THUMB,0.02743878960609436,0.06793974339962011,-0.27654541842639446
4609,4.633333333333334,139,RIGHT_THUMB,-0.04534432291984558,-0.19488908350467682,-0.08595490269362921
4610,4.633333333333334,139,LEFT_HIP,0.043288081884384155,-0.2625691443681717,0.06998756434768429
4611,4.633333333333334,139,RIGHT_HIP,-0.02519413828849798,-0.2704016715288162,0.05967786861583589
4612,4.633333333333334,139,LEFT_KNEE,0.05013081431388855,-0.4710278660058975,0.08244574628770339
4613,4.633333333333334,139,RIGHT_KNEE,-0.02902552485466009,-0.47031666338443756,0.0718522118404507
4614,4.633333333333334,139,LEFT_ANKLE,0.057519227266311646,-0.5971705466508865,0.25776325352489937
4615,4.633333333333334,139,RIGHT_ANKLE,-0.042541891336441096,-0.602354124188423,0.22848642058670518
4616,4.633333333333334,139,LEFT_HEEL,0.05105659365653992,-0.5996512323617935,0.27304218895733345
4617,4.633333333333334,139,RIGHT_HEEL,-0.0402881801128388,-0.6076892763376235,0.2425603587180375
4618,4.633333333333334,139,LEFT_FOOT_INDEX,0.0657186210155487,-0.6903234273195267,0.1928222496062517
4619,4.633333333333334,139,RIGHT_FOOT_INDEX,-0.0339142382144928,-0.7088208943605423,0.1451242212206125
4620,4.666666666666667,140,NOSE,-0.00132693350315094,0.10791164636611944,-0.18002450093626976
4621,4.666666666666667,140,LEFT_EYE_INNER,0.004927083849906921,0.12555289268493655,-0.16415944322943682
4622,4.666666666666667,140,LEFT_EYE,0.00877360999584198,0.12548947334289554,-0.16423174366354942
4623,4.666666666666667,140,LEFT_EYE_OUTER,0.012045785784721375,0.12525750696659094,-0.16427746042609215
4624,4.666666666666667,140,RIGHT_EYE_INNER,-0.007182613015174921,0.12451986968517303,-0.16488387808203692
4625,4.666666666666667,140,RIGHT_EYE,-0.011361494660377502,0.12400487065315255,-0.16490605100989342
4626,4.666666666666667,140,RIGHT_EYE_OUTER,-0.015278354287147522,0.12329247593879705,-0.16497778519988054
4627,4.666666666666667,140,LEFT_EAR,0.017934367060661316,0.11574256420135504,-0.05785725638270374
4628,4.666666666666667,140,RIGHT_EAR,-0.0203259140253067,0.11230015754699713,-0.06517719849944116
4629,4.666666666666667,140,MOUTH_LEFT,0.008025392889976501,0.08716365694999695,-0.13947972282767296
4630,4.666666666666667,140,MOUTH_RIGHT,-0.0086538046598435,0.08781003952026373,-0.14156914874911303
4631,4.666666666666667,140,LEFT_SHOULDER,0.05315177142620087,0.007879048585891724,-0.00876254215836525
4632,4.666666666666667,140,RIGHT_SHOULDER,-0.05315177142620092,-0.007879048585891668,0.00876254215836525
4633,4.666666666666667,140,LEFT_ELBOW,0.10754774510860443,-0.09461024403572077,-0.12754451856017113
4634,4.666666666666667,140,RIGHT_ELBOW,-0.07569216191768652,-0.13781973719596863,0.017153855413198457
4635,4.666666666666667,140,LEFT_WRIST,0.04096381366252899,0.037034183740615845,-0.29867335781455034
4636,4.666666666666667,140,RIGHT_WRIST,-0.0572136789560318,-0.19499072432518005,-0.08226579055190085
4637,4.666666666666667,140,LEFT_PINKY,0.024321362376213074,0.06884893774986273,-0.3427485786378383
4638,4.666666666666667,140,RIGHT_PINKY,-0.05388058722019201,-0.2195282280445099,-0.10052406415343286
4639,4.666666666666667,140,LEFT_INDEX,0.021358534693717957,0.07511094212532043,-0.317829992622137
4640,4.666666666666667,140,RIGHT_INDEX,-0.047036781907081604,-0.20551392436027527,-0.11366852745413776
4641,4.666666666666667,140,LEFT_THUMB,0.02378426492214203,0.06263443827629095,-0.29208269342780113
4642,4.666666666666667,140,RIGHT_THUMB,-0.045911237597465515,-0.1965419352054596,-0.08776616677641864
4643,4.666666666666667,140,LEFT_HIP,0.043761298060417175,-0.26222947239875793,0.09493699413724235
4644,4.666666666666667,140,RIGHT_HIP,-0.023908063769340515,-0.27033963799476624,0.08937383396551016
4645,4.666666666666667,140,LEFT_KNEE,0.051303789019584656,-0.46986743807792664,0.10749569348990914
4646,4.666666666666667,140,RIGHT_KNEE,-0.026766613125801086,-0.4689227044582367,0.10343205742537966
4647,4.666666666666667,140,LEFT_ANKLE,0.0576280802488327,-0.5958570539951326,0.29420641437172884
4648,4.666666666666667,140,RIGHT_ANKLE,-0.04232446849346161,-0.6019411981105806,0.2752430327236651
4649,4.666666666666667,140,LEFT_HEEL,0.05143754184246063,-0.5949232280254364,0.31099878624081606
4650,4.666666666666667,140,RIGHT_HEEL,-0.04034890234470373,-0.6039277017116546,0.29085111990571016
4651,4.666666666666667,140,LEFT_FOOT_INDEX,0.06826929748058319,-0.6870348155498505,0.22911875322461123
4652,4.666666666666667,140,RIGHT_FOOT_INDEX,-0.033207640051841736,-0.7027758061885834,0.19378544017672533
4653,4.7,141,NOSE,-0.0022749900817871094,0.10628218948841095,-0.18177375197410583
4654,4.7,141,LEFT_EYE_INNER,0.0046471357345581055,0.12443143129348755,-0.16693305969238287
4655,4.7,141,LEFT_EYE,0.008585810661315918,0.12431128323078153,-0.16698819398880005
4656,4.7,141,LEFT_EYE_OUTER,0.011906087398529053,0.12404559552669525,-0.16705983877182007
4657,4.7,141,RIGHT_EYE_INNER,-0.00783589482307434,0.12363998591899875,-0.16782337427139288
4658,4.7,141,RIGHT_EYE,-0.01199430227279663,0.12330935895442965,-0.16781786084175115
4659,4.7,141,RIGHT_EYE_OUTER,-0.015918046236038208,0.12275658547878265,-0.16786286234855657
4660,4.7,141,LEFT_EAR,0.01782304048538208,0.11501540243625635,-0.062055736780166654
4661,4.7,141,RIGHT_EAR,-0.02063688635826111,0.11198551952838892,-0.07096526026725775
4662,4.7,141,MOUTH_LEFT,0.007420837879180908,0.08544720709323883,-0.14125095307826996
4663,4.7,141,MOUTH_RIGHT,-0.009684652090072632,0.08647753298282623,-0.14373809099197385
4664,4.7,141,LEFT_SHOULDER,0.053124845027923584,0.007929399609565735,-0.0038586705923080583
4665,4.7,141,RIGHT_SHOULDER,-0.05312484502792364,-0.007929399609565735,0.0038586705923080444
4666,4.7,141,LEFT_ELBOW,0.10579311847686768,-0.10244174301624304,-0.10207274556159976
4667,4.7,141,RIGHT_ELBOW,-0.07451337575912476,-0.1380907148122788,0.012707754969596849
4668,4.7,141,LEFT_WRIST,0.039803266525268555,0.028378948569297735,-0.25589776039123535
4669,4.7,141,RIGHT_WRIST,-0.05814135074615484,-0.19455425441265112,-0.08605533838272095
4670,4.7,141,LEFT_PINKY,0.022025346755981445,0.05731351673603052,-0.29738464951515203
4671,4.7,141,RIGHT_PINKY,-0.05615496635437012,-0.21957884728908544,-0.10586181282997134
4672,4.7,141,LEFT_INDEX,0.018643319606781006,0.06564866006374354,-0.27275487780570984
4673,4.7,141,RIGHT_INDEX,-0.04913663864135742,-0.20574198663234716,-0.11523824930191046
4674,4.7,141,LEFT_THUMB,0.021454691886901855,0.05504782497882843,-0.24896177649497986
4675,4.7,141,RIGHT_THUMB,-0.04739868640899664,-0.19702462852001196,-0.09008710086345675
4676,4.7,141,LEFT_HIP,0.04377931356430054,-0.2528929561376572,0.10619522863998994
4677,4.7,141,RIGHT_HIP,-0.02271127700805664,-0.26225690543651586,0.10059850127436225
4678,4.7,141,LEFT_KNEE,0.05256497859954834,-0.4483132213354111,0.12712346576154224
4679,4.7,141,RIGHT_KNEE,-0.024937182664871216,-0.44660417735576635,0.12404159642755974
4680,4.7,141,LEFT_ANKLE,0.058609843254089355,-0.5859148353338242,0.32216283679008473
4681,4.7,141,RIGHT_ANKLE,-0.04093301296234131,-0.585707947611809,0.30667752027511586
4682,4.7,141,LEFT_HEEL,0.05248284339904785,-0.5882654041051865,0.3394073396921157
4683,4.7,141,RIGHT_HEEL,-0.03933796286582952,-0.5832382291555405,0.3236713111400603
4684,4.7,141,LEFT_FOOT_INDEX,0.07301968336105347,-0.6621981114149094,0.2633276432752608
4685,4.7,141,RIGHT_FOOT_INDEX,-0.033219099044799805,-0.6733049601316452,0.23264884948730463
4686,4.733333333333333,142,NOSE,-0.0023932307958602905,0.10232256352901459,-0.17733313143253332
4687,4.733333333333333,142,LEFT_EYE_INNER,0.004876568913459778,0.12087993323802948,-0.17225746810436254
4688,4.733333333333333,142,LEFT_EYE,0.008866265416145325,0.1205178052186966,-0.17239259183406835
4689,4.733333333333333,142,LEFT_EYE_OUTER,0.012439921498298645,0.12014614045619965,-0.17228169739246374
4690,4.733333333333333,142,RIGHT_EYE_INNER,-0.007786527276039179,0.12112569808959966,-0.1659125536680222
4691,4.733333333333333,142,RIGHT_EYE,-0.011918321251869202,0.12114401161670688,-0.16600103676319122
4692,4.733333333333333,142,RIGHT_EYE_OUTER,-0.0158351212739945,0.12084080278873449,-0.16610001027584081
4693,4.733333333333333,142,LEFT_EAR,0.01819916069507599,0.11222110688686376,-0.049808487296104445
4694,4.733333333333333,142,RIGHT_EAR,-0.020800754427909907,0.11029212176799774,-0.06344065070152284
4695,4.733333333333333,142,MOUTH_LEFT,0.007320240139961243,0.08161617815494537,-0.14868095517158514
4696,4.733333333333333,142,MOUTH_RIGHT,-0.00976355373859411,0.08261047303676605,-0.14414626359939575
4697,4.733333333333333,142,LEFT_SHOULDER,0.052964940667152405,0.00797958672046667,0.0019837245345115523
4698,4.733333333333333,142,RIGHT_SHOULDER,-0.052964940667152405,-0.007979586720466614,-0.0019837245345115523
4699,4.733333333333333,142,LEFT_ELBOW,0.10399074852466583,-0.10845904052257532,-0.10423350334167485
4700,4.733333333333333,142,RIGHT_ELBOW,-0.07263080775737768,-0.1356840580701828,-0.010056003928184551
4701,4.733333333333333,142,LEFT_WRIST,0.039247944951057434,0.017363265156745966,-0.2628208547830582
4702,4.733333333333333,142,RIGHT_WRIST,-0.0602981299161911,-0.19111840426921844,-0.10017205774784095
4703,4.733333333333333,142,LEFT_PINKY,0.022092536091804504,0.040445104241371155,-0.30243699252605444
4704,4.733333333333333,142,RIGHT_PINKY,-0.06069780886173248,-0.21642868220806122,-0.11804698407649995
4705,4.733333333333333,142,LEFT_INDEX,0.01773114502429962,0.05031608045101166,-0.27581186592578893
4706,4.733333333333333,142,RIGHT_INDEX,-0.052632883191108704,-0.20473860204219818,-0.12942050397396093
4707,4.733333333333333,142,LEFT_THUMB,0.020455434918403625,0.041997447609901484,-0.25509525835514074
4708,4.733333333333333,142,RIGHT_THUMB,-0.05012036859989166,-0.19426874816417694,-0.10526080429553984
4709,4.733333333333333,142,LEFT_HIP,0.04372258484363556,-0.2491808384656906,0.09542432241141785
4710,4.733333333333333,142,RIGHT_HIP,-0.02199165523052221,-0.2599995583295822,0.08976262481883165
4711,4.733333333333333,142,LEFT_KNEE,0.05242355167865753,-0.44264476001262665,0.12056280672550185
4712,4.733333333333333,142,RIGHT_KNEE,-0.02494119107723236,-0.4397573918104172,0.12681306526064864
4713,4.733333333333333,142,LEFT_ANKLE,0.05956341326236725,-0.5805896967649461,0.3001946657896041
4714,4.733333333333333,142,RIGHT_ANKLE,-0.04120604693889618,-0.5779380649328232,0.29575733840465535
4715,4.733333333333333,142,LEFT_HEEL,0.053459957242012024,-0.5852907150983809,0.3162071853876113
4716,4.733333333333333,142,RIGHT_HEEL,-0.03917883336544037,-0.5776582807302475,0.31188616156578053
4717,4.733333333333333,142,LEFT_FOOT_INDEX,0.07333005964756012,-0.6561179012060165,0.25266180932521803
4718,4.733333333333333,142,RIGHT_FOOT_INDEX,-0.03670595586299896,-0.6647893041372299,0.23989386856555928
4719,4.766666666666667,143,NOSE,-0.0024374723434448242,0.10189406573772425,-0.15465257689356804
4720,4.766666666666667,143,LEFT_EYE_INNER,0.0049707889556884766,0.12077076733112335,-0.14449108764529225
4721,4.766666666666667,143,LEFT_EYE,0.008997559547424316,0.12031503021717066,-0.14457159861922264
4722,4.766666666666667,143,LEFT_EYE_OUTER,0.012651622295379639,0.11985172331333155,-0.14458077773451805
4723,4.766666666666667,143,RIGHT_EYE_INNER,-0.007712781429290827,0.12121848762035367,-0.14565917477011683
4724,4.766666666666667,143,RIGHT_EYE,-0.011845171451568604,0.12128244340419767,-0.14567292854189876
4725,4.766666666666667,143,RIGHT_EYE_OUTER,-0.01575523614883423,0.12100331485271457,-0.14572757109999654
4726,4.766666666666667,143,LEFT_EAR,0.0183141827583313,0.11161233484745026,-0.040842931717634146
4727,4.766666666666667,143,RIGHT_EAR,-0.020838797092437744,0.11031396687030787,-0.07014731690287584
4728,4.766666666666667,143,MOUTH_LEFT,0.007235169410705566,0.08184130489826197,-0.11984715983271593
4729,4.766666666666667,143,MOUTH_RIGHT,-0.010141074657440241,0.08265839517116547,-0.12392922863364214
4730,4.766666666666667,143,LEFT_SHOULDER,0.05285853147506714,0.007943645119667053,0.007385607808828354
4731,4.766666666666667,143,RIGHT_SHOULDER,-0.05285853147506714,-0.007943645119667053,-0.00738560780882834
4732,4.766666666666667,143,LEFT_ELBOW,0.10160642862319946,-0.11604334414005285,-0.09675934538245204
4733,4.766666666666667,143,RIGHT_ELBOW,-0.07147890329360962,-0.1333391517400742,0.00102177634835246
4734,4.766666666666667,143,LEFT_WRIST,0.03874039649963379,0.0028662830591201782,-0.25966135784983635
4735,4.766666666666667,143,RIGHT_WRIST,-0.06096887588500982,-0.19030539691448217,-0.08338956162333486
4736,4.766666666666667,143,LEFT_PINKY,0.021643757820129395,0.02575294673442835,-0.2998841218650341
4737,4.766666666666667,143,RIGHT_PINKY,-0.06238198280334473,-0.21448360383510595,-0.09949938580393794
4738,4.766666666666667,143,LEFT_INDEX,0.016558468341827393,0.038911148905754034,-0.27478883787989616
4739,4.766666666666667,143,RIGHT_INDEX,-0.05396738648414612,-0.20456896722316747,-0.11493378505110743
4740,4.766666666666667,143,LEFT_THUMB,0.01960933208465576,0.031092926859855652,-0.25242454931139946
4741,4.766666666666667,143,RIGHT_THUMB,-0.05107289552688604,-0.19379745423793798,-0.09022372588515284
4742,4.766666666666667,143,LEFT_HIP,0.043807148933410645,-0.2495990246534348,0.08962825965136285
4743,4.766666666666667,143,RIGHT_HIP,-0.02161821722984314,-0.2598500698804856,0.07994937989860776
4744,4.766666666666667,143,LEFT_KNEE,0.05267876386642456,-0.443186566233635,0.11238775961101045
4745,4.766666666666667,143,RIGHT_KNEE,-0.02452707290649414,-0.4417781084775925,0.11814012005925176
4746,4.766666666666667,143,LEFT_ANKLE,0.060666680335998535,-0.5790318697690964,0.289048258215189
4747,4.766666666666667,143,RIGHT_ANKLE,-0.04113101959228521,-0.574209913611412,0.27422489598393435
4748,4.766666666666667,143,LEFT_HEEL,0.05367124080657959,-0.5847493261098864,0.30463150516152376
4749,4.766666666666667,143,RIGHT_HEEL,-0.039065986871719416,-0.5764744132757187,0.28905691578984255
4750,4.766666666666667,143,LEFT_FOOT_INDEX,0.0741262435913086,-0.6580671519041061,0.23617913201451296
4751,4.766666666666667,143,RIGHT_FOOT_INDEX,-0.037749856710434015,-0.6703966110944748,0.20366991683840746
4752,4.8,144,NOSE,-0.0022235512733459473,0.10205212235450745,-0.1189457066357136
4753,4.8,144,LEFT_EYE_INNER,0.0052225589752197266,0.12237103283405307,-0.10613987222313881
4754,4.8,144,LEFT_EYE,0.009269118309020996,0.12160748243331918,-0.1062044389545918
4755,4.8,144,LEFT_EYE_OUTER,0.012965500354766846,0.12079662084579468,-0.10624382272362712
4756,4.8,144,RIGHT_EYE_INNER,-0.007469922304153498,0.12330771982669836,-0.10925473645329481
4757,4.8,144,RIGHT_EYE,-0.011609107255935669,0.12345850467681888,-0.1092398501932621
4758,4.8,144,RIGHT_EYE_OUTER,-0.015517711639404297,0.12336775660514837,-0.10931882634758949
4759,4.8,144,LEFT_EAR,0.018474936485290527,0.11174574494361877,-0.022962044924497597
4760,4.8,144,RIGHT_EAR,-0.02074742317199707,0.11088290810585028,-0.044905465096235296
4761,4.8,144,MOUTH_LEFT,0.007272899150848389,0.0822591781616211,-0.0879741795361042
4762,4.8,144,MOUTH_RIGHT,-0.010252267122268677,0.08280187845230108,-0.0936497338116169
4763,4.8,144,LEFT_SHOULDER,0.05259770154953003,0.007715046405792292,0.0036025457084178994
4764,4.8,144,RIGHT_SHOULDER,-0.052597701549530085,-0.007715046405792236,-0.0036025457084178994
4765,4.8,144,LEFT_ELBOW,0.10053616762161255,-0.12255862355232233,-0.10063974931836131
4766,4.8,144,RIGHT_ELBOW,-0.07025083899497986,-0.13334205746650696,-0.008986722677946098
4767,4.8,144,LEFT_WRIST,0.039195239543914795,-0.01011839509010315,-0.2525705881416798
4768,4.8,144,RIGHT_WRIST,-0.060826569795608576,-0.190370112657547,-0.0796787180006504
4769,4.8,144,LEFT_PINKY,0.022374510765075684,0.007854044437408447,-0.2864425368607044
4770,4.8,144,RIGHT_PINKY,-0.062099963426589966,-0.2140272557735443,-0.0920146889984608
4771,4.8,144,LEFT_INDEX,0.01677483320236206,0.022767096757888794,-0.2589920647442341
4772,4.8,144,RIGHT_INDEX,-0.05394196510314947,-0.20322009921073914,-0.10249786451458931
4773,4.8,144,LEFT_THUMB,0.02013784646987915,0.015737116336822565,-0.24364294484257698
4774,4.8,144,RIGHT_THUMB,-0.05123251676559448,-0.1937156617641449,-0.0844783075153828
4775,4.8,144,LEFT_HIP,0.04480022192001343,-0.2518581449985504,0.0607283697463571
4776,4.8,144,RIGHT_HIP,-0.02083486318588257,-0.260210782289505,0.051751394756138304
4777,4.8,144,LEFT_KNEE,0.05388706922531128,-0.44405433535575867,0.0831298995763062
4778,4.8,144,RIGHT_KNEE,-0.02379563450813299,-0.44368669390678406,0.0830098055303096
4779,4.8,144,LEFT_ANKLE,0.06187164783477783,-0.5801115334033967,0.22872957214713088
4780,4.8,144,RIGHT_ANKLE,-0.040910243988037165,-0.5736161768436431,0.2194687835872172
4781,4.8,144,LEFT_HEEL,0.05524522066116333,-0.5856340825557708,0.2414885573089122
4782,4.8,144,RIGHT_HEEL,-0.03881672024726868,-0.5770798623561859,0.2313109599053859
4783,4.8,144,LEFT_FOOT_INDEX,0.07614785432815552,-0.6610581576824188,0.1908363960683345
4784,4.8,144,RIGHT_FOOT_INDEX,-0.03938400745391846,-0.6732481420040131,0.1679985783994197
4785,4.833333333333333,145,NOSE,-0.0026721060276031494,0.09854306280612951,-0.1218862198293209
4786,4.833333333333333,145,LEFT_EYE_INNER,0.005216032266616821,0.1198105663061142,-0.1077978871762753
4787,4.833333333333333,145,LEFT_EYE,0.009307891130447388,0.11935539543628693,-0.1078968159854412
4788,4.833333333333333,145,LEFT_EYE_OUTER,0.013069003820419312,0.11871443688869482,-0.1081009767949581
4789,4.833333333333333,145,RIGHT_EYE_INNER,-0.008038997650146484,0.12035064399242401,-0.1061769239604473
4790,4.833333333333333,145,RIGHT_EYE,-0.012252002954483032,0.12052042782306671,-0.10609133169054989
4791,4.833333333333333,145,RIGHT_EYE_OUTER,-0.0162078738212586,0.12038259208202362,-0.1060368232429028
4792,4.833333333333333,145,LEFT_EAR,0.01848706603050232,0.1105494350194931,-0.03633631393313411
4793,4.833333333333333,145,RIGHT_EAR,-0.021212279796600397,0.10962606966495514,-0.0500216670334339
4794,4.833333333333333,145,MOUTH_LEFT,0.006985574960708618,0.07927803695201874,-0.08325063809752471
4795,4.833333333333333,145,MOUTH_RIGHT,-0.011180579662322998,0.07957257330417633,-0.09029845520854
4796,4.833333333333333,145,LEFT_SHOULDER,0.05251321196556091,0.007134035229682922,-0.002313721925020204
4797,4.833333333333333,145,RIGHT_SHOULDER,-0.05251321196556091,-0.007134035229682867,0.002313721925020197
4798,4.833333333333333,145,LEFT_ELBOW,0.09918305277824402,-0.13199014961719513,-0.10684416815638549
4799,4.833333333333333,145,RIGHT_ELBOW,-0.06960967183113098,-0.1328802853822708,-0.027695994824171108
4800,4.833333333333333,145,LEFT_WRIST,0.040471941232681274,-0.023129209876060486,-0.27594475075602537
4801,4.833333333333333,145,RIGHT_WRIST,-0.06199637055397039,-0.18797774612903595,-0.1620383076369763
4802,4.833333333333333,145,LEFT_PINKY,0.02344760298728943,-0.0061502605676651,-0.315165113657713
4803,4.833333333333333,145,RIGHT_PINKY,-0.0630508959293366,-0.2128489762544632,-0.1842101626098156
4804,4.833333333333333,145,LEFT_INDEX,0.016884833574295044,0.01048038899898529,-0.2897445671260357
4805,4.833333333333333,145,RIGHT_INDEX,-0.054929047822952326,-0.2007278949022293,-0.19571436569094658
4806,4.833333333333333,145,LEFT_THUMB,0.02019593119621277,0.004173710942268427,-0.2678330354392529
4807,4.833333333333333,145,RIGHT_THUMB,-0.05226495862007141,-0.19236721098423004,-0.16897660121321678
4808,4.833333333333333,145,LEFT_HIP,0.045690685510635376,-0.25784219801425934,0.0672336304560303
4809,4.833333333333333,145,RIGHT_HIP,-0.02036494016647339,-0.2652744799852371,0.058424430899322
4810,4.833333333333333,145,LEFT_KNEE,0.05512556433677673,-0.44754089415073395,0.08610262535512439
4811,4.833333333333333,145,RIGHT_KNEE,-0.023827463388442993,-0.4493154436349869,0.09161992371082289
4812,4.833333333333333,145,LEFT_ANKLE,0.06280997395515442,-0.5796283036470412,0.24747273698449118
4813,4.833333333333333,145,RIGHT_ANKLE,-0.04139599204063421,-0.5742740780115128,0.24871272221207608
4814,4.833333333333333,145,LEFT_HEEL,0.055968672037124634,-0.5852244645357132,0.2628229595720767
4815,4.833333333333333,145,RIGHT_HEEL,-0.039200544357299805,-0.5812924057245256,0.2630023695528506
4816,4.833333333333333,145,LEFT_FOOT_INDEX,0.0780692994594574,-0.6615492254495621,0.2027661688625811
4817,4.833333333333333,145,RIGHT_FOOT_INDEX,-0.03934326767921448,-0.6733750253915787,0.18504637107253058
4818,4.866666666666666,146,NOSE,-0.0031304359436035156,0.09059663116931915,-0.151836384087801
4819,4.866666666666666,146,LEFT_EYE_INNER,0.004959702491760254,0.11369447410106664,-0.1421483643352986
4820,4.866666666666666,146,LEFT_EYE,0.009087324142456055,0.11415348947048193,-0.1422215141355992
4821,4.866666666666666,146,LEFT_EYE_OUTER,0.012884914875030518,0.11426578462123871,-0.142338652163744
4822,4.866666666666666,146,RIGHT_EYE_INNER,-0.008433669805526789,0.11319582164287573,-0.1410232968628407
4823,4.866666666666666,146,RIGHT_EYE,-0.012673705816268921,0.11350809037685394,-0.1409540362656117
4824,4.866666666666666,146,RIGHT_EYE_OUTER,-0.01664462685585022,0.11348043382167816,-0.1409638561308384
4825,4.866666666666666,146,LEFT_EAR,0.01831352710723877,0.10868905484676361,-0.05494852736592301
4826,4.866666666666666,146,RIGHT_EAR,-0.0215215682983399,0.10688157379627233,-0.060864333063364084
4827,4.866666666666666,146,MOUTH_LEFT,0.006506919860839844,0.07283823192119604,-0.11506644263863569
4828,4.866666666666666,146,MOUTH_RIGHT,-0.011587619781494196,0.07294674217700964,-0.116763610392809
4829,4.866666666666666,146,LEFT_SHOULDER,0.052610695362091064,0.006658270955085754,-0.009762462228536592
4830,4.866666666666666,146,RIGHT_SHOULDER,-0.05261069536209112,-0.006658270955085754,0.009762462228536606
4831,4.866666666666666,146,LEFT_ELBOW,0.09806478023529053,-0.13855068385601044,-0.1002848334610463
4832,4.866666666666666,146,RIGHT_ELBOW,-0.0690270364284516,-0.13266168534755707,-0.024086680263280896
4833,4.866666666666666,146,LEFT_WRIST,0.04319661855697632,-0.04290519654750824,-0.26236947253346454
4834,4.866666666666666,146,RIGHT_WRIST,-0.0627575814723969,-0.1841554492712021,-0.17222936823964127
4835,4.866666666666666,146,LEFT_PINKY,0.025980353355407715,-0.02652285993099207,-0.3020310588181019
4836,4.866666666666666,146,RIGHT_PINKY,-0.06382197141647339,-0.21106116473674774,-0.1967673785984517
4837,4.866666666666666,146,LEFT_INDEX,0.020079374313354492,-0.005457326769828741,-0.27914731577038765
4838,4.866666666666666,146,RIGHT_INDEX,-0.0556978583335877,-0.1960960477590561,-0.209825772792101
4839,4.866666666666666,146,LEFT_THUMB,0.02311420440673828,-0.012028262019157354,-0.2548234649002553
4840,4.866666666666666,146,RIGHT_THUMB,-0.053257763385772705,-0.18378977477550507,-0.1799835450947285
4841,4.866666666666666,146,LEFT_HIP,0.045407772064208984,-0.26334403455257416,0.08188032894395281
4842,4.866666666666666,146,RIGHT_HIP,-0.020469427108764704,-0.2689254730939865,0.0771232929546386
4843,4.866666666666666,146,LEFT_KNEE,0.0538485050201416,-0.45016227662563324,0.1026579663157462
4844,4.866666666666666,146,RIGHT_KNEE,-0.024313628673553522,-0.45269863307476044,0.1182084530591963
4845,4.866666666666666,146,LEFT_ANKLE,0.062450289726257324,-0.5802202075719832,0.2683853767812251
4846,4.866666666666666,146,RIGHT_ANKLE,-0.04228052496910101,-0.5769802778959274,0.274873774498701
4847,4.866666666666666,146,LEFT_HEEL,0.0556025505065918,-0.5855105370283127,0.28350405022501934
4848,4.866666666666666,146,RIGHT_HEEL,-0.03980603814125061,-0.583232507109642,0.289237793534994
4849,4.866666666666666,146,LEFT_FOOT_INDEX,0.07744872570037842,-0.6630707830190659,0.2201449088752269
4850,4.866666666666666,146,RIGHT_FOOT_INDEX,-0.04023939371109009,-0.6736789792776108,0.2112854532897471
4851,4.9,147,NOSE,-0.002213403582572937,0.08099977672100067,-0.19414337724447256
4852,4.9,147,LEFT_EYE_INNER,0.006038442254066467,0.10479642450809473,-0.18216504901647573
4853,4.9,147,LEFT_EYE,0.009882166981697083,0.10536302626132965,-0.18225114792585373
4854,4.9,147,LEFT_EYE_OUTER,0.013834908604621887,0.10589732229709625,-0.18233733624219894
4855,4.9,147,RIGHT_EYE_INNER,-0.007732912898063715,0.10469464957714075,-0.18214037269353867
4856,4.9,147,RIGHT_EYE,-0.012362763285636902,0.10539098083972925,-0.18211843818426138
4857,4.9,147,RIGHT_EYE_OUTER,-0.016410693526268005,0.10598863661289215,-0.18213712424039846
4858,4.9,147,LEFT_EAR,0.019065693020820618,0.10308368504047394,-0.07360894232988355
4859,4.9,147,RIGHT_EAR,-0.02153791487216955,0.10329096019268036,-0.07939996570348745
4860,4.9,147,MOUTH_LEFT,0.006851688027381897,0.06256629526615137,-0.15054494887590406
4861,4.9,147,MOUTH_RIGHT,-0.011056140065193232,0.06364531815052027,-0.15211471170186996
4862,4.9,147,LEFT_SHOULDER,0.052653923630714417,0.006325468420982361,-0.016849383711814853
4863,4.9,147,RIGHT_SHOULDER,-0.052653923630714417,-0.006325468420982361,0.01684938371181484
4864,4.9,147,LEFT_ELBOW,0.0963950902223587,-0.14407400786876684,-0.11860113590955737
4865,4.9,147,RIGHT_ELBOW,-0.06789718568325043,-0.1374200433492661,-0.029391117393970545
4866,4.9,147,LEFT_WRIST,0.04350055754184723,-0.061408922076225336,-0.32320638746023184
4867,4.9,147,RIGHT_WRIST,-0.06322230398654943,-0.18255327641963964,-0.23494680970907217
4868,4.9,147,LEFT_PINKY,0.026622489094734192,-0.04470773041248327,-0.37419804185628897
4869,4.9,147,RIGHT_PINKY,-0.0649203211069107,-0.20914809405803686,-0.26988401263952255
4870,4.9,147,LEFT_INDEX,0.021784082055091858,-0.020091578364372253,-0.35842081159353256
4871,4.9,147,RIGHT_INDEX,-0.05741496384143835,-0.19102863967418676,-0.28766339272260666
4872,4.9,147,LEFT_THUMB,0.024897173047065735,-0.027189835906028748,-0.31905975192785263
4873,4.9,147,RIGHT_THUMB,-0.054579153656959534,-0.18009130656719213,-0.24581476300954824
4874,4.9,147,LEFT_HIP,0.04499204456806183,-0.26799838244915014,0.09887569007696584
4875,4.9,147,RIGHT_HIP,-0.02052764594554901,-0.2723063081502915,0.10007763933390364
4876,4.9,147,LEFT_KNEE,0.052843883633613586,-0.460579201579094,0.11219919193536035
4877,4.9,147,RIGHT_KNEE,-0.02457265555858612,-0.46161256730556494,0.13867186009883875
4878,4.9,147,LEFT_ANKLE,0.06237174570560455,-0.5812133401632309,0.28894842416048044
4879,4.9,147,RIGHT_ANKLE,-0.04255355894565582,-0.5790319889783861,0.3135820701718329
4880,4.9,147,LEFT_HEEL,0.05554039776325226,-0.5858311504125597,0.3042512163519858
4881,4.9,147,RIGHT_HEEL,-0.040092453360557556,-0.5845509022474289,0.32880928367376316
4882,4.9,147,LEFT_FOOT_INDEX,0.07697637379169464,-0.6670521944761276,0.22810754925012575
4883,4.9,147,RIGHT_FOOT_INDEX,-0.03990073502063751,-0.6778967827558517,0.23592925816774354
4884,4.933333333333334,148,NOSE,-0.0021414458751678467,0.07123970985412598,-0.19790724664926532
4885,4.933333333333334,148,LEFT_EYE_INNER,0.006084412336349487,0.09671238064765936,-0.1876840069890023
4886,4.933333333333334,148,LEFT_EYE,0.009932190179824829,0.09726113080978399,-0.18776837736368188
4887,4.933333333333334,148,LEFT_EYE_OUTER,0.01394912600517273,0.09780091047286987,-0.18786597996950158
4888,4.933333333333334,148,RIGHT_EYE_INNER,-0.00784042477607727,0.09674587845802307,-0.18647817522287372
4889,4.933333333333334,148,RIGHT_EYE,-0.012494444847106934,0.09756866097450256,-0.1864422336220742
4890,4.933333333333334,148,RIGHT_EYE_OUTER,-0.016585171222686768,0.09834095835685736,-0.186455674469471
4891,4.933333333333334,148,LEFT_EAR,0.019695371389389038,0.09768059849739075,-0.0797325745224953
4892,4.933333333333334,148,RIGHT_EAR,-0.02180519700050354,0.09868782758712769,-0.0796866938471795
4893,4.933333333333334,148,MOUTH_LEFT,0.006920367479324341,0.05267825722694397,-0.1538764610886574
4894,4.933333333333334,148,MOUTH_RIGHT,-0.010961025953292847,0.05377322435379028,-0.15380362421274188
4895,4.933333333333334,148,LEFT_SHOULDER,0.052712827920913696,0.005309343338012695,-0.020651698112487807
4896,4.933333333333334,148,RIGHT_SHOULDER,-0.05271282792091375,-0.00530934333801264,0.020651698112487793
4897,4.933333333333334,148,LEFT_ELBOW,0.0951557457447052,-0.14772289991378784,-0.1234189048409462
4898,4.933333333333334,148,RIGHT_ELBOW,-0.06753948330879217,-0.1367378830909729,-0.015010848641395597
4899,4.933333333333334,148,LEFT_WRIST,0.04346683621406555,-0.07418957352638245,-0.33409840613603603
4900,4.933333333333334,148,RIGHT_WRIST,-0.06418338418006897,-0.1806676983833313,-0.2040348127484322
4901,4.933333333333334,148,LEFT_PINKY,0.026583343744277954,-0.06418764591217041,-0.3863276317715645
4902,4.933333333333334,148,RIGHT_PINKY,-0.06693875789642334,-0.20802658796310425,-0.2380231097340584
4903,4.933333333333334,148,LEFT_INDEX,0.021876543760299683,-0.03473705053329462,-0.37210462242364895
4904,4.933333333333334,148,RIGHT_INDEX,-0.05982658267021185,-0.1892569661140442,-0.2575855627655984
4905,4.933333333333334,148,LEFT_THUMB,0.02515551447868347,-0.039515137672424316,-0.33072999864816666
4906,4.933333333333334,148,RIGHT_THUMB,-0.05652868747711187,-0.17858052253723145,-0.21552739292383202
4907,4.933333333333334,148,LEFT_HIP,0.044132620096206665,-0.27238595485687256,0.0988641218282282
4908,4.933333333333334,148,RIGHT_HIP,-0.02087131142616272,-0.27322089672088623,0.1053926502354442
4909,4.933333333333334,148,LEFT_KNEE,0.0515609085559845,-0.4612232446670532,0.1135854516178368
4910,4.933333333333334,148,RIGHT_KNEE,-0.025756567716598566,-0.46192896366119385,0.1448881812393664
4911,4.933333333333334,148,LEFT_ANKLE,0.062199562788009644,-0.5812100172042846,0.29462692886590947
4912,4.933333333333334,148,RIGHT_ANKLE,-0.04291054606437683,-0.5785837173461913,0.326877824962139
4913,4.933333333333334,148,LEFT_HEEL,0.05442318320274353,-0.585710883140564,0.3102653995156287
4914,4.933333333333334,148,RIGHT_HEEL,-0.04024615883827215,-0.5850555896759033,0.3425283655524253
4915,4.933333333333334,148,LEFT_FOOT_INDEX,0.07458516955375671,-0.6672974824905396,0.2297704741358756
4916,4.933333333333334,148,RIGHT_FOOT_INDEX,-0.041903764009475764,-0.6805161237716675,0.2471704855561255
4917,4.966666666666667,149,NOSE,-0.0017474442720413208,0.06541809439659124,-0.21632024645805362
4918,4.966666666666667,149,LEFT_EYE_INNER,0.006502136588096619,0.09081137180328375,-0.20617225766181943
4919,4.966666666666667,149,LEFT_EYE,0.010287150740623474,0.09102013707160955,-0.20625805854797366
4920,4.966666666666667,149,LEFT_EYE_OUTER,0.014600500464439392,0.09129554033279424,-0.20638820528984073
4921,4.966666666666667,149,RIGHT_EYE_INNER,-0.007886603474617004,0.09194916486740118,-0.20430430769920352
4922,4.966666666666667,149,RIGHT_EYE,-0.012581482529640198,0.09296050667762756,-0.20426651835441592
4923,4.966666666666667,149,RIGHT_EYE_OUTER,-0.016670837998390198,0.09382101893424988,-0.20426449179649356
4924,4.966666666666667,149,LEFT_EAR,0.02082328498363495,0.09204968810081487,-0.09363846480846405
4925,4.966666666666667,149,RIGHT_EAR,-0.0219841748476029,0.09529870748519897,-0.09012372791767123
4926,4.966666666666667,149,MOUTH_LEFT,0.007110819220542908,0.04568353295326233,-0.16994515061378482
4927,4.966666666666667,149,MOUTH_RIGHT,-0.010612711310386713,0.045953899621963556,-0.16889822483062747
4928,4.966666666666667,149,LEFT_SHOULDER,0.05266188085079193,0.004326611757278442,-0.023100435733795138
4929,4.966666666666667,149,RIGHT_SHOULDER,-0.05266188085079199,-0.004326611757278442,0.023100435733795152
4930,4.966666666666667,149,LEFT_ELBOW,0.09315387904644012,-0.15222671627998352,-0.11351548135280604
4931,4.966666666666667,149,RIGHT_ELBOW,-0.06782706081867218,-0.1357118785381317,0.01802898198366165
4932,4.966666666666667,149,LEFT_WRIST,0.04319511353969574,-0.08513531088829035,-0.31528934836387634
4933,4.966666666666667,149,RIGHT_WRIST,-0.0630326122045517,-0.183123379945755,-0.19161412119865415
4934,4.966666666666667,149,LEFT_PINKY,0.02638225257396698,-0.07660418748855585,-0.36589768528938293
4935,4.966666666666667,149,RIGHT_PINKY,-0.06630058586597448,-0.21218392252922058,-0.20240145921707156
4936,4.966666666666667,149,LEFT_INDEX,0.020935818552970886,-0.04892259836196894,-0.35278815031051636
4937,4.966666666666667,149,RIGHT_INDEX,-0.059487864375114496,-0.19228747487068176,-0.20969113707542422
4938,4.966666666666667,149,LEFT_THUMB,0.024210438132286072,-0.05195063352584833,-0.3122173547744751
4939,4.966666666666667,149,RIGHT_THUMB,-0.05608315765857702,-0.17784246802330017,-0.18484544754028323
4940,4.966666666666667,149,LEFT_HIP,0.04282669723033905,-0.27311232686042786,0.09922352014109495
4941,4.966666666666667,149,RIGHT_HIP,-0.0217677503824234,-0.27255627512931824,0.11101918760687106
4942,4.966666666666667,149,LEFT_KNEE,0.04984937608242035,-0.4600156843662262,0.11297673173248755
4943,4.966666666666667,149,RIGHT_KNEE,-0.02898509800434118,-0.46047523617744446,0.14361934736371035
4944,4.966666666666667,149,LEFT_ANKLE,0.06172989308834076,-0.582597941160202,0.29827511310577387
4945,4.966666666666667,149,RIGHT_ANKLE,-0.03956536948680878,-0.597487062215805,0.3267936408519745
4946,4.966666666666667,149,LEFT_HEEL,0.054302677512168884,-0.5875044167041779,0.31391371786594385
4947,4.966666666666667,149,RIGHT_HEEL,-0.04033459722995758,-0.5813400447368621,0.3425617814064026
4948,4.966666666666667,149,LEFT_FOOT_INDEX,0.07190518081188202,-0.6663330495357513,0.22896280884742726
4949,4.966666666666667,149,RIGHT_FOOT_INDEX,-0.044234707951545715,-0.679460734128952,0.24456596374511716
4950,5.0,150,NOSE,-0.0017033815383911133,0.06400960683822632,-0.23424720019102094
4951,5.0,150,LEFT_EYE_INNER,0.0065691471099853516,0.08887764811515814,-0.22338118404150006
4952,5.0,150,LEFT_EYE,0.010288059711456299,0.08919611573219305,-0.22345083206892016
4953,5.0,150,LEFT_EYE_OUTER,0.014729142189025879,0.08968836069107056,-0.22359975427389148
4954,5.0,150,RIGHT_EYE_INNER,-0.008099973201751709,0.09017747640609741,-0.22173719853162763
4955,5.0,150,RIGHT_EYE,-0.01283800601959234,0.09123089909553533,-0.22167649120092395
4956,5.0,150,RIGHT_EYE_OUTER,-0.016925752162933405,0.09217575192451483,-0.22167053073644635
4957,5.0,150,LEFT_EAR,0.021230757236480713,0.09083917737007141,-0.10376053303480146
4958,5.0,150,RIGHT_EAR,-0.022283673286438044,0.09383255243301392,-0.09991193562746045
4959,5.0,150,MOUTH_LEFT,0.007143855094909668,0.04425415396690374,-0.18466650694608686
4960,5.0,150,MOUTH_RIGHT,-0.010547131299972534,0.04391300678253174,-0.18351253122091296
4961,5.0,150,LEFT_SHOULDER,0.05279242992401123,0.003154546022415161,-0.021722115576267242
4962,5.0,150,RIGHT_SHOULDER,-0.05279242992401123,-0.003154546022415161,0.021722115576267256
4963,5.0,150,LEFT_ELBOW,0.09162116050720215,-0.15517309308052063,-0.11114811152219775
4964,5.0,150,RIGHT_ELBOW,-0.06736552715301514,-0.13567796349525452,0.006899945437908145
4965,5.0,150,LEFT_WRIST,0.042931318283081055,-0.09822222590446467,-0.33096330612897873
4966,5.0,150,RIGHT_WRIST,-0.058280766010284424,-0.18524566292762756,-0.19598724693059924
4967,5.0,150,LEFT_PINKY,0.026102542877197266,-0.09432360529899597,-0.3852560743689537
4968,5.0,150,RIGHT_PINKY,-0.06315958499908453,-0.21467474102973938,-0.23245062679052356
4969,5.0,150,LEFT_INDEX,0.020695924758911133,-0.06485688686370844,-0.37196459621191025
4970,5.0,150,RIGHT_INDEX,-0.05882689356803894,-0.1937527358531952,-0.2526235803961754
4971,5.0,150,LEFT_THUMB,0.023955941200256348,-0.06531366705894465,-0.3283213898539543
4972,5.0,150,RIGHT_THUMB,-0.05352398753166204,-0.17801007628440857,-0.20677750557661054
4973,5.0,150,LEFT_HIP,0.041072964668273926,-0.2714966833591461,0.13206040859222415
4974,5.0,150,RIGHT_HIP,-0.02480107545852661,-0.26835402846336365,0.14711162587627766
4975,5.0,150,LEFT_KNEE,0.047885894775390625,-0.42003294825553894,0.12584690190851694
4976,5.0,150,RIGHT_KNEE,-0.044260710477829035,-0.42971131205558777,0.16082501597702495
4977,5.0,150,LEFT_ANKLE,0.060138702392578125,-0.5802532732486725,0.31459077447652817
4978,5.0,150,RIGHT_ANKLE,-0.04457813501358032,-0.5638404190540315,0.36563094705343246
4979,5.0,150,LEFT_HEEL,0.05340719223022461,-0.5848253071308135,0.32945688813924784
4980,5.0,150,RIGHT_HEEL,-0.042561739683151245,-0.5691383183002471,0.38368698209524144
4981,5.0,150,LEFT_FOOT_INDEX,0.06190383434295654,-0.6610733568668365,0.23386481404304493
4982,5.0,150,RIGHT_FOOT_INDEX,-0.058713495731353815,-0.6507585346698761,0.29006082564592356
4983,5.033333333333333,151,NOSE,-0.000981360673904419,0.06523491442203522,-0.21296144276857384
4984,5.033333333333333,151,LEFT_EYE_INNER,0.007083207368850708,0.08975590765476232,-0.20332444459199914
4985,5.033333333333333,151,LEFT_EYE,0.010816067457199097,0.0901239663362503,-0.20337832719087603
4986,5.033333333333333,151,LEFT_EYE_OUTER,0.015533536672592163,0.0906206220388413,-0.20352003723382953
4987,5.033333333333333,151,RIGHT_EYE_INNER,-0.00777998566627508,0.0910103470087052,-0.20371387153863915
4988,5.033333333333333,151,RIGHT_EYE,-0.012879133224487305,0.09199769794940948,-0.20363817363977435
4989,5.033333333333333,151,RIGHT_EYE_OUTER,-0.017037242650985718,0.09290464222431183,-0.20362199097871783
4990,5.033333333333333,151,LEFT_EAR,0.022155016660690308,0.09132839739322662,-0.09176123887300494
4991,5.033333333333333,151,RIGHT_EAR,-0.022628635168075617,0.09401755034923553,-0.09734968096017846
4992,5.033333333333333,151,MOUTH_LEFT,0.007662862539291382,0.044626787304878235,-0.16617438942193993
4993,5.033333333333333,151,MOUTH_RIGHT,-0.009999990463256891,0.04321004450321203,-0.16760457307100304
4994,5.033333333333333,151,LEFT_SHOULDER,0.05291131138801575,0.0022653192281723022,-0.014947928488254547
4995,5.033333333333333,151,RIGHT_SHOULDER,-0.0529113113880158,-0.0022653192281723022,0.014947928488254547
4996,5.033333333333333,151,LEFT_ELBOW,0.09149125218391418,-0.15295512974262238,-0.11202275007963186
4997,5.033333333333333,151,RIGHT_ELBOW,-0.06699076294898987,-0.13538457453250885,0.0037498846650123596
4998,5.033333333333333,151,LEFT_WRIST,0.04230460524559021,-0.1195483654737472,-0.2994585707783699
4999,5.033333333333333,151,RIGHT_WRIST,-0.05518454313278198,-0.18443913757801056,-0.16918215900659564
5000,5.033333333333333,151,LEFT_PINKY,0.025664955377578735,-0.11898614466190338,-0.34445903450250637
5001,5.033333333333333,151,RIGHT_PINKY,-0.06089353561401367,-0.21385152637958527,-0.20386023074388512
5002,5.033333333333333,151,LEFT_INDEX,0.020345300436019897,-0.0908434242010116,-0.3214941993355751
5003,5.033333333333333,151,RIGHT_INDEX,-0.05421948432922369,-0.1872602254152298,-0.22107160836458215
5004,5.033333333333333,151,LEFT_THUMB,0.023606032133102417,-0.0889493972063064,-0.2902630344033241
5005,5.033333333333333,151,RIGHT_THUMB,-0.049829274415969904,-0.1756581813097,-0.17888296395540246
5006,5.033333333333333,151,LEFT_HIP,0.04058834910392761,-0.26851607859134674,0.12558029778301716
5007,5.033333333333333,151,RIGHT_HIP,-0.025156170129776,-0.2634499818086624,0.14332435093820084
5008,5.033333333333333,151,LEFT_KNEE,0.04855760931968689,-0.42558957636356354,0.12773371394723654
5009,5.033333333333333,151,RIGHT_KNEE,-0.04988497495651251,-0.40997274219989777,0.16526305302977545
5010,5.033333333333333,151,LEFT_ANKLE,0.05827733874320984,-0.5737539082765578,0.3120902106165885
5011,5.033333333333333,151,RIGHT_ANKLE,-0.04555624723434448,-0.5532229095697402,0.37908633798360813
5012,5.033333333333333,151,LEFT_HEEL,0.052523285150527954,-0.5806110054254532,0.3272126242518424
5013,5.033333333333333,151,RIGHT_HEEL,-0.04280981421470642,-0.5603786259889602,0.3987715169787406
5014,5.033333333333333,151,LEFT_FOOT_INDEX,0.06024029850959778,-0.6572298556566238,0.23975078016519535
5015,5.033333333333333,151,RIGHT_FOOT_INDEX,-0.05851992964744568,-0.5972504168748856,0.32273650914430607
5016,5.066666666666666,152,NOSE,0.00013281404972076416,0.0669357180595398,-0.20932660251855845
5017,5.066666666666666,152,LEFT_EYE_INNER,0.007812634110450745,0.09128531813621521,-0.19954133778810496
5018,5.066666666666666,152,LEFT_EYE,0.011739388108253479,0.0916810929775238,-0.19959349185228342
5019,5.066666666666666,152,LEFT_EYE_OUTER,0.01655389368534088,0.09208974242210388,-0.19974557310342783
5020,5.066666666666666,152,RIGHT_EYE_INNER,-0.006820246577262878,0.0924245715141297,-0.20064071565866465
5021,5.066666666666666,152,RIGHT_EYE,-0.01238535344600683,0.09334716200828552,-0.20056656748056412
5022,5.066666666666666,152,RIGHT_EYE_OUTER,-0.016671881079673823,0.0941866934299469,-0.20055488497018814
5023,5.066666666666666,152,LEFT_EAR,0.02317078411579132,0.09255450963973999,-0.08952594548463813
5024,5.066666666666666,152,RIGHT_EAR,-0.0227840393781662,0.09476658701896667,-0.09794168919324875
5025,5.066666666666666,152,MOUTH_LEFT,0.008390143513679504,0.04588967561721802,-0.16303855925798416
5026,5.066666666666666,152,MOUTH_RIGHT,-0.009292885661125239,0.04421457648277288,-0.16526166349649424
5027,5.066666666666666,152,LEFT_SHOULDER,0.05305470526218414,0.0015046298503875732,-0.011416323482990237
5028,5.066666666666666,152,RIGHT_SHOULDER,-0.05305470526218414,-0.0015046298503875177,0.011416323482990265
5029,5.066666666666666,152,LEFT_ELBOW,0.09089048206806183,-0.1528465747833252,-0.06848359853029243
5030,5.066666666666666,152,RIGHT_ELBOW,-0.06634066998958593,-0.13587921857833862,0.004741929471492767
5031,5.066666666666666,152,LEFT_WRIST,0.040635183453559875,-0.1378001570701599,-0.23764009028673172
5032,5.066666666666666,152,RIGHT_WRIST,-0.04964481294155121,-0.1851997971534729,-0.15416712313890452
5033,5.066666666666666,152,LEFT_PINKY,0.0247199684381485,-0.1370105743408203,-0.28456879407167435
5034,5.066666666666666,152,RIGHT_PINKY,-0.05418361723423004,-0.21187841892242432,-0.19009593874216074
5035,5.066666666666666,152,LEFT_INDEX,0.01955874264240265,-0.1141330897808075,-0.27635908871889114
5036,5.066666666666666,152,RIGHT_INDEX,-0.04565472900867462,-0.18421560525894165,-0.20502261072397232
5037,5.066666666666666,152,LEFT_THUMB,0.022897079586982727,-0.11194965243339539,-0.23517981916666025
5038,5.066666666666666,152,RIGHT_THUMB,-0.042257979512214716,-0.17441046237945557,-0.16274977475404734
5039,5.066666666666666,152,LEFT_HIP,0.040150776505470276,-0.265341579914093,0.13511502090841537
5040,5.066666666666666,152,RIGHT_HIP,-0.025713488459587097,-0.2597997784614563,0.15444364957511417
5041,5.066666666666666,152,LEFT_KNEE,0.05354668200016022,-0.41561615467071533,0.12681557424366477
5042,5.066666666666666,152,RIGHT_KNEE,-0.05646799504756933,-0.3886767625808716,0.17381012067198745
5043,5.066666666666666,152,LEFT_ANKLE,0.0569813996553421,-0.5706292390823363,0.3140309974551201
5044,5.066666666666666,152,RIGHT_ANKLE,-0.045752510428428705,-0.5281296372413635,0.39103323966264725
5045,5.066666666666666,152,LEFT_HEEL,0.05163021385669708,-0.5779861211776733,0.33030127733945847
5046,5.066666666666666,152,RIGHT_HEEL,-0.040281400084495544,-0.5502520203590393,0.4122499153017998
5047,5.066666666666666,152,LEFT_FOOT_INDEX,0.060889676213264465,-0.647628128528595,0.25108760595321655
5048,5.066666666666666,152,RIGHT_FOOT_INDEX,-0.06004045903682714,-0.6007986664772035,0.34756094962358475
5049,5.1,153,NOSE,0.00015822052955627441,0.06846758723258972,-0.20255922526121145
5050,5.1,153,LEFT_EYE_INNER,0.007781356573104858,0.09263402223587042,-0.19198449701070786
5051,5.1,153,LEFT_EYE,0.011745244264602661,0.09293845295906072,-0.19204013794660574
5052,5.1,153,LEFT_EYE_OUTER,0.01664254069328308,0.09324458241462713,-0.19217830151319504
5053,5.1,153,RIGHT_EYE_INNER,-0.006744951009750366,0.09375527501106262,-0.19219665974378586
5054,5.1,153,RIGHT_EYE,-0.012383580207824763,0.09464073181152344,-0.19212799519300466
5055,5.1,153,RIGHT_EYE_OUTER,-0.016678124666214045,0.0954446792602539,-0.19212590903043747
5056,5.1,153,LEFT_EAR,0.02359834313392639,0.09353893995285034,-0.08406408876180654
5057,5.1,153,RIGHT_EAR,-0.022918790578842163,0.09556078910827642,-0.08874876052141195
5058,5.1,153,MOUTH_LEFT,0.00839492678642273,0.04753109812736511,-0.15774940699338913
5059,5.1,153,MOUTH_RIGHT,-0.00938519835472107,0.045908957719802856,-0.15893577784299856
5060,5.1,153,LEFT_SHOULDER,0.053265780210494995,0.0008259713649750311,-0.01405145972967145
5061,5.1,153,RIGHT_SHOULDER,-0.05326578021049505,-0.0008259713649749756,0.01405145972967145
5062,5.1,153,LEFT_ELBOW,0.08996734023094177,-0.14925459027290344,-0.04823156446218496
5063,5.1,153,RIGHT_ELBOW,-0.06680825352668768,-0.133071631193161,-0.0051047280430793485
5064,5.1,153,LEFT_WRIST,0.040320366621017456,-0.15570196509361267,-0.20713307708501816
5065,5.1,153,RIGHT_WRIST,-0.050927251577377375,-0.18416854739189148,-0.15932094305753713
5066,5.1,153,LEFT_PINKY,0.024619609117507935,-0.16059765219688416,-0.25221636146306997
5067,5.1,153,RIGHT_PINKY,-0.053708434104919434,-0.20977893471717834,-0.19009076803922653
5068,5.1,153,LEFT_INDEX,0.019213944673538208,-0.1356748640537262,-0.24590968340635305
5069,5.1,153,RIGHT_INDEX,-0.04655286669731146,-0.18400540947914124,-0.20919435471296316
5070,5.1,153,LEFT_THUMB,0.0227183997631073,-0.13251683115959167,-0.20561968535184866
5071,5.1,153,RIGHT_THUMB,-0.04163092374801636,-0.17407795786857605,-0.16586627811193466
5072,5.1,153,LEFT_HIP,0.0388849675655365,-0.26021990180015564,0.11983395926654335
5073,5.1,153,RIGHT_HIP,-0.027150839567184448,-0.25556275248527527,0.14464797079563135
5074,5.1,153,LEFT_KNEE,0.05363848805427551,-0.40071502327919006,0.09474789723753924
5075,5.1,153,RIGHT_KNEE,-0.06561884284019476,-0.36491331458091736,0.11158952489495275
5076,5.1,153,LEFT_ANKLE,0.054689615964889526,-0.5611251294612883,0.29262923449277867
5077,5.1,153,RIGHT_ANKLE,-0.046115756034851074,-0.4919680655002594,0.36193446069955815
5078,5.1,153,LEFT_HEEL,0.04497227072715759,-0.5703327357769011,0.31042223423719395
5079,5.1,153,RIGHT_HEEL,-0.03877103328704834,-0.5052937567234039,0.39350957423448557
5080,5.1,153,LEFT_FOOT_INDEX,0.051868945360183716,-0.6287097036838531,0.23944261670112604
5081,5.1,153,RIGHT_FOOT_INDEX,-0.06054922938346868,-0.5697055160999298,0.3184644356369971
5082,5.133333333333334,154,NOSE,0.0005290806293487549,0.06897288560867315,-0.20156700164079666
5083,5.133333333333334,154,LEFT_EYE_INNER,0.00788143277168274,0.09308168292045593,-0.19103116542100906
5084,5.133333333333334,154,LEFT_EYE,0.011843830347061157,0.09336742758750921,-0.19108081609010696
5085,5.133333333333334,154,LEFT_EYE_OUTER,0.016749411821365356,0.09364223480224615,-0.19120652228593826
5086,5.133333333333334,154,RIGHT_EYE_INNER,-0.00624731183052063,0.09416735172271734,-0.19096992164850235
5087,5.133333333333334,154,RIGHT_EYE,-0.011985063552856445,0.09503334760665894,-0.19090078026056295
5088,5.133333333333334,154,RIGHT_EYE_OUTER,-0.016312152147293146,0.09580883383750921,-0.19089577347040176
5089,5.133333333333334,154,LEFT_EAR,0.023741990327835083,0.09399276971817022,-0.08324440568685534
5090,5.133333333333334,154,RIGHT_EAR,-0.022778540849685724,0.0958709716796875,-0.08686114102602005
5091,5.133333333333334,154,MOUTH_LEFT,0.00853690505027771,0.04832327365875244,-0.15687937289476395
5092,5.133333333333334,154,MOUTH_RIGHT,-0.009054362773895264,0.046692997217178345,-0.15776769071817404
5093,5.133333333333334,154,LEFT_SHOULDER,0.053333431482315063,9.089708328252621e-05,-0.01355741173028946
5094,5.133333333333334,154,RIGHT_SHOULDER,-0.053333431482315063,-9.08970832824707e-05,0.013557411730289445
5095,5.133333333333334,154,LEFT_ELBOW,0.08852848410606384,-0.14707225561141968,-0.026662804186344147
5096,5.133333333333334,154,RIGHT_ELBOW,-0.06882351636886602,-0.13004672527313232,0.0005946531891822537
5097,5.133333333333334,154,LEFT_WRIST,0.04024723172187805,-0.16938263177871704,-0.17170483618974686
5098,5.133333333333334,154,RIGHT_WRIST,-0.05217036604881292,-0.18334215879440308,-0.15559957176446915
5099,5.133333333333334,154,LEFT_PINKY,0.026671379804611206,-0.17989784479141235,-0.21547511965036392
5100,5.133333333333334,154,RIGHT_PINKY,-0.05442127585411072,-0.20915156602859497,-0.19103021174669266
5101,5.133333333333334,154,LEFT_INDEX,0.02108648419380188,-0.15520745515823364,-0.21433753520250326
5102,5.133333333333334,154,RIGHT_INDEX,-0.047388255596160944,-0.18391495943069458,-0.21157173067331314
5103,5.133333333333334,154,LEFT_THUMB,0.023746520280838013,-0.15153998136520386,-0.17232523113489157
5104,5.133333333333334,154,RIGHT_THUMB,-0.04213494062423706,-0.17401742935180664,-0.16238481551408773
5105,5.133333333333334,154,LEFT_HIP,0.03685811161994934,-0.25776803493499756,0.11295787524431945
5106,5.133333333333334,154,RIGHT_HIP,-0.02913442254066473,-0.25305092334747314,0.13922979496419416
5107,5.133333333333334,154,LEFT_KNEE,0.048006027936935425,-0.4094308018684387,0.08676778525114055
5108,5.133333333333334,154,RIGHT_KNEE,-0.06849426031112676,-0.3757263422012329,0.12054743478074666
5109,5.133333333333334,154,LEFT_ANKLE,0.04939541220664978,-0.562865138053894,0.26888244599103917
5110,5.133333333333334,154,RIGHT_ANKLE,-0.051332265138626154,-0.5127587914466858,0.3527271673083304
5111,5.133333333333334,154,LEFT_HEEL,0.041555553674697876,-0.5706605315208435,0.28453689068555826
5112,5.133333333333334,154,RIGHT_HEEL,-0.041451483964920044,-0.5259410738945008,0.37740033119916905
5113,5.133333333333334,154,LEFT_FOOT_INDEX,0.04586270451545715,-0.6327799558639526,0.20467327535152424
5114,5.133333333333334,154,RIGHT_FOOT_INDEX,-0.06638363003730774,-0.5928314924240112,0.30795099586248387
5115,5.166666666666667,155,NOSE,0.0011526048183441162,0.06945623457431799,-0.20410613343119627
5116,5.166666666666667,155,LEFT_EYE_INNER,0.00832793116569519,0.09328655898571014,-0.19383497163653374
5117,5.166666666666667,155,LEFT_EYE,0.012408941984176636,0.09344108402729034,-0.19385180994868284
5118,5.166666666666667,155,LEFT_EYE_OUTER,0.01726803183555603,0.09352324903011328,-0.19392890855669975
5119,5.166666666666667,155,RIGHT_EYE_INNER,-0.005591303110122681,0.09444142878055578,-0.19377620145678526
5120,5.166666666666667,155,RIGHT_EYE,-0.011371314525604248,0.09528158605098724,-0.19373263046145445
5121,5.166666666666667,155,RIGHT_EYE_OUTER,-0.01574227213859558,0.09605048596858978,-0.19371057674288755
5122,5.166666666666667,155,LEFT_EAR,0.024075418710708618,0.09331010282039648,-0.08265626057982445
5123,5.166666666666667,155,RIGHT_EAR,-0.02244085073471075,0.09606550633907318,-0.08751535043120384
5124,5.166666666666667,155,MOUTH_LEFT,0.00895199179649353,0.04840110242366796,-0.15824783965945244
5125,5.166666666666667,155,MOUTH_RIGHT,-0.008497387170791626,0.04730425775051117,-0.15938387438654905
5126,5.166666666666667,155,LEFT_SHOULDER,0.05331560969352722,-0.0006879717111587524,-0.006508890539407758
5127,5.166666666666667,155,RIGHT_SHOULDER,-0.05331560969352728,0.0006879717111587524,0.006508890539407744
5128,5.166666666666667,155,LEFT_ELBOW,0.08671262860298157,-0.14545731246471405,-0.002740804105997058
5129,5.166666666666667,155,RIGHT_ELBOW,-0.07108756899833685,-0.12642954289913177,-0.012628037482500049
5130,5.166666666666667,155,LEFT_WRIST,0.04428800940513611,-0.18097136914730072,-0.14512325450778013
5131,5.166666666666667,155,RIGHT_WRIST,-0.05409362912178045,-0.18072526156902313,-0.18807153031229973
5132,5.166666666666667,155,LEFT_PINKY,0.03136143088340759,-0.20051513612270355,-0.19006974622607237
5133,5.166666666666667,155,RIGHT_PINKY,-0.05525597929954529,-0.20776550471782684,-0.23044056817889214
5134,5.166666666666667,155,LEFT_INDEX,0.026548177003860474,-0.17307405173778534,-0.19743115827441216
5135,5.166666666666667,155,RIGHT_INDEX,-0.047601908445358276,-0.1838763803243637,-0.24685065075755125
5136,5.166666666666667,155,LEFT_THUMB,0.028846651315689087,-0.16602115333080292,-0.14922402426600456
5137,5.166666666666667,155,RIGHT_THUMB,-0.043690055608749445,-0.17386524379253387,-0.19729129597544676
5138,5.166666666666667,155,LEFT_HIP,0.035144656896591187,-0.2569340914487839,0.10149958450347185
5139,5.166666666666667,155,RIGHT_HIP,-0.029587060213089045,-0.2531045526266098,0.12112556397914875
5140,5.166666666666667,155,LEFT_KNEE,0.04032525420188904,-0.4102107733488083,0.08295556344091895
5141,5.166666666666667,155,RIGHT_KNEE,-0.06240138411521917,-0.385207936167717,0.12489043362438665
5142,5.166666666666667,155,LEFT_ANKLE,0.049758464097976685,-0.5624687522649766,0.26138794794678677
5143,5.166666666666667,155,RIGHT_ANKLE,-0.05097067356109625,-0.528967246413231,0.3520452417433261
5144,5.166666666666667,155,LEFT_HEEL,0.04035577178001404,-0.5694811195135117,0.27502052858471865
5145,5.166666666666667,155,RIGHT_HEEL,-0.04196512699127197,-0.537594422698021,0.37306921556591977
5146,5.166666666666667,155,LEFT_FOOT_INDEX,0.04695102572441101,-0.6367627829313278,0.20253247395157803
5147,5.166666666666667,155,RIGHT_FOOT_INDEX,-0.06392773985862737,-0.6047374457120894,0.28847648575901974
5148,5.2,156,NOSE,0.0025263577699661255,0.06917446851730352,-0.2166147381067276
5149,5.2,156,LEFT_EYE_INNER,0.009117737412452698,0.09276178479194641,-0.20588408410549158
5150,5.2,156,LEFT_EYE,0.01359511911869049,0.09277302026748663,-0.20590300858020782
5151,5.2,156,LEFT_EYE_OUTER,0.018111124634742737,0.0926174521446228,-0.2059788852930069
5152,5.2,156,RIGHT_EYE_INNER,-0.004288956522941589,0.0942214727401734,-0.20575343072414398
5153,5.2,156,RIGHT_EYE,-0.00979684293270111,0.09510496258735662,-0.20572705566883082
5154,5.2,156,RIGHT_EYE_OUTER,-0.014567241072654724,0.09588706493377691,-0.2057153731584549
5155,5.2,156,LEFT_EAR,0.024762824177742004,0.0923602283000946,-0.0893291682004928
5156,5.2,156,RIGHT_EAR,-0.021897807717323303,0.095791757106781,-0.0936690419912338
5157,5.2,156,MOUTH_LEFT,0.00957585871219635,0.047834753990173395,-0.16853837668895721
5158,5.2,156,MOUTH_RIGHT,-0.007341727614402771,0.04724776744842529,-0.16953380405902863
5159,5.2,156,LEFT_SHOULDER,0.053245797753334045,-0.0013520121574401855,-0.00628325343132019
5160,5.2,156,RIGHT_SHOULDER,-0.0532457977533341,0.0013520121574401855,0.006283253431320204
5161,5.2,156,LEFT_ELBOW,0.08591391146183014,-0.1448761522769928,-0.007408380508422796
5162,5.2,156,RIGHT_ELBOW,-0.07188566029071813,-0.12203490734100336,-0.017794951796531594
5163,5.2,156,LEFT_WRIST,0.04560895264148712,-0.18542072176933289,-0.15930990874767298
5164,5.2,156,RIGHT_WRIST,-0.0584726482629776,-0.17732730507850647,-0.20994766056537628
5165,5.2,156,LEFT_PINKY,0.03431524336338043,-0.20550134778022766,-0.20677371323108668
5166,5.2,156,RIGHT_PINKY,-0.058862850069999695,-0.20630773901939392,-0.2560147792100906
5167,5.2,156,LEFT_INDEX,0.029658332467079163,-0.17844685912132263,-0.2165742963552475
5168,5.2,156,RIGHT_INDEX,-0.051176175475120544,-0.1844126284122467,-0.27554459869861603
5169,5.2,156,LEFT_THUMB,0.03130604326725006,-0.1715354025363922,-0.1648558527231216
5170,5.2,156,RIGHT_THUMB,-0.047861650586128235,-0.17428961396217346,-0.2214201837778091
5171,5.2,156,LEFT_HIP,0.034192219376564026,-0.2533515989780426,0.1127169849351049
5172,5.2,156,RIGHT_HIP,-0.0302488654851914,-0.24971255660057068,0.1294496515765786
5173,5.2,156,LEFT_KNEE,0.036774054169654846,-0.4110409915447235,0.1009823102504015
5174,5.2,156,RIGHT_KNEE,-0.059573248028755243,-0.3895317018032074,0.1347434325143694
5175,5.2,156,LEFT_ANKLE,0.045617952942848206,-0.5561281144618989,0.3002675026655197
5176,5.2,156,RIGHT_ANKLE,-0.050918653607368525,-0.5326242148876189,0.3765591233968735
5177,5.2,156,LEFT_HEEL,0.0380338579416275,-0.5642834603786469,0.316226378083229
5178,5.2,156,RIGHT_HEEL,-0.04227949678897863,-0.5427729189395905,0.3985938876867294
5179,5.2,156,LEFT_FOOT_INDEX,0.04439564049243927,-0.6295051276683807,0.2283775061368942
5180,5.2,156,RIGHT_FOOT_INDEX,-0.06336234509944921,-0.6105538308620453,0.3094915300607681
5181,5.233333333333333,157,NOSE,0.0026231110095977783,0.0664714127779007,-0.2098916321992874
5182,5.233333333333333,157,LEFT_EYE_INNER,0.009269028902053833,0.08996628224849701,-0.20010305941104892
5183,5.233333333333333,157,LEFT_EYE,0.01377609372138977,0.08965824544429779,-0.200127586722374
5184,5.233333333333333,157,LEFT_EYE_OUTER,0.018272608518600464,0.08926959335803991,-0.20021043717861178
5185,5.233333333333333,157,RIGHT_EYE_INNER,-0.004067271947860718,0.09250937402248383,-0.1996388882398605
5186,5.233333333333333,157,RIGHT_EYE,-0.009583413600921686,0.09362863004207611,-0.19960568845272061
5187,5.233333333333333,157,RIGHT_EYE_OUTER,-0.01434740424156189,0.0945501476526261,-0.19959853589534762
5188,5.233333333333333,157,LEFT_EAR,0.024949342012405396,0.0901724249124527,-0.0884946286678314
5189,5.233333333333333,157,RIGHT_EAR,-0.021390676498413086,0.0951157659292221,-0.090918019413948
5190,5.233333333333333,157,MOUTH_LEFT,0.009617477655410767,0.04542060196399689,-0.1634171158075333
5191,5.233333333333333,157,MOUTH_RIGHT,-0.007282167673110962,0.045187935233116205,-0.16407071053981778
5192,5.233333333333333,157,LEFT_SHOULDER,0.053174346685409546,-0.002021387219429016,-0.0073837339878082
5193,5.233333333333333,157,RIGHT_SHOULDER,-0.0531743466854096,0.002021387219429016,0.0073837339878082
5194,5.233333333333333,157,LEFT_ELBOW,0.08497431874275208,-0.14458702504634857,-0.0009133890271187106
5195,5.233333333333333,157,RIGHT_ELBOW,-0.07266929745674139,-0.12026102840900421,-0.01647074520587921
5196,5.233333333333333,157,LEFT_WRIST,0.046592503786087036,-0.18933849036693573,-0.13706730306148532
5197,5.233333333333333,157,RIGHT_WRIST,-0.0611699521541596,-0.17385946214199066,-0.20063687860965732
5198,5.233333333333333,157,LEFT_PINKY,0.035316258668899536,-0.21127097308635712,-0.1814175993204117
5199,5.233333333333333,157,RIGHT_PINKY,-0.060551166534423884,-0.2043626755475998,-0.2447741776704788
5200,5.233333333333333,157,LEFT_INDEX,0.030533939599990845,-0.18581591546535492,-0.19200111925601962
5201,5.233333333333333,157,RIGHT_INDEX,-0.05271443724632269,-0.18432669341564178,-0.26228223741054535
5202,5.233333333333333,157,LEFT_THUMB,0.03210142254829407,-0.17867420613765717,-0.142167791724205
5203,5.233333333333333,157,RIGHT_THUMB,-0.049861460924148615,-0.17392931878566742,-0.21107010543346402
5204,5.233333333333333,157,LEFT_HIP,0.03316226601600647,-0.2530171126127243,0.1136370729655028
5205,5.233333333333333,157,RIGHT_HIP,-0.031101137399673462,-0.2499513477087021,0.1300409445539116
5206,5.233333333333333,157,LEFT_KNEE,0.034055501222610474,-0.4142758697271347,0.12149292955291459
5207,5.233333333333333,157,RIGHT_KNEE,-0.05977335572242737,-0.390925332903862,0.1551486440002918
5208,5.233333333333333,157,LEFT_ANKLE,0.043403416872024536,-0.5584374517202376,0.3062866777181625
5209,5.233333333333333,157,RIGHT_ANKLE,-0.0508792400360108,-0.534128412604332,0.39219219982624054
5210,5.233333333333333,157,LEFT_HEEL,0.03638902306556702,-0.5662280768156052,0.3215536624193191
5211,5.233333333333333,157,RIGHT_HEEL,-0.042497813701629694,-0.541269823908806,0.41419459879398335
5212,5.233333333333333,157,LEFT_FOOT_INDEX,0.041639238595962524,-0.6341184228658676,0.233907975256443
5213,5.233333333333333,157,RIGHT_FOOT_INDEX,-0.06443923711776739,-0.6103781908750534,0.33345960080623616
5214,5.266666666666667,158,NOSE,0.002386227250099182,0.06567251682281489,-0.20437377318739894
5215,5.266666666666667,158,LEFT_EYE_INNER,0.009214416146278381,0.08892521262168879,-0.19859921559691437
5216,5.266666666666667,158,LEFT_EYE,0.013802900910377502,0.08852565288543696,-0.19859382137656215
5217,5.266666666666667,158,LEFT_EYE_OUTER,0.018324092030525208,0.0880389511585235,-0.19863471016287806
5218,5.266666666666667,158,RIGHT_EYE_INNER,-0.004068061709403992,0.09168937802314758,-0.19578796252608308
5219,5.266666666666667,158,RIGHT_EYE,-0.009512826800346375,0.0928629040718078,-0.19577243551611903
5220,5.266666666666667,158,RIGHT_EYE_OUTER,-0.014224156737327631,0.09385034441947937,-0.19577598199248317
5221,5.266666666666667,158,LEFT_EAR,0.025272980332374573,0.0890485942363739,-0.08478286489844325
5222,5.266666666666667,158,RIGHT_EAR,-0.020894244313240107,0.09463080763816828,-0.08795731887221345
5223,5.266666666666667,158,MOUTH_LEFT,0.009425893425941467,0.04471656680107117,-0.16192221269011506
5224,5.266666666666667,158,MOUTH_RIGHT,-0.007466301321983337,0.04475522041320801,-0.15987667068839076
5225,5.266666666666667,158,LEFT_SHOULDER,0.05324859917163849,-0.002680480480194092,-0.009813468903303146
5226,5.266666666666667,158,RIGHT_SHOULDER,-0.05324859917163849,0.002680480480194092,0.009813468903303146
5227,5.266666666666667,158,LEFT_ELBOW,0.08358670771121979,-0.14280804991722112,-0.01211705431342125
5228,5.266666666666667,158,RIGHT_ELBOW,-0.07361112534999853,-0.12023681402206421,-0.014289405196905164
5229,5.266666666666667,158,LEFT_WRIST,0.046599581837654114,-0.19417122006416326,-0.15216847881674775
5230,5.266666666666667,158,RIGHT_WRIST,-0.061468735337257385,-0.17436584830284124,-0.18914872035384186
5231,5.266666666666667,158,LEFT_PINKY,0.03560788929462433,-0.2185868918895722,-0.19621139392256745
5232,5.266666666666667,158,RIGHT_PINKY,-0.06079979240894323,-0.20482060313224798,-0.23124184831976893
5233,5.266666666666667,158,LEFT_INDEX,0.030298665165901184,-0.19406393170356756,-0.20394885167479523
5234,5.266666666666667,158,RIGHT_INDEX,-0.0525694340467453,-0.18502518534660345,-0.24702322110533723
5235,5.266666666666667,158,LEFT_THUMB,0.03183026611804962,-0.1860990226268769,-0.15632307156920436
5236,5.266666666666667,158,RIGHT_THUMB,-0.05010862648487091,-0.1745865643024445,-0.19870161637663844
5237,5.266666666666667,158,LEFT_HIP,0.03159083425998688,-0.25261846184730535,0.11484190262854095
5238,5.266666666666667,158,RIGHT_HIP,-0.03323863446712494,-0.24781045317649847,0.13128435704857094
5239,5.266666666666667,158,LEFT_KNEE,0.0351075679063797,-0.411279171705246,0.09892029687762255
5240,5.266666666666667,158,RIGHT_KNEE,-0.06565399467945099,-0.3702159225940705,0.07850027456879614
5241,5.266666666666667,158,LEFT_ANKLE,0.04417850077152252,-0.5602304637432101,0.25936872139573086
5242,5.266666666666667,158,RIGHT_ANKLE,-0.053643807768821716,-0.5119978487491608,0.30078648403286923
5243,5.266666666666667,158,LEFT_HEEL,0.03509493172168732,-0.5675180852413177,0.27201775088906277
5244,5.266666666666667,158,RIGHT_HEEL,-0.042764559388160706,-0.5294897258281708,0.32193971052765835
5245,5.266666666666667,158,LEFT_FOOT_INDEX,0.041694894433021545,-0.6363933980464935,0.19045803323388083
5246,5.266666666666667,158,RIGHT_FOOT_INDEX,-0.0657294243574143,-0.5895634591579437,0.25235781446099265
5247,5.3,159,NOSE,0.002122431993484497,0.06611301004886627,-0.20505550131201739
5248,5.3,159,LEFT_EYE_INNER,0.009105592966079712,0.08935464918613428,-0.19766145572066307
5249,5.3,159,LEFT_EYE,0.013741642236709595,0.08899502456188196,-0.19765597209334368
5250,5.3,159,LEFT_EYE_OUTER,0.018327146768569946,0.0885267704725265,-0.1976984106004238
5251,5.3,159,RIGHT_EYE_INNER,-0.004155606031417847,0.0919855386018753,-0.19520803913474077
5252,5.3,159,RIGHT_EYE,-0.00952860713005066,0.09312890470027918,-0.19518747553229332
5253,5.3,159,RIGHT_EYE_OUTER,-0.014120429754257258,0.09410972893238068,-0.1951905451714992
5254,5.3,159,LEFT_EAR,0.02559491991996765,0.08928139507770538,-0.0852054916322231
5255,5.3,159,RIGHT_EAR,-0.020523101091384888,0.09481735527515406,-0.08383606001734731
5256,5.3,159,MOUTH_LEFT,0.009277313947677612,0.04507105052471155,-0.16039901599287987
5257,5.3,159,MOUTH_RIGHT,-0.0076954662799835205,0.045108005404472296,-0.1586914025247097
5258,5.3,159,LEFT_SHOULDER,0.05345800518989563,-0.0029420405626296997,0.0003637857735157013
5259,5.3,159,RIGHT_SHOULDER,-0.053458005189895685,0.0029420405626296997,-0.0003637857735157013
5260,5.3,159,LEFT_ELBOW,0.08252081274986267,-0.14233754575252539,0.01392923668026931
5261,5.3,159,RIGHT_ELBOW,-0.07467058300971985,-0.12067718803882604,-0.041592713445425006
5262,5.3,159,LEFT_WRIST,0.04690936207771301,-0.1933386772871018,-0.11829183623194689
5263,5.3,159,RIGHT_WRIST,-0.06331881880760198,-0.1720301359891892,-0.24266290292143822
5264,5.3,159,LEFT_PINKY,0.036284178495407104,-0.2174417227506638,-0.1604828499257564
5265,5.3,159,RIGHT_PINKY,-0.06121653318405157,-0.20259039103984838,-0.2902044616639614
5266,5.3,159,LEFT_INDEX,0.031260281801223755,-0.1923650354146958,-0.1725834272801876
5267,5.3,159,RIGHT_INDEX,-0.05295604467391968,-0.1828234642744065,-0.3054189942777157
5268,5.3,159,LEFT_THUMB,0.03264614939689636,-0.18391393125057226,-0.12384822592139239
5269,5.3,159,RIGHT_THUMB,-0.05110320448875427,-0.1720952838659287,-0.2525752745568752
5270,5.3,159,LEFT_HIP,0.02932146191596985,-0.2548540681600571,0.1126289080129936
5271,5.3,159,RIGHT_HIP,-0.036291629076004084,-0.24828909337520605,0.1117893016780727
5272,5.3,159,LEFT_KNEE,0.03435012698173523,-0.41561822593212133,0.1261909641325473
5273,5.3,159,RIGHT_KNEE,-0.06455597281455999,-0.3902570456266404,0.1393969692289829
5274,5.3,159,LEFT_ANKLE,0.044518083333969116,-0.5602564662694931,0.33636334910988797
5275,5.3,159,RIGHT_ANKLE,-0.053597778081893976,-0.5287372320890427,0.3896220959722995
5276,5.3,159,LEFT_HEEL,0.035162538290023804,-0.567915603518486,0.35490407422184944
5277,5.3,159,RIGHT_HEEL,-0.04697898030281067,-0.5326886624097824,0.4132805205881595
5278,5.3,159,LEFT_FOOT_INDEX,0.04215392470359802,-0.6395729631185532,0.2709082700312137
5279,5.3,159,RIGHT_FOOT_INDEX,-0.06649202108383179,-0.6111909598112106,0.3274019099771976
5280,5.333333333333333,160,NOSE,0.0022038519382476807,0.06650160253047949,-0.21057460829615587
5281,5.333333333333333,160,LEFT_EYE_INNER,0.009185820817947388,0.08977948129177099,-0.2021187357604503
5282,5.333333333333333,160,LEFT_EYE,0.01396062970161438,0.08944027125835419,-0.2021162323653698
5283,5.333333333333333,160,LEFT_EYE_OUTER,0.018437713384628296,0.08900739252567297,-0.20216510817408562
5284,5.333333333333333,160,RIGHT_EYE_INNER,-0.0038999617099761963,0.09230504930019379,-0.19989008828997612
5285,5.333333333333333,160,RIGHT_EYE,-0.009066492319107056,0.09338204562664038,-0.19986889883875847
5286,5.333333333333333,160,RIGHT_EYE_OUTER,-0.013704150915145874,0.09431888163089758,-0.1998734287917614
5287,5.333333333333333,160,LEFT_EAR,0.02577999234199524,0.08955194056034088,-0.08593709394335738
5288,5.333333333333333,160,RIGHT_EAR,-0.020259886980056763,0.09516777098178869,-0.08529121801257131
5289,5.333333333333333,160,MOUTH_LEFT,0.00930669903755188,0.045591190457344055,-0.1650585643947124
5290,5.333333333333333,160,MOUTH_RIGHT,-0.007640272378921509,0.04545615613460541,-0.1635422520339489
5291,5.333333333333333,160,LEFT_SHOULDER,0.053925782442092896,-0.003136619925498907,-0.006341334432363496
5292,5.333333333333333,160,RIGHT_SHOULDER,-0.053925782442092896,0.0031366199254989624,0.00634133443236351
5293,5.333333333333333,160,LEFT_ELBOW,0.0807889997959137,-0.14444197714328766,-0.01406814530491829
5294,5.333333333333333,160,RIGHT_ELBOW,-0.0759330689907074,-0.12065540254116053,-0.038482721894979394
5295,5.333333333333333,160,LEFT_WRIST,0.04636421799659729,-0.2000010758638382,-0.17944450303912157
5296,5.333333333333333,160,RIGHT_WRIST,-0.06520822644233709,-0.17017270624637604,-0.2516600303351879
5297,5.333333333333333,160,LEFT_PINKY,0.036248594522476196,-0.2243875414133072,-0.2333839051425457
5298,5.333333333333333,160,RIGHT_PINKY,-0.061841726303100586,-0.19970561563968658,-0.3017751686275005
5299,5.333333333333333,160,LEFT_INDEX,0.03156962990760803,-0.19995595514774323,-0.2513348869979381
5300,5.333333333333333,160,RIGHT_INDEX,-0.053626447916030884,-0.18128706514835358,-0.31727860495448107
5301,5.333333333333333,160,LEFT_THUMB,0.03277173638343811,-0.19159014523029327,-0.1913186721503734
5302,5.333333333333333,160,RIGHT_THUMB,-0.05208984017372137,-0.17035473883152008,-0.2619439177215099
5303,5.333333333333333,160,LEFT_HIP,0.028649479150772095,-0.2564813643693924,0.1058821053011343
5304,5.333333333333333,160,RIGHT_HIP,-0.036728560924530085,-0.2484498769044876,0.109165153116919
5305,5.333333333333333,160,LEFT_KNEE,0.034543901681900024,-0.41665323078632355,0.0637068822979927
5306,5.333333333333333,160,RIGHT_KNEE,-0.06909886002540588,-0.3904152065515518,0.0330027826130391
5307,5.333333333333333,160,LEFT_ANKLE,0.044168680906295776,-0.5665311366319656,0.2741868235170841
5308,5.333333333333333,160,RIGHT_ANKLE,-0.05759468674659729,-0.5373944789171218,0.2679680474102497
5309,5.333333333333333,160,LEFT_HEEL,0.03515651822090149,-0.5708543807268143,0.2911383993923664
5310,5.333333333333333,160,RIGHT_HEEL,-0.0475422739982605,-0.5451654344797134,0.289154727011919
5311,5.333333333333333,160,LEFT_FOOT_INDEX,0.041337937116622925,-0.6422252207994463,0.1931035108864307
5312,5.333333333333333,160,RIGHT_FOOT_INDEX,-0.06800141930580139,-0.6175498515367508,0.19152707234025002
5313,5.366666666666666,161,NOSE,0.0026299655437469482,0.06653317809104925,-0.2274117730557919
5314,5.366666666666666,161,LEFT_EYE_INNER,0.009617537260055542,0.08983248472213745,-0.21555077657103544
5315,5.366666666666666,161,LEFT_EYE,0.014478415250778198,0.08951842784881592,-0.21558886393904692
5316,5.366666666666666,161,LEFT_EYE_OUTER,0.018907517194747925,0.08911320567131042,-0.2156729362905026
5317,5.366666666666666,161,RIGHT_EYE_INNER,-0.003411799669265747,0.09223818778991705,-0.2146833799779415
5318,5.366666666666666,161,RIGHT_EYE,-0.008444100618362427,0.09348651766777044,-0.2146858535706997
5319,5.366666666666666,161,RIGHT_EYE_OUTER,-0.013026922941207886,0.09455078840255743,-0.21470021829009062
5320,5.366666666666666,161,LEFT_EAR,0.02637907862663269,0.08947399258613592,-0.0931094698607922
5321,5.366666666666666,161,RIGHT_EAR,-0.019807338714599665,0.09546196460723883,-0.093761783093214
5322,5.366666666666666,161,MOUTH_LEFT,0.00969359278678894,0.04569926857948303,-0.17757808789610863
5323,5.366666666666666,161,MOUTH_RIGHT,-0.007262915372848511,0.04541510343551636,-0.1775025986135006
5324,5.366666666666666,161,LEFT_SHOULDER,0.05421087145805359,-0.0032294988632201593,-0.007952172309160205
5325,5.366666666666666,161,RIGHT_SHOULDER,-0.054210871458053644,0.003229498863220215,0.007952172309160205
5326,5.366666666666666,161,LEFT_ELBOW,0.0797712504863739,-0.14419323205947876,-0.019145097583532292
5327,5.366666666666666,161,RIGHT_ELBOW,-0.07764625549316406,-0.12291783094406128,-0.0335700921714306
5328,5.366666666666666,161,LEFT_WRIST,0.045887500047683716,-0.20279419422149658,-0.1861563883721829
5329,5.366666666666666,161,RIGHT_WRIST,-0.06349739432334905,-0.1707046627998352,-0.23988782986998564
5330,5.366666666666666,161,LEFT_PINKY,0.03563609719276428,-0.22590434551239014,-0.2402519248425961
5331,5.366666666666666,161,RIGHT_PINKY,-0.05668625235557556,-0.20010900497436523,-0.28860625252127653
5332,5.366666666666666,161,LEFT_INDEX,0.031468600034713745,-0.19926834106445312,-0.2557386122643948
5333,5.366666666666666,161,RIGHT_INDEX,-0.04780617356300354,-0.1812722086906433,-0.3017354868352413
5334,5.366666666666666,161,LEFT_THUMB,0.03263470530509949,-0.19164544343948364,-0.19733929261565214
5335,5.366666666666666,161,RIGHT_THUMB,-0.047633618116378784,-0.17065662145614624,-0.24857279285788542
5336,5.366666666666666,161,LEFT_HIP,0.02865031361579895,-0.2574848532676697,0.1060362216085196
5337,5.366666666666666,161,RIGHT_HIP,-0.036690145730972346,-0.2502906918525696,0.1152423694729804
5338,5.366666666666666,161,LEFT_KNEE,0.035417526960372925,-0.42277705669403076,0.0584681555628777
5339,5.366666666666666,161,RIGHT_KNEE,-0.06959277391433716,-0.3953636884689331,0.0470744259655476
5340,5.366666666666666,161,LEFT_ANKLE,0.04608675837516785,-0.5710897445678711,0.2771099247038364
5341,5.366666666666666,161,RIGHT_ANKLE,-0.05777031183242798,-0.5461298227310181,0.2864094115793704
5342,5.366666666666666,161,LEFT_HEEL,0.03505238890647888,-0.573765456676483,0.2946670688688754
5343,5.366666666666666,161,RIGHT_HEEL,-0.047908455133438166,-0.5538507699966431,0.3083685673773288
5344,5.366666666666666,161,LEFT_FOOT_INDEX,0.04124286770820618,-0.6481170654296875,0.19981632754206652
5345,5.366666666666666,161,RIGHT_FOOT_INDEX,-0.06785747408866888,-0.6267412900924683,0.2155155800282954
5346,5.4,162,NOSE,0.002486184239387512,0.06724724173545843,-0.22267863154411316
5347,5.4,162,LEFT_EYE_INNER,0.009551241993904114,0.09036970138549805,-0.2113089561462403
5348,5.4,162,LEFT_EYE,0.014334633946418762,0.09011951088905334,-0.21134728193283087
5349,5.4,162,LEFT_EYE_OUTER,0.018791809678077698,0.08973681926727295,-0.21143022179603577
5350,5.4,162,RIGHT_EYE_INNER,-0.003392323851585388,0.09288701415061956,-0.210497796535492
5351,5.4,162,RIGHT_EYE,-0.008330926299095154,0.09426826238632202,-0.2104929685592652
5352,5.4,162,RIGHT_EYE_OUTER,-0.012804910540580805,0.09533002972602844,-0.2105067372322083
5353,5.4,162,LEFT_EAR,0.026346459984779358,0.08991387486457825,-0.0924138128757477
5354,5.4,162,RIGHT_EAR,-0.01918579638004303,0.09589397907257086,-0.09296047687530519
5355,5.4,162,MOUTH_LEFT,0.009659960865974426,0.04630199074745184,-0.174229234457016
5356,5.4,162,MOUTH_RIGHT,-0.007198736071586609,0.04665720462799072,-0.17424383759498596
5357,5.4,162,LEFT_SHOULDER,0.05419541895389557,-0.003376185894012451,-0.008090101182460799
5358,5.4,162,RIGHT_SHOULDER,-0.054195418953895624,0.003376185894012451,0.008090101182460799
5359,5.4,162,LEFT_ELBOW,0.07906259596347809,-0.1431833803653717,-0.005277454853057903
5360,5.4,162,RIGHT_ELBOW,-0.07889501750469213,-0.12333455681800837,-0.035327464342117296
5361,5.4,162,LEFT_WRIST,0.04549087584018707,-0.2007996141910553,-0.1566479504108429
5362,5.4,162,RIGHT_WRIST,-0.06366287171840673,-0.16915938258171082,-0.2461336255073548
5363,5.4,162,LEFT_PINKY,0.03541089594364166,-0.22387608885765076,-0.20475095510482788
5364,5.4,162,RIGHT_PINKY,-0.05483220517635351,-0.19663986563682556,-0.2952613830566407
5365,5.4,162,LEFT_INDEX,0.03154142200946808,-0.19718018174171448,-0.2208502888679505
5366,5.4,162,RIGHT_INDEX,-0.046890273690223694,-0.17440399527549744,-0.3081392645835877
5367,5.4,162,LEFT_THUMB,0.03258408606052399,-0.1899740993976593,-0.1648723185062409
5368,5.4,162,RIGHT_THUMB,-0.047240510582923945,-0.16507986187934875,-0.25478807091712957
5369,5.4,162,LEFT_HIP,0.028536513447761536,-0.2580702006816864,0.1065398966893554
5370,5.4,162,RIGHT_HIP,-0.036866411566734314,-0.25080981850624084,0.115900293458253
5371,5.4,162,LEFT_KNEE,0.03499181568622589,-0.4236007630825043,0.1007005963474512
5372,5.4,162,RIGHT_KNEE,-0.06560932099819183,-0.4025372564792633,0.1003682585433125
5373,5.4,162,LEFT_ANKLE,0.04645527899265289,-0.5703357160091399,0.3216756284236907
5374,5.4,162,RIGHT_ANKLE,-0.054994687438011225,-0.5474495589733124,0.3145132064819335
5375,5.4,162,LEFT_HEEL,0.0349736362695694,-0.5739440619945527,0.3395625352859496
5376,5.4,162,RIGHT_HEEL,-0.04826928675174713,-0.5575477778911592,0.3328628987073897
5377,5.4,162,LEFT_FOOT_INDEX,0.040982022881507874,-0.6454001367092133,0.24683284759521468
5378,5.4,162,RIGHT_FOOT_INDEX,-0.06785653531551361,-0.6354291141033173,0.23729537427425368
5379,5.433333333333334,163,NOSE,0.0025123506784439087,0.06754942238330847,-0.23078590631484988
5380,5.433333333333334,163,LEFT_EYE_INNER,0.009664788842201233,0.09047661721706396,-0.22008591890335086
5381,5.433333333333334,163,LEFT_EYE,0.014415755867958069,0.09021721780300146,-0.22012805938720706
5382,5.433333333333334,163,LEFT_EYE_OUTER,0.018836334347724915,0.08980377018451696,-0.22021287679672244
5383,5.433333333333334,163,RIGHT_EYE_INNER,-0.0032117217779159546,0.0931936651468277,-0.21874147653579715
5384,5.433333333333334,163,RIGHT_EYE,-0.008088216185569763,0.09471146762371069,-0.21875810623168948
5385,5.433333333333334,163,RIGHT_EYE_OUTER,-0.012547954916954096,0.09583435952663427,-0.21878308057785037
5386,5.433333333333334,163,LEFT_EAR,0.026445165276527405,0.08984668552875519,-0.10020467638969424
5387,5.433333333333334,163,RIGHT_EAR,-0.018534138798713684,0.0962537974119187,-0.09834420680999756
5388,5.433333333333334,163,MOUTH_LEFT,0.009704604744911194,0.04655133187770849,-0.18119493126869204
5389,5.433333333333334,163,MOUTH_RIGHT,-0.007078155875205994,0.04733188450336456,-0.18057259917259214
5390,5.433333333333334,163,LEFT_SHOULDER,0.05419124662876129,-0.0035473853349685114,-0.00857311487197876
5391,5.433333333333334,163,RIGHT_SHOULDER,-0.05419124662876129,0.003547385334968567,0.008573114871978746
5392,5.433333333333334,163,LEFT_ELBOW,0.07836325466632843,-0.14329107105731964,-0.0026792511343955577
5393,5.433333333333334,163,RIGHT_ELBOW,-0.0810836404561997,-0.12617112696170807,-0.03637821972370145
5394,5.433333333333334,163,LEFT_WRIST,0.04521067440509796,-0.20094634592533112,-0.15523624420166013
5395,5.433333333333334,163,RIGHT_WRIST,-0.0618673712015152,-0.16761846840381622,-0.2554261088371277
5396,5.433333333333334,163,LEFT_PINKY,0.035260334610939026,-0.22449900209903717,-0.20251956582069394
5397,5.433333333333334,163,RIGHT_PINKY,-0.05025957524776459,-0.19344522058963776,-0.30443382263183594
5398,5.433333333333334,163,LEFT_INDEX,0.03141625225543976,-0.19872505962848663,-0.21684119105339053
5399,5.433333333333334,163,RIGHT_INDEX,-0.04258875548839569,-0.16845639050006866,-0.31520137190818787
5400,5.433333333333334,163,LEFT_THUMB,0.032377079129219055,-0.19148291647434235,-0.16232663393020633
5401,5.433333333333334,163,RIGHT_THUMB,-0.0439121276140213,-0.1596357375383377,-0.2628864645957947
5402,5.433333333333334,163,LEFT_HIP,0.028194501996040344,-0.25903697311878204,0.11393112782388924
5403,5.433333333333334,163,RIGHT_HIP,-0.037104323506355286,-0.2512495666742325,0.12295220512896765
5404,5.433333333333334,163,LEFT_KNEE,0.03205712139606476,-0.43264682590961456,0.12185856257565314
5405,5.433333333333334,163,RIGHT_KNEE,-0.057257845997810364,-0.42204393446445465,0.14217086695134634
5406,5.433333333333334,163,LEFT_ANKLE,0.046720996499061584,-0.5711774975061417,0.3497806489467621
5407,5.433333333333334,163,RIGHT_ANKLE,-0.05347175896167761,-0.5636754781007767,0.34532311558723444
5408,5.433333333333334,163,LEFT_HEEL,0.03493507206439972,-0.574473038315773,0.3687068223953246
5409,5.433333333333334,163,RIGHT_HEEL,-0.048726215958595276,-0.5665297657251358,0.3624855577945708
5410,5.433333333333334,163,LEFT_FOOT_INDEX,0.041197195649147034,-0.6462877541780472,0.27478499710559834
5411,5.433333333333334,163,RIGHT_FOOT_INDEX,-0.06777997314929968,-0.6524813920259476,0.2527813762426375
5412,5.466666666666667,164,NOSE,0.002908572554588318,0.06757637858390814,-0.22800741717219353
5413,5.466666666666667,164,LEFT_EYE_INNER,0.01022540032863617,0.09035864472389221,-0.21694565936923033
5414,5.466666666666667,164,LEFT_EYE,0.01499144732952118,0.09014186263084412,-0.21697778627276426
5415,5.466666666666667,164,LEFT_EYE_OUTER,0.0192977637052536,0.0897689163684845,-0.21705118939280515
5416,5.466666666666667,164,RIGHT_EYE_INNER,-0.0026000887155532837,0.0931449830532074,-0.21547810360789305
5417,5.466666666666667,164,RIGHT_EYE,-0.007360056042671204,0.09475573897361761,-0.21549872681498533
5418,5.466666666666667,164,RIGHT_EYE_OUTER,-0.011835291981697083,0.09594559669494629,-0.21553773805499082
5419,5.466666666666667,164,LEFT_EAR,0.026826485991477966,0.08979353308677673,-0.09929388388991353
5420,5.466666666666667,164,RIGHT_EAR,-0.017585530877113342,0.09632578492164612,-0.09701551124453545
5421,5.466666666666667,164,MOUTH_LEFT,0.010017916560173035,0.046372801065445,-0.17936785146594053
5422,5.466666666666667,164,MOUTH_RIGHT,-0.006639376282691956,0.0478926301002503,-0.17859993502497673
5423,5.466666666666667,164,LEFT_SHOULDER,0.05413518846035004,-0.00370180606842041,-0.011821057647466632
5424,5.466666666666667,164,RIGHT_SHOULDER,-0.05413518846035004,0.00370180606842041,0.01182105764746666
5425,5.466666666666667,164,LEFT_ELBOW,0.07764200866222382,-0.14387676119804382,-0.001460473984479932
5426,5.466666666666667,164,RIGHT_ELBOW,-0.08458630740642553,-0.13266834616661072,-0.031887527555227335
5427,5.466666666666667,164,LEFT_WRIST,0.04484550654888153,-0.20263060927391052,-0.15433163568377495
5428,5.466666666666667,164,RIGHT_WRIST,-0.05573122203350073,-0.16439107060432434,-0.24116970226168633
5429,5.466666666666667,164,LEFT_PINKY,0.03473721444606781,-0.22468480467796326,-0.20091287419199944
5430,5.466666666666667,164,RIGHT_PINKY,-0.04414947330951691,-0.18628421425819397,-0.28802020475268364
5431,5.466666666666667,164,LEFT_INDEX,0.03104482591152191,-0.1985132396221161,-0.21227748319506645
5432,5.466666666666667,164,RIGHT_INDEX,-0.03457890450954443,-0.16208860278129578,-0.2953097335994244
5433,5.466666666666667,164,LEFT_THUMB,0.03204171359539032,-0.19136318564414978,-0.16020841524004942
5434,5.466666666666667,164,RIGHT_THUMB,-0.03657586872577673,-0.1544424593448639,-0.24673489853739744
5435,5.466666666666667,164,LEFT_HIP,0.02780042588710785,-0.2581973373889923,0.11836565518751736
5436,5.466666666666667,164,RIGHT_HIP,-0.03728605806827545,-0.2484370768070221,0.13244030531495796
5437,5.466666666666667,164,LEFT_KNEE,0.030611738562583923,-0.4164712727069855,0.06578729674220085
5438,5.466666666666667,164,RIGHT_KNEE,-0.05874355137348175,-0.40829387307167053,0.061307851225137655
5439,5.466666666666667,164,LEFT_ANKLE,0.043247565627098083,-0.5579740703105927,0.2756813056766986
5440,5.466666666666667,164,RIGHT_ANKLE,-0.05965037643909454,-0.5611024796962737,0.26598406210541714
5441,5.466666666666667,164,LEFT_HEEL,0.03479759395122528,-0.5674509108066559,0.2922704853117465
5442,5.466666666666667,164,RIGHT_HEEL,-0.04903046786785131,-0.5655471384525299,0.28361219540238375
5443,5.466666666666667,164,LEFT_FOOT_INDEX,0.03698287904262543,-0.6322584450244906,0.19687364622950546
5444,5.466666666666667,164,RIGHT_FOOT_INDEX,-0.0711931437253952,-0.6493878662586212,0.17446096241474146
5445,5.5,165,NOSE,0.003360360860824585,0.06764012575149536,-0.22248530760407453
5446,5.5,165,LEFT_EYE_INNER,0.010882169008255005,0.0899764895439148,-0.21097851172089582
5447,5.5,165,LEFT_EYE,0.015685349702835083,0.08977597951889038,-0.2110064066946507
5448,5.5,165,LEFT_EYE_OUTER,0.019920259714126587,0.08944022655487055,-0.2110736407339573
5449,5.5,165,RIGHT_EYE_INNER,-0.0020558536052703857,0.09293147921562189,-0.2098000384867192
5450,5.5,165,RIGHT_EYE,-0.006822079420089722,0.09458762407302856,-0.2098241187632084
5451,5.5,165,RIGHT_EYE_OUTER,-0.011366575956344604,0.09580647945404047,-0.2098761834204197
5452,5.5,165,LEFT_EAR,0.02744951844215393,0.0894879698753357,-0.09495354071259501
5453,5.5,165,RIGHT_EAR,-0.01724758744239807,0.096098393201828,-0.09431697800755501
5454,5.5,165,MOUTH_LEFT,0.010292500257492065,0.04599311947822565,-0.17477181926369673
5455,5.5,165,MOUTH_RIGHT,-0.006141871213912964,0.04803383350372309,-0.1745014525949955
5456,5.5,165,LEFT_SHOULDER,0.05384436249732971,-0.0041099488735198975,-0.011869195848703412
5457,5.5,165,RIGHT_SHOULDER,-0.05384436249732977,0.0041099488735198975,0.011869195848703398
5458,5.5,165,LEFT_ELBOW,0.07671484351158142,-0.14435064792633062,-0.012142259627580698
5459,5.5,165,RIGHT_ELBOW,-0.08684682846069336,-0.13346773386001592,-0.03544137254357341
5460,5.5,165,LEFT_WRIST,0.04450586438179016,-0.2026060819625855,-0.151408139616251
5461,5.5,165,RIGHT_WRIST,-0.053742796182632446,-0.15679717063903814,-0.23134282603859901
5462,5.5,165,LEFT_PINKY,0.03434661030769348,-0.22398674488067633,-0.19974670186638832
5463,5.5,165,RIGHT_PINKY,-0.04092678427696228,-0.17831414937973028,-0.274938378483057
5464,5.5,165,LEFT_INDEX,0.030849725008010864,-0.1980129480361939,-0.2083196379244328
5465,5.5,165,RIGHT_INDEX,-0.03087562322616577,-0.1570319533348084,-0.2847218848764897
5466,5.5,165,LEFT_THUMB,0.03173825144767761,-0.19067704677581793,-0.15794450417160993
5467,5.5,165,RIGHT_THUMB,-0.032678067684173584,-0.14952951669693,-0.2357933260500431
5468,5.5,165,LEFT_HIP,0.027328521013259888,-0.2563688158988953,0.12039555050432679
5469,5.5,165,RIGHT_HIP,-0.03735712170600897,-0.24640619754791265,0.13818676024675358
5470,5.5,165,LEFT_KNEE,0.03188309073448181,-0.3853383660316468,0.007670287042856189
5471,5.5,165,RIGHT_KNEE,-0.06011700630187988,-0.3962481617927552,0.006245199590921388
5472,5.5,165,LEFT_ANKLE,0.04001834988594055,-0.5417566299438479,0.2104498930275439
5473,5.5,165,RIGHT_ANKLE,-0.05684781074523926,-0.5584852695465088,0.1971791423857211
5474,5.5,165,LEFT_HEEL,0.0342431366443634,-0.5630038976669312,0.2266594432294368
5475,5.5,165,RIGHT_HEEL,-0.04932931065559387,-0.5655508637428284,0.2134991772472858
5476,5.5,165,LEFT_FOOT_INDEX,0.03492763638496399,-0.6177070140838623,0.1367257288657128
5477,5.5,165,RIGHT_FOOT_INDEX,-0.07294178009033209,-0.6470555663108826,0.10569750703871249
5478,5.533333333333333,166,NOSE,0.0037401318550109863,0.06738972663879395,-0.21821185573935512
5479,5.533333333333333,166,LEFT_EYE_INNER,0.011337995529174805,0.08949518203735352,-0.206954088062048
5480,5.533333333333333,166,LEFT_EYE,0.01616126298904419,0.08926284313201904,-0.20698511227965358
5481,5.533333333333333,166,LEFT_EYE_OUTER,0.02034217119216919,0.08893829584121704,-0.2070563398301601
5482,5.533333333333333,166,RIGHT_EYE_INNER,-0.0016747713088989258,0.0926550030708313,-0.20589252933859828
5483,5.533333333333333,166,RIGHT_EYE,-0.006453871726989746,0.0943809449672699,-0.205904807895422
5484,5.533333333333333,166,RIGHT_EYE_OUTER,-0.011065483093261719,0.0956595242023468,-0.2059458456933498
5485,5.533333333333333,166,LEFT_EAR,0.02782750129699707,0.0889723002910614,-0.09298888966441149
5486,5.533333333333333,166,RIGHT_EAR,-0.01698315143585205,0.09603327512741094,-0.0927935503423214
5487,5.533333333333333,166,MOUTH_LEFT,0.010387420654296875,0.04554444551467901,-0.17086189612746241
5488,5.533333333333333,166,MOUTH_RIGHT,-0.005670785903930664,0.04799416661262512,-0.17069622501730922
5489,5.533333333333333,166,LEFT_SHOULDER,0.05341637134552002,-0.0046086907386779785,-0.011563967913389206
5490,5.533333333333333,166,RIGHT_SHOULDER,-0.053416371345520075,0.004608690738678034,0.011563967913389206
5491,5.533333333333333,166,LEFT_ELBOW,0.07564634084701538,-0.1443828046321869,-0.007151197642087909
5492,5.533333333333333,166,RIGHT_ELBOW,-0.08708989620208746,-0.13294407725334167,-0.03518837317824361
5493,5.533333333333333,166,LEFT_WRIST,0.04410076141357422,-0.20267757773399353,-0.13118147477507588
5494,5.533333333333333,166,RIGHT_WRIST,-0.054478347301483154,-0.14324888586997986,-0.2297134958207607
5495,5.533333333333333,166,LEFT_PINKY,0.03451573848724365,-0.2251763641834259,-0.17051675543189052
5496,5.533333333333333,166,RIGHT_PINKY,-0.04158475995063787,-0.1621856391429901,-0.2720295451581478
5497,5.533333333333333,166,LEFT_INDEX,0.030822396278381348,-0.19918552041053772,-0.1783298514783382
5498,5.533333333333333,166,RIGHT_INDEX,-0.03218629956245428,-0.14188405871391296,-0.28126683458685875
5499,5.533333333333333,166,LEFT_THUMB,0.03156769275665283,-0.19155362248420715,-0.1350672505795956
5500,5.533333333333333,166,RIGHT_THUMB,-0.033919513225555475,-0.13466742634773254,-0.2338636480271816
5501,5.533333333333333,166,LEFT_HIP,0.026949584484100342,-0.25156792998313904,0.1201411141082645
5502,5.533333333333333,166,RIGHT_HIP,-0.03719136118888855,-0.2408604919910431,0.1378389615565538
5503,5.533333333333333,166,LEFT_KNEE,0.033311426639556885,-0.38072678446769714,0.038066294044256196
5504,5.533333333333333,166,RIGHT_KNEE,-0.059716492891311646,-0.38982805609703064,0.026615221053361907
5505,5.533333333333333,166,LEFT_ANKLE,0.04049199819564819,-0.5450663864612579,0.2240405492484569
5506,5.533333333333333,166,RIGHT_ANKLE,-0.05482360720634466,-0.5549214780330658,0.2088050730526447
5507,5.533333333333333,166,LEFT_HEEL,0.03382253646850586,-0.56010839343071,0.23839135840535158
5508,5.533333333333333,166,RIGHT_HEEL,-0.049741864204406794,-0.563814014196396,0.2242836169898509
5509,5.533333333333333,166,LEFT_FOOT_INDEX,0.03715622425079346,-0.5912890136241912,0.1513011697679757
5510,5.533333333333333,166,RIGHT_FOOT_INDEX,-0.07295233011245728,-0.64223513007164,0.1198169393464923
5511,5.566666666666666,167,NOSE,0.004443466663360596,0.06797578930854797,-0.21739370003342628
5512,5.566666666666666,167,LEFT_EYE_INNER,0.012059688568115234,0.08976709842681885,-0.20597225800156588
5513,5.566666666666666,167,LEFT_EYE,0.01685577630996704,0.08939391374588018,-0.20601767674088478
5514,5.566666666666666,167,LEFT_EYE_OUTER,0.021041810512542725,0.08903416991233826,-0.2061207927763462
5515,5.566666666666666,167,RIGHT_EYE_INNER,-0.0010620355606079102,0.09326973557472229,-0.20470336452126497
5516,5.566666666666666,167,RIGHT_EYE,-0.005856037139892578,0.09503746032714849,-0.20470285788178438
5517,5.566666666666666,167,RIGHT_EYE_OUTER,-0.010494828224182129,0.09627982974052429,-0.20472750440239906
5518,5.566666666666666,167,LEFT_EAR,0.02826690673828125,0.08883222937583929,-0.09099419787526128
5519,5.566666666666666,167,RIGHT_EAR,-0.01667520403862005,0.09631338715553289,-0.09157500043511388
5520,5.566666666666666,167,MOUTH_LEFT,0.010784745216369629,0.04576215147972107,-0.1691016592085361
5521,5.566666666666666,167,MOUTH_RIGHT,-0.0050737857818603516,0.04872858524322515,-0.16882557049393648
5522,5.566666666666666,167,LEFT_SHOULDER,0.053286612033843994,-0.005032896995544434,-0.010736320167779895
5523,5.566666666666666,167,RIGHT_SHOULDER,-0.05328661203384405,0.005032896995544489,0.010736320167779922
5524,5.566666666666666,167,LEFT_ELBOW,0.07525140047073364,-0.14471778273582458,0.016270432621240616
5525,5.566666666666666,167,RIGHT_ELBOW,-0.08981490135192871,-0.13294717669487,-0.035955224186181994
5526,5.566666666666666,167,LEFT_WRIST,0.043835461139678955,-0.20516738295555115,-0.09071413055062288
5527,5.566666666666666,167,RIGHT_WRIST,-0.052858322858810425,-0.13799801468849182,-0.2266936637461185
5528,5.566666666666666,167,LEFT_PINKY,0.03436630964279175,-0.22897478938102722,-0.12512550130486488
5529,5.566666666666666,167,RIGHT_PINKY,-0.03931489586830145,-0.15205469727516174,-0.2700862921774387
5530,5.566666666666666,167,LEFT_INDEX,0.030441641807556152,-0.20293912291526794,-0.1320557333528995
5531,5.566666666666666,167,RIGHT_INDEX,-0.03079760074615484,-0.13405069708824158,-0.2694043256342411
5532,5.566666666666666,167,LEFT_THUMB,0.03127175569534302,-0.1951574981212616,-0.09318499639630318
5533,5.566666666666666,167,RIGHT_THUMB,-0.03300347924232483,-0.12777432799339294,-0.23380467668175697
5534,5.566666666666666,167,LEFT_HIP,0.026720106601715088,-0.24886026978492737,0.12102401908487082
5535,5.566666666666666,167,RIGHT_HIP,-0.036978960037231445,-0.23796150088310242,0.13663161359727383
5536,5.566666666666666,167,LEFT_KNEE,0.034149765968322754,-0.37271401286125183,0.039043914526701015
5537,5.566666666666666,167,RIGHT_KNEE,-0.058810919523239136,-0.38781359791755676,0.03468332067132002
5538,5.566666666666666,167,LEFT_ANKLE,0.039661705493927,-0.5378920733928679,0.23622487112879753
5539,5.566666666666666,167,RIGHT_ANKLE,-0.05394089221954351,-0.5499007999897003,0.222720343619585
5540,5.566666666666666,167,LEFT_HEEL,0.033518850803375244,-0.5532811582088472,0.2519105859100818
5541,5.566666666666666,167,RIGHT_HEEL,-0.050144970417022705,-0.559644252061844,0.238849576562643
5542,5.566666666666666,167,LEFT_FOOT_INDEX,0.038999319076538086,-0.585756689310074,0.16735870018601412
5543,5.566666666666666,167,RIGHT_FOOT_INDEX,-0.06720644235610962,-0.6049341857433319,0.13483302481472492
5544,5.6,168,NOSE,0.005589395761489868,0.06805054843425756,-0.2109662294387818
5545,5.6,168,LEFT_EYE_INNER,0.012979298830032349,0.08988837897777557,-0.2022793889045716
5546,5.6,168,LEFT_EYE,0.017692357301712036,0.08943693339824677,-0.20229563117027283
5547,5.6,168,LEFT_EYE_OUTER,0.021853536367416382,0.08906717598438268,-0.2023668885231018
5548,5.6,168,RIGHT_EYE_INNER,-0.00018236041069030762,0.09354846179485327,-0.2017599642276764
5549,5.6,168,RIGHT_EYE,-0.004993647336959839,0.09532316029071808,-0.2017730176448822
5550,5.6,168,RIGHT_EYE_OUTER,-0.009765714406967163,0.09656791388988495,-0.20178410410881042
5551,5.6,168,LEFT_EAR,0.028788834810256958,0.08898584544658666,-0.08991527557373052
5552,5.6,168,RIGHT_EAR,-0.016443490982055664,0.09668456017971044,-0.0922264605760574
5553,5.6,168,MOUTH_LEFT,0.011553019285202026,0.04575838148593908,-0.1660383939743042
5554,5.6,168,MOUTH_RIGHT,-0.004072457551956177,0.04897861182689667,-0.1667365729808808
5555,5.6,168,LEFT_SHOULDER,0.053345948457717896,-0.005076512694358826,-0.010029479861259516
5556,5.6,168,RIGHT_SHOULDER,-0.053345948457717896,0.005076512694358881,0.010029479861259488
5557,5.6,168,LEFT_ELBOW,0.07514265179634094,-0.14478938281536102,0.02901718020439148
5558,5.6,168,RIGHT_ELBOW,-0.0918843150138855,-0.1336195319890976,-0.03233093023300171
5559,5.6,168,LEFT_WRIST,0.04369160532951355,-0.20493756234645844,-0.07019886374473572
5560,5.6,168,RIGHT_WRIST,-0.052579402923583984,-0.12724076211452484,-0.2053737342357636
5561,5.6,168,LEFT_PINKY,0.03421869874000549,-0.22824297845363617,-0.10283911228179932
5562,5.6,168,RIGHT_PINKY,-0.037282645702362116,-0.13600514829158783,-0.2408449947834015
5563,5.6,168,LEFT_INDEX,0.03022751212120056,-0.2020767778158188,-0.11049793660640722
5564,5.6,168,RIGHT_INDEX,-0.02982202172279358,-0.11662609875202173,-0.23801419138908392
5565,5.6,168,LEFT_THUMB,0.031113654375076294,-0.19425319135189056,-0.07252617180347443
5566,5.6,168,RIGHT_THUMB,-0.03218540549278259,-0.11028037965297693,-0.20598402619361883
5567,5.6,168,LEFT_HIP,0.026645272970199585,-0.2449449747800827,0.12369984807446599
5568,5.6,168,RIGHT_HIP,-0.036542087793350275,-0.23573456704616547,0.13504133280366648
5569,5.6,168,LEFT_KNEE,0.034254223108291626,-0.3819379657506943,0.06932318955659869
5570,5.6,168,RIGHT_KNEE,-0.051135003566742,-0.39247827231884,0.11195659264922139
5571,5.6,168,LEFT_ANKLE,0.042881280183792114,-0.5419524759054184,0.2512717694044112
5572,5.6,168,RIGHT_ANKLE,-0.05276483297348028,-0.5502441972494125,0.26749271154403675
5573,5.6,168,LEFT_HEEL,0.03346559405326843,-0.5547285526990892,0.2684107422828674
5574,5.6,168,RIGHT_HEEL,-0.05008569359779358,-0.5593759864568711,0.2763476818799972
5575,5.6,168,LEFT_FOOT_INDEX,0.03902056813240051,-0.5934153646230698,0.1742271408438682
5576,5.6,168,RIGHT_FOOT_INDEX,-0.06703123450279241,-0.6214819401502609,0.1740351244807242
5577,5.633333333333334,169,NOSE,0.006490647792816162,0.0691558718681336,-0.20819783583283424
5578,5.633333333333334,169,LEFT_EYE_INNER,0.013744592666625977,0.09109088778495789,-0.19936040416359896
5579,5.633333333333334,169,LEFT_EYE,0.018411636352539062,0.09046927094459539,-0.19937813654541964
5580,5.633333333333334,169,LEFT_EYE_OUTER,0.022632360458374023,0.09009379148483276,-0.19943532720208162
5581,5.633333333333334,169,RIGHT_EYE_INNER,0.0005471110343933105,0.09500446915626526,-0.19918159022927284
5582,5.633333333333334,169,RIGHT_EYE,-0.004329025745391846,0.09681475162506109,-0.19921949878334994
5583,5.633333333333334,169,RIGHT_EYE_OUTER,-0.00919109582901001,0.09798932075500488,-0.19923520460724825
5584,5.633333333333334,169,LEFT_EAR,0.029324114322662354,0.0896238386631012,-0.08994573727250094
5585,5.633333333333334,169,RIGHT_EAR,-0.016249865293502863,0.09760546684265137,-0.09274103119969365
5586,5.633333333333334,169,MOUTH_LEFT,0.01223444938659668,0.046377986669540405,-0.16367411985993385
5587,5.633333333333334,169,MOUTH_RIGHT,-0.0031461715698242188,0.05033436417579651,-0.16484249010682106
5588,5.633333333333334,169,LEFT_SHOULDER,0.05339926481246948,-0.005147129297256414,-0.009345073252916336
5589,5.633333333333334,169,RIGHT_SHOULDER,-0.05339926481246954,0.00514712929725647,0.00934507325291635
5590,5.633333333333334,169,LEFT_ELBOW,0.07460570335388184,-0.14462614059448242,0.02100254967808725
5591,5.633333333333334,169,RIGHT_ELBOW,-0.09316068887710577,-0.13365674018859863,-0.04243584349751464
5592,5.633333333333334,169,LEFT_WRIST,0.04351729154586792,-0.2039017677307129,-0.08887038007378575
5593,5.633333333333334,169,RIGHT_WRIST,-0.050989121198654175,-0.11660262942314142,-0.22827220335602755
5594,5.633333333333334,169,LEFT_PINKY,0.03409218788146973,-0.22672206163406372,-0.12395942583680153
5595,5.633333333333334,169,RIGHT_PINKY,-0.03242760896682745,-0.1253596842288971,-0.26673078909516335
5596,5.633333333333334,169,LEFT_INDEX,0.030039846897125244,-0.20070821046829224,-0.13285184279084206
5597,5.633333333333334,169,RIGHT_INDEX,-0.026157736778259277,-0.10569971799850464,-0.25815543904900545
5598,5.633333333333334,169,LEFT_THUMB,0.030866622924804688,-0.19290751218795776,-0.09201556816697115
5599,5.633333333333334,169,RIGHT_THUMB,-0.029309391975402832,-0.09803882241249084,-0.22728705778717995
5600,5.633333333333334,169,LEFT_HIP,0.02621769905090332,-0.24587398767471313,0.12338291946798566
5601,5.633333333333334,169,RIGHT_HIP,-0.036842137575149536,-0.237299382686615,0.13269224949181074
5602,5.633333333333334,169,LEFT_KNEE,0.03498142957687378,-0.38254010677337646,0.08215440437197685
5603,5.633333333333334,169,RIGHT_KNEE,-0.049641311168670654,-0.39594966173171997,0.11016789264976985
5604,5.633333333333334,169,LEFT_ANKLE,0.04434216022491455,-0.5426854491233826,0.27272422239184374
5605,5.633333333333334,169,RIGHT_ANKLE,-0.05229422450065613,-0.550584614276886,0.28120992705225945
5606,5.633333333333334,169,LEFT_HEEL,0.037678420543670654,-0.5549598932266236,0.28918018564581865
5607,5.633333333333334,169,RIGHT_HEEL,-0.049762845039367676,-0.5595142841339112,0.2924192361533642
5608,5.633333333333334,169,LEFT_FOOT_INDEX,0.041581928730010986,-0.5957916378974915,0.20693494006991386
5609,5.633333333333334,169,RIGHT_FOOT_INDEX,-0.06768777966499334,-0.6304215788841248,0.18829445540904996
5610,5.666666666666667,170,NOSE,0.007244795560836792,0.07131099700927734,-0.2117898352444172
5611,5.666666666666667,170,LEFT_EYE_INNER,0.014409154653549194,0.09283572435379034,-0.20156379416584969
5612,5.666666666666667,170,LEFT_EYE,0.019056767225265503,0.09204855561256414,-0.20157556608319283
5613,5.666666666666667,170,LEFT_EYE_OUTER,0.02336910367012024,0.09159994125366216,-0.20163225010037422
5614,5.666666666666667,170,RIGHT_EYE_INNER,0.0012122690677642822,0.09709829092025757,-0.2020724900066853
5615,5.666666666666667,170,RIGHT_EYE,-0.0037644803524017334,0.09898322820663458,-0.2020994909107685
5616,5.666666666666667,170,RIGHT_EYE_OUTER,-0.00864747166633606,0.10000717639923096,-0.2021116204559803
5617,5.666666666666667,170,LEFT_EAR,0.029914051294326782,0.09047886729240417,-0.08924925699830061
5618,5.666666666666667,170,RIGHT_EAR,-0.016035437583923395,0.09900656342506414,-0.09659506753087041
5619,5.666666666666667,170,MOUTH_LEFT,0.012870937585830688,0.047917246818542536,-0.16574566438794142
5620,5.666666666666667,170,MOUTH_RIGHT,-0.002399355173110962,0.05286526679992676,-0.16779537871479994
5621,5.666666666666667,170,LEFT_SHOULDER,0.053396373987197876,-0.0056536197662353516,-0.0026374794542789043
5622,5.666666666666667,170,RIGHT_SHOULDER,-0.053396373987197876,0.0056536197662353516,0.0026374794542788904
5623,5.666666666666667,170,LEFT_ELBOW,0.07401534914970398,-0.14507800340652466,0.02817373350262639
5624,5.666666666666667,170,RIGHT_ELBOW,-0.09638401865959167,-0.13275820016860962,-0.04924837127327922
5625,5.666666666666667,170,LEFT_WRIST,0.04325076937675476,-0.20393776893615723,-0.081711370497942
5626,5.666666666666667,170,RIGHT_WRIST,-0.04770413041114813,-0.11214470863342285,-0.2357405610382557
5627,5.666666666666667,170,LEFT_PINKY,0.034048646688461304,-0.22664201259613037,-0.11698468402028081
5628,5.666666666666667,170,RIGHT_PINKY,-0.0279801487922669,-0.12034401297569275,-0.2752857096493244
5629,5.666666666666667,170,LEFT_INDEX,0.030015617609024048,-0.20068466663360596,-0.1265285946428776
5630,5.666666666666667,170,RIGHT_INDEX,-0.022096216678619385,-0.09927901625633234,-0.2677970416843891
5631,5.666666666666667,170,LEFT_THUMB,0.030809074640274048,-0.19275730848312378,-0.0851956345140934
5632,5.666666666666667,170,RIGHT_THUMB,-0.025671303272247314,-0.09174060821533203,-0.2354193516075611
5633,5.666666666666667,170,LEFT_HIP,0.02425786852836609,-0.24717605113983154,0.1175221109297127
5634,5.666666666666667,170,RIGHT_HIP,-0.03875458240509039,-0.23893213272094727,0.12207471206784239
5635,5.666666666666667,170,LEFT_KNEE,0.03452572226524353,-0.38609063625335693,0.0839001573622227
5636,5.666666666666667,170,RIGHT_KNEE,-0.05059733986854559,-0.40007156133651733,0.10767682921141389
5637,5.666666666666667,170,LEFT_ANKLE,0.04192325472831726,-0.5426501035690308,0.286710362881422
5638,5.666666666666667,170,RIGHT_ANKLE,-0.05497065186500549,-0.5521306395530702,0.2866040281951427
5639,5.666666666666667,170,LEFT_HEEL,0.034876853227615356,-0.5549504160881041,0.3038601391017436
5640,5.666666666666667,170,RIGHT_HEEL,-0.053726345300674494,-0.5604295730590821,0.3005923442542552
5641,5.666666666666667,170,LEFT_FOOT_INDEX,0.04204484820365906,-0.5948574542999268,0.22033682093024248
5642,5.666666666666667,170,RIGHT_FOOT_INDEX,-0.07300421595573431,-0.6377035975456238,0.19059270247817028
5643,5.7,171,NOSE,0.0074912309646606445,0.07083594799041748,-0.18071236088871964
5644,5.7,171,LEFT_EYE_INNER,0.014594852924346924,0.09211435914039617,-0.17216451838612565
5645,5.7,171,LEFT_EYE,0.019268810749053955,0.09118878841400146,-0.17217322066426285
5646,5.7,171,LEFT_EYE_OUTER,0.023545801639556885,0.09064519405364996,-0.17224167659878734
5647,5.7,171,RIGHT_EYE_INNER,0.0014696121215820312,0.09678211808204656,-0.17328961566090587
5648,5.7,171,RIGHT_EYE,-0.003482520580291748,0.09885948896408087,-0.17329247668385514
5649,5.7,171,RIGHT_EYE_OUTER,-0.008346259593963623,0.10002860426902777,-0.17330883815884593
5650,5.7,171,LEFT_EAR,0.03032863140106201,0.08940786123275757,-0.07499501481652265
5651,5.7,171,RIGHT_EAR,-0.015588819980621338,0.09930431842803955,-0.08518015220761305
5652,5.7,171,MOUTH_LEFT,0.01311492919921875,0.04771932959556585,-0.13992448523640635
5653,5.7,171,MOUTH_RIGHT,-0.0021494030952453613,0.05306977033615118,-0.14265023544430736
5654,5.7,171,LEFT_SHOULDER,0.05322462320327759,-0.006146073341369629,-0.0012154988944530626
5655,5.7,171,RIGHT_SHOULDER,-0.05322462320327764,0.006146073341369684,0.0012154988944530487
5656,5.7,171,LEFT_ELBOW,0.07373559474945068,-0.14418941736221313,0.025205340236425344
5657,5.7,171,RIGHT_ELBOW,-0.09814879298210144,-0.12900930643081665,-0.04302266612648967
5658,5.7,171,LEFT_WRIST,0.04317498207092285,-0.20427870750427246,-0.07199558988213545
5659,5.7,171,RIGHT_WRIST,-0.04464218020439148,-0.10510900616645813,-0.18296055868268016
5660,5.7,171,LEFT_PINKY,0.033920347690582275,-0.22742950916290283,-0.10319911316037186
5661,5.7,171,RIGHT_PINKY,-0.02381968498229986,-0.11640951037406921,-0.21367894485592845
5662,5.7,171,LEFT_INDEX,0.029754817485809326,-0.20172005891799927,-0.10712808743119245
5663,5.7,171,RIGHT_INDEX,-0.01727357506752014,-0.09657359123229975,-0.20481907203793534
5664,5.7,171,LEFT_THUMB,0.030625343322753906,-0.19222599267959595,-0.07284796610474595
5665,5.7,171,RIGHT_THUMB,-0.021358460187912043,-0.08890363574028015,-0.17945345118641856
5666,5.7,171,LEFT_HIP,0.023023784160614014,-0.24771171808242798,0.11063752905465654
5667,5.7,171,RIGHT_HIP,-0.03898903727531433,-0.24002200365066528,0.11540654441341744
5668,5.7,171,LEFT_KNEE,0.03634846210479736,-0.3880434036254883,0.08124788478016855
5669,5.7,171,RIGHT_KNEE,-0.04777380824089056,-0.40257322788238525,0.13500831462442864
5670,5.7,171,LEFT_ANKLE,0.04211694002151489,-0.5431342720985414,0.255761932581663
5671,5.7,171,RIGHT_ANKLE,-0.05445224046707153,-0.5543907880783081,0.2957640551030635
5672,5.7,171,LEFT_HEEL,0.03215509653091431,-0.5554457902908325,0.26961843296885474
5673,5.7,171,RIGHT_HEEL,-0.05332165956497198,-0.562126338481903,0.309552889317274
5674,5.7,171,LEFT_FOOT_INDEX,0.03773552179336548,-0.6002060770988465,0.21273826435208304
5675,5.7,171,RIGHT_FOOT_INDEX,-0.07268393039703375,-0.6395910978317261,0.22165578976273526
5676,5.733333333333333,172,NOSE,0.008033305406570435,0.06980042159557343,-0.19789591804146772
5677,5.733333333333333,172,LEFT_EYE_INNER,0.015019863843917847,0.09079967439174652,-0.18822428956627846
5678,5.733333333333333,172,LEFT_EYE,0.019680410623550415,0.08977343142032623,-0.18823886290192604
5679,5.733333333333333,172,LEFT_EYE_OUTER,0.02394595742225647,0.08917780220508575,-0.18829995766282087
5680,5.733333333333333,172,RIGHT_EYE_INNER,0.0019753873348236084,0.09583987295627594,-0.18891531601548195
5681,5.733333333333333,172,RIGHT_EYE,-0.0029008686542510986,0.09803815186023712,-0.18892532959580427
5682,5.733333333333333,172,RIGHT_EYE_OUTER,-0.007708042860031128,0.09925614297389984,-0.18894476071000105
5683,5.733333333333333,172,LEFT_EAR,0.030590921640396118,0.08792348206043243,-0.08271351829171184
5684,5.733333333333333,172,RIGHT_EAR,-0.015075057744979858,0.09865151345729833,-0.09219709411263466
5685,5.733333333333333,172,MOUTH_LEFT,0.013488143682479858,0.0466073602437973,-0.15394708886742592
5686,5.733333333333333,172,MOUTH_RIGHT,-0.001585632562637329,0.05246748030185705,-0.15629253163933754
5687,5.733333333333333,172,LEFT_SHOULDER,0.05298629403114319,-0.006657853722572271,0.001444417983293561
5688,5.733333333333333,172,RIGHT_SHOULDER,-0.052986294031143244,0.006657853722572327,-0.0014444179832935472
5689,5.733333333333333,172,LEFT_ELBOW,0.07347092032432556,-0.14440388977527618,0.034620780497789355
5690,5.733333333333333,172,RIGHT_ELBOW,-0.09780216217041016,-0.12644673883914948,-0.04662785306572914
5691,5.733333333333333,172,LEFT_WRIST,0.04326102137565613,-0.20443935692310333,-0.06785925105214125
5692,5.733333333333333,172,RIGHT_WRIST,-0.04468512535095215,-0.10058654844760895,-0.20607072487473493
5693,5.733333333333333,172,LEFT_PINKY,0.0339832603931427,-0.22808511555194855,-0.10034461691975594
5694,5.733333333333333,172,RIGHT_PINKY,-0.02400726079940796,-0.11282317340373987,-0.24179432168602943
5695,5.733333333333333,172,LEFT_INDEX,0.029807716608047485,-0.2012050300836563,-0.10818548873066905
5696,5.733333333333333,172,RIGHT_INDEX,-0.017176866531372126,-0.09295381605625147,-0.23832637444138532
5697,5.733333333333333,172,LEFT_THUMB,0.030696183443069458,-0.1907944232225418,-0.07018138840794563
5698,5.733333333333333,172,RIGHT_THUMB,-0.021499902009964045,-0.08542011678218836,-0.20558667555451393
5699,5.733333333333333,172,LEFT_HIP,0.022782832384109497,-0.24928613007068634,0.10903612890979275
5700,5.733333333333333,172,RIGHT_HIP,-0.03898739814758306,-0.24228371679782867,0.10990015097195276
5701,5.733333333333333,172,LEFT_KNEE,0.036489397287368774,-0.402726486325264,0.08834795095026496
5702,5.733333333333333,172,RIGHT_KNEE,-0.04670587182044983,-0.4112199693918228,0.12590386718511576
5703,5.733333333333333,172,LEFT_ANKLE,0.04297354817390442,-0.5509823113679887,0.25154259428381914
5704,5.733333333333333,172,RIGHT_ANKLE,-0.05406561493873596,-0.5623075515031815,0.28934505209326733
5705,5.733333333333333,172,LEFT_HEEL,0.03435412049293518,-0.5623629242181779,0.26437100395560253
5706,5.733333333333333,172,RIGHT_HEEL,-0.05317202210426336,-0.5661181956529618,0.30324484035372723
5707,5.733333333333333,172,LEFT_FOOT_INDEX,0.039547115564346313,-0.6296088248491287,0.19120364263653744
5708,5.733333333333333,172,RIGHT_FOOT_INDEX,-0.07202810049057012,-0.6449747234582901,0.20747377350926385
5709,5.766666666666667,173,NOSE,0.008231103420257568,0.06880640983581543,-0.18542126193642616
5710,5.766666666666667,173,LEFT_EYE_INNER,0.015230178833007812,0.08970335125923162,-0.17564791813492775
5711,5.766666666666667,173,LEFT_EYE,0.0199282169342041,0.08856707811355591,-0.17565963044762611
5712,5.766666666666667,173,LEFT_EYE_OUTER,0.024247169494628906,0.08791872859001165,-0.17571902647614474
5713,5.766666666666667,173,RIGHT_EYE_INNER,0.002312898635864258,0.09503519535064703,-0.17685392871499062
5714,5.766666666666667,173,RIGHT_EYE,-0.0024788379669189453,0.09727147221565252,-0.1768612004816532
5715,5.766666666666667,173,RIGHT_EYE_OUTER,-0.007108926773071289,0.09852239489555364,-0.17687929049134254
5716,5.766666666666667,173,LEFT_EAR,0.030890941619873047,0.08665406703948975,-0.07486313953995706
5717,5.766666666666667,173,RIGHT_EAR,-0.014487683773040771,0.09800192713737493,-0.08599309995770456
5718,5.766666666666667,173,MOUTH_LEFT,0.013710200786590576,0.045462608337402344,-0.14344035461544985
5719,5.766666666666667,173,MOUTH_RIGHT,-0.0014037489891052246,0.05168950557708746,-0.14646450057625765
5720,5.766666666666667,173,LEFT_SHOULDER,0.05254638195037842,-0.007468432188034058,0.0006494633853435516
5721,5.766666666666667,173,RIGHT_SHOULDER,-0.052546381950378473,0.007468432188034058,-0.0006494633853435516
5722,5.766666666666667,173,LEFT_ELBOW,0.07299214601516724,-0.14438679814338684,0.02494810149073605
5723,5.766666666666667,173,RIGHT_ELBOW,-0.09908616542816168,-0.12328770756721497,-0.050765428692102446
5724,5.766666666666667,173,LEFT_WRIST,0.04333090782165527,-0.2050611674785614,-0.07114044204354285
5725,5.766666666666667,173,RIGHT_WRIST,-0.04302114248275757,-0.09426459670066828,-0.197371307760477
5726,5.766666666666667,173,LEFT_PINKY,0.03409320116043091,-0.2292674481868744,-0.10042521730065344
5727,5.766666666666667,173,RIGHT_PINKY,-0.021865487098693903,-0.10749822854995728,-0.22815564647316933
5728,5.766666666666667,173,LEFT_INDEX,0.02977830171585083,-0.20129433274269104,-0.10438178852200504
5729,5.766666666666667,173,RIGHT_INDEX,-0.014941900968551691,-0.08788564801216125,-0.21947688236832613
5730,5.766666666666667,173,LEFT_THUMB,0.030656814575195312,-0.19028469920158386,-0.07170229032635685
5731,5.766666666666667,173,RIGHT_THUMB,-0.01930788159370428,-0.08149912953376764,-0.19399676099419594
5732,5.766666666666667,173,LEFT_HIP,0.022481203079223633,-0.2491176426410675,0.09798819484421985
5733,5.766666666666667,173,RIGHT_HIP,-0.038944691419601496,-0.24366435408592224,0.09894011961296195
5734,5.766666666666667,173,LEFT_KNEE,0.037348031997680664,-0.4011021554470062,0.055063996464014046
5735,5.766666666666667,173,RIGHT_KNEE,-0.0475249588489533,-0.41039225459098816,0.10235786018893114
5736,5.766666666666667,173,LEFT_ANKLE,0.043246686458587646,-0.5542643368244171,0.18846652284264553
5737,5.766666666666667,173,RIGHT_ANKLE,-0.053914487361908014,-0.5630394518375397,0.26013646647334093
5738,5.766666666666667,173,LEFT_HEEL,0.035347938537597656,-0.5655936896800995,0.19893954321742055
5739,5.766666666666667,173,RIGHT_HEEL,-0.05286809802055359,-0.5673010647296907,0.27190079912543297
5740,5.766666666666667,173,LEFT_FOOT_INDEX,0.039479851722717285,-0.6317397058010102,0.12352797016501425
5741,5.766666666666667,173,RIGHT_FOOT_INDEX,-0.07283961772918701,-0.6459610164165497,0.18508847430348396
5742,5.8,174,NOSE,0.008490487933158875,0.0681946873664856,-0.13724184408783915
5743,5.8,174,LEFT_EYE_INNER,0.015594348311424255,0.0887351930141449,-0.12926246598362925
5744,5.8,174,LEFT_EYE,0.02027241885662079,0.08736935257911688,-0.12928229942917824
5745,5.8,174,LEFT_EYE_OUTER,0.024630889296531677,0.08657029271125799,-0.12934680655598643
5746,5.8,174,RIGHT_EYE_INNER,0.0028511136770248413,0.0945588648319245,-0.13035799935460093
5747,5.8,174,RIGHT_EYE,-0.0018367916345596313,0.0969049334526062,-0.13034864142537114
5748,5.8,174,RIGHT_EYE_OUTER,-0.006293430924415588,0.0982184112071991,-0.13038099184632304
5749,5.8,174,LEFT_EAR,0.03110663592815399,0.08498233556747437,-0.04885851964354515
5750,5.8,174,RIGHT_EAR,-0.013843432068824768,0.0976096391677857,-0.05867718532681465
5751,5.8,174,MOUTH_LEFT,0.01398061215877533,0.04470127820968628,-0.10382955148816106
5752,5.8,174,MOUTH_RIGHT,-0.0010152608156204224,0.051940649747848566,-0.10651205852627754
5753,5.8,174,LEFT_SHOULDER,0.052085742354393005,-0.008691191673278809,-0.0010192655026912412
5754,5.8,174,RIGHT_SHOULDER,-0.05208574235439306,0.008691191673278809,0.001019265502691255
5755,5.8,174,LEFT_ELBOW,0.0725693553686142,-0.14433470368385315,0.008268032222986256
5756,5.8,174,RIGHT_ELBOW,-0.09873615205287933,-0.11829075217247009,-0.051494393497705446
5757,5.8,174,LEFT_WRIST,0.04304830729961395,-0.20665165781974792,-0.07398417964577675
5758,5.8,174,RIGHT_WRIST,-0.04198445379734045,-0.0867204070091247,-0.16672142222523684
5759,5.8,174,LEFT_PINKY,0.03425280749797821,-0.23054799437522888,-0.09753583744168284
5760,5.8,174,RIGHT_PINKY,-0.02130122482776642,-0.10116195678710932,-0.18989965692162517
5761,5.8,174,LEFT_INDEX,0.02926604449748993,-0.20293733477592468,-0.09650716558098796
5762,5.8,174,RIGHT_INDEX,-0.014645710587501526,-0.07950350642204279,-0.17582935467362404
5763,5.8,174,LEFT_THUMB,0.029947325587272644,-0.19230809807777405,-0.07250456884503365
5764,5.8,174,RIGHT_THUMB,-0.01889948546886444,-0.0742051899433136,-0.16039830818772316
5765,5.8,174,LEFT_HIP,0.022543594241142273,-0.24799492955207825,0.06302838359260936
5766,5.8,174,RIGHT_HIP,-0.03873105347156525,-0.24386540055274963,0.06421163870254526
5767,5.8,174,LEFT_KNEE,0.041044220328330994,-0.39219239354133606,-0.0019113607704639435
5768,5.8,174,RIGHT_KNEE,-0.047559276223182734,-0.408956378698349,0.06328240533184726
5769,5.8,174,LEFT_ANKLE,0.04345123469829559,-0.5535058677196503,0.08955182135105125
5770,5.8,174,RIGHT_ANKLE,-0.05366171896457672,-0.5641436278820038,0.16333804652094835
5771,5.8,174,LEFT_HEEL,0.03604595363140106,-0.565671294927597,0.09620897844433776
5772,5.8,174,RIGHT_HEEL,-0.052545323967933655,-0.5689035952091216,0.17199348285794255
5773,5.8,174,LEFT_FOOT_INDEX,0.039774104952812195,-0.6336840093135834,0.034643650054931655
5774,5.8,174,RIGHT_FOOT_INDEX,-0.07259745895862585,-0.6474370658397675,0.10060527920722956
5775,5.833333333333333,175,NOSE,0.009444087743759155,0.06867259740829462,-0.15446850471198553
5776,5.833333333333333,175,LEFT_EYE_INNER,0.01674744486808777,0.08873590826988215,-0.14413294009864336
5777,5.833333333333333,175,LEFT_EYE,0.02123621106147766,0.08723849058151245,-0.14415818266570563
5778,5.833333333333333,175,LEFT_EYE_OUTER,0.025663763284683228,0.08631953597068787,-0.14422458223998547
5779,5.833333333333333,175,RIGHT_EYE_INNER,0.0041110217571258545,0.09503507614135737,-0.14572976343333727
5780,5.833333333333333,175,RIGHT_EYE,-0.0005196034908294678,0.09751039743423456,-0.14572654478251934
5781,5.833333333333333,175,RIGHT_EYE_OUTER,-0.005000263452529907,0.09892770648002625,-0.14574986509978777
5782,5.833333333333333,175,LEFT_EAR,0.03148326277732849,0.08439064025878906,-0.05348931811749935
5783,5.833333333333333,175,RIGHT_EAR,-0.01307711005210882,0.09811627864837646,-0.06588546745479106
5784,5.833333333333333,175,MOUTH_LEFT,0.014761596918106079,0.04521647095680237,-0.11734714917838575
5785,5.833333333333333,175,MOUTH_RIGHT,0.00034365057945251465,0.05300623178482056,-0.12081321887671946
5786,5.833333333333333,175,LEFT_SHOULDER,0.05196806788444519,-0.009351074695587158,-0.0005063097923994481
5787,5.833333333333333,175,RIGHT_SHOULDER,-0.05196806788444519,0.009351074695587158,0.000506309792399455
5788,5.833333333333333,175,LEFT_ELBOW,0.07247760891914368,-0.1441317200660706,0.011328415945172352
5789,5.833333333333333,175,RIGHT_ELBOW,-0.09900343418121343,-0.11615806818008423,-0.05810297839343545
5790,5.833333333333333,175,LEFT_WRIST,0.043339818716049194,-0.20664155483245855,-0.07528583519160746
5791,5.833333333333333,175,RIGHT_WRIST,-0.04021582007408142,-0.08290818333625793,-0.18935937993228436
5792,5.833333333333333,175,LEFT_PINKY,0.03482899069786072,-0.23117727041244512,-0.10134762339293955
5793,5.833333333333333,175,RIGHT_PINKY,-0.019599050283432007,-0.09869834780693054,-0.21641735546290874
5794,5.833333333333333,175,LEFT_INDEX,0.029371827840805054,-0.20309442281723028,-0.10271552018821244
5795,5.833333333333333,175,RIGHT_INDEX,-0.012276560068130493,-0.07666382193565374,-0.20331062190234667
5796,5.833333333333333,175,LEFT_THUMB,0.030043214559555054,-0.1926205754280091,-0.07481576316058634
5797,5.833333333333333,175,RIGHT_THUMB,-0.017024844884872437,-0.07113963365554815,-0.18387183360755444
5798,5.833333333333333,175,LEFT_HIP,0.02269384264945984,-0.2490630745887757,0.06259170800331046
5799,5.833333333333333,175,RIGHT_HIP,-0.0386688113212586,-0.24479770660400396,0.06346752151148385
5800,5.833333333333333,175,LEFT_KNEE,0.045123666524887085,-0.3935885429382325,-0.008752463385462747
5801,5.833333333333333,175,RIGHT_KNEE,-0.0478387176990509,-0.41030162572860723,0.057371226139366654
5802,5.833333333333333,175,LEFT_ANKLE,0.04660859704017639,-0.5565179586410522,0.11880286224186415
5803,5.833333333333333,175,RIGHT_ANKLE,-0.05334028601646423,-0.5651893615722656,0.17994302697479714
5804,5.833333333333333,175,LEFT_HEEL,0.03690335154533386,-0.5669833421707156,0.12908306904137123
5805,5.833333333333333,175,RIGHT_HEEL,-0.050432771444320734,-0.5696040987968447,0.19151461310684675
5806,5.833333333333333,175,LEFT_FOOT_INDEX,0.043657392263412476,-0.6400987505912783,0.06214847165392715
5807,5.833333333333333,175,RIGHT_FOOT_INDEX,-0.0724335908889771,-0.6495029330253601,0.11228190176188935
5808,5.866666666666666,176,NOSE,0.010033756494522095,0.06957809627056122,-0.1369747444987297
5809,5.866666666666666,176,LEFT_EYE_INNER,0.017446130514144897,0.08876614272594452,-0.1271423920989037
5810,5.866666666666666,176,LEFT_EYE,0.02183791995048523,0.0871104747056961,-0.12717167288064962
5811,5.866666666666666,176,LEFT_EYE_OUTER,0.026261717081069946,0.08602587878704071,-0.12723474949598307
5812,5.866666666666666,176,RIGHT_EYE_INNER,0.00492444634437561,0.09540964663028723,-0.12880238145589828
5813,5.866666666666666,176,RIGHT_EYE,0.0003337562084197998,0.09792126715183264,-0.1287832334637642
5814,5.866666666666666,176,RIGHT_EYE_OUTER,-0.0041606128215789795,0.09943978488445282,-0.1288075670599938
5815,5.866666666666666,176,LEFT_EAR,0.031685858964920044,0.0836524516344071,-0.04398388415575029
5816,5.866666666666666,176,RIGHT_EAR,-0.012564390897750854,0.09838788211345673,-0.05669701844453809
5817,5.866666666666666,176,MOUTH_LEFT,0.015273183584213257,0.046112969517707825,-0.10310684889554979
5818,5.866666666666666,176,MOUTH_RIGHT,0.0012155473232269287,0.05440254509449011,-0.1066035106778145
5819,5.866666666666666,176,LEFT_SHOULDER,0.05187824368476868,-0.01034475862979889,-0.0005679428577422957
5820,5.866666666666666,176,RIGHT_SHOULDER,-0.05187824368476873,0.01034475862979889,0.0005679428577423026
5821,5.866666666666666,176,LEFT_ELBOW,0.07231417298316956,-0.1442766636610031,0.012104950845241505
5822,5.866666666666666,176,RIGHT_ELBOW,-0.09856212139129644,-0.11270634829998016,-0.05787678062915799
5823,5.866666666666666,176,LEFT_WRIST,0.043539077043533325,-0.2071847766637802,-0.06743076443672179
5824,5.866666666666666,176,RIGHT_WRIST,-0.038926869630813654,-0.07911603152751917,-0.180148683488369
5825,5.866666666666666,176,LEFT_PINKY,0.03542020916938782,-0.2323293536901474,-0.09181299060583119
5826,5.866666666666666,176,RIGHT_PINKY,-0.018579661846160944,-0.09488563239574427,-0.20499863475561142
5827,5.866666666666666,176,LEFT_INDEX,0.02944156527519226,-0.20391236245632172,-0.09320341795682908
5828,5.866666666666666,176,RIGHT_INDEX,-0.010886341333389282,-0.07348217070102692,-0.1910160705447197
5829,5.866666666666666,176,LEFT_THUMB,0.030103594064712524,-0.1935141533613205,-0.0668743401765823
5830,5.866666666666666,176,RIGHT_THUMB,-0.015949934720993042,-0.06792663037776947,-0.17418202012777328
5831,5.866666666666666,176,LEFT_HIP,0.02264532446861267,-0.2505917400121689,0.04275923699606206
5832,5.866666666666666,176,RIGHT_HIP,-0.03868329524993902,-0.24625776708126068,0.04297348838008461
5833,5.866666666666666,176,LEFT_KNEE,0.04447963833808899,-0.39633433520793915,-0.0240407958626747
5834,5.866666666666666,176,RIGHT_KNEE,-0.047091513872146606,-0.41367797553539276,0.04465963994152831
5835,5.866666666666666,176,LEFT_ANKLE,0.046231597661972046,-0.5585065335035324,0.1057103648781776
5836,5.866666666666666,176,RIGHT_ANKLE,-0.05311867594718933,-0.5666231960058212,0.16227812319993962
5837,5.866666666666666,176,LEFT_HEEL,0.03223136067390442,-0.5682325810194016,0.11542687565088261
5838,5.866666666666666,176,RIGHT_HEEL,-0.05039176344871521,-0.5711678713560104,0.1725852563977241
5839,5.866666666666666,176,LEFT_FOOT_INDEX,0.04209563136100769,-0.6425512880086899,0.05556653253734101
5840,5.866666666666666,176,RIGHT_FOOT_INDEX,-0.07249444723129272,-0.6525182574987411,0.09690149128437031
5841,5.9,177,NOSE,0.010347142815589905,0.07019846141338354,-0.14578675106167793
5842,5.9,177,LEFT_EYE_INNER,0.017817214131355286,0.08877272903919226,-0.13564871624112124
5843,5.9,177,LEFT_EYE,0.02217651903629303,0.08700071275234222,-0.13567686453461644
5844,5.9,177,LEFT_EYE_OUTER,0.026618734002113342,0.08577658236026764,-0.13574068620800964
5845,5.9,177,RIGHT_EYE_INNER,0.005227580666542053,0.09557019174098974,-0.13708340004086494
5846,5.9,177,RIGHT_EYE,0.000596359372138977,0.09804095327854162,-0.13705681636929504
5847,5.9,177,RIGHT_EYE_OUTER,-0.003936454653739929,0.09953920543193823,-0.13707556203007695
5848,5.9,177,LEFT_EAR,0.031847670674324036,0.08305566012859344,-0.04816770181059835
5849,5.9,177,RIGHT_EAR,-0.012432917952537537,0.09834150969982153,-0.059882361441850655
5850,5.9,177,MOUTH_LEFT,0.01573564112186432,0.04633633792400366,-0.11004794016480443
5851,5.9,177,MOUTH_RIGHT,0.001768365502357483,0.05504597723484045,-0.11323021724820134
5852,5.9,177,LEFT_SHOULDER,0.051678434014320374,-0.010956361889839172,-0.00030797347426415184
5853,5.9,177,RIGHT_SHOULDER,-0.051678434014320374,0.010956361889839228,0.00030797347426415184
5854,5.9,177,LEFT_ELBOW,0.07197262346744537,-0.14514218270778656,0.014123113825917251
5855,5.9,177,RIGHT_ELBOW,-0.09836883842945099,-0.11233080923557276,-0.06369343772530556
5856,5.9,177,LEFT_WRIST,0.0437823086977005,-0.20762668550014496,-0.06798579171299934
5857,5.9,177,RIGHT_WRIST,-0.036888077855110224,-0.07661165297031397,-0.19572958722710604
5858,5.9,177,LEFT_PINKY,0.03580184280872345,-0.23282133042812347,-0.09435688331723213
5859,5.9,177,RIGHT_PINKY,-0.016531512141227722,-0.09264750778675074,-0.22334246709942812
5860,5.9,177,LEFT_INDEX,0.02945251762866974,-0.20458029210567474,-0.09726684167981145
5861,5.9,177,RIGHT_INDEX,-0.007950708270072937,-0.07276560366153717,-0.20993681624531746
5862,5.9,177,LEFT_THUMB,0.03008873760700226,-0.1943439096212387,-0.06816106662154195
5863,5.9,177,RIGHT_THUMB,-0.013239249587059021,-0.06704486906528467,-0.19044690206646914
5864,5.9,177,LEFT_HIP,0.022469058632850647,-0.25183074176311493,0.046485203783959046
5865,5.9,177,RIGHT_HIP,-0.03891359269618988,-0.24800889194011688,0.04416876554023475
5866,5.9,177,LEFT_KNEE,0.04287983477115631,-0.40714190900325775,-0.010606408119201653
5867,5.9,177,RIGHT_KNEE,-0.046248301863670405,-0.41994278132915497,0.05037470906972875
5868,5.9,177,LEFT_ANKLE,0.04551370441913605,-0.5604722946882248,0.12313075736165044
5869,5.9,177,RIGHT_ANKLE,-0.05304528772830969,-0.5678424686193467,0.17015953734517095
5870,5.9,177,LEFT_HEEL,0.029702022671699524,-0.5691511482000352,0.13450613990426055
5871,5.9,177,RIGHT_HEEL,-0.04930634796619421,-0.572100505232811,0.18325376138091085
5872,5.9,177,LEFT_FOOT_INDEX,0.03926153481006622,-0.6483213752508163,0.06961371004581444
5873,5.9,177,RIGHT_FOOT_INDEX,-0.0724809318780899,-0.6583067029714584,0.10615721717476835
5874,5.933333333333334,178,NOSE,0.010363981127738953,0.07011824846267706,-0.13773978874087328
5875,5.933333333333334,178,LEFT_EYE_INNER,0.01784949004650116,0.08840057253837585,-0.1288636885583401
5876,5.933333333333334,178,LEFT_EYE,0.02220688760280609,0.08657020330429077,-0.128891434520483
5877,5.933333333333334,178,LEFT_EYE_OUTER,0.0266941636800766,0.08524626493453985,-0.12895843014121058
5878,5.933333333333334,178,RIGHT_EYE_INNER,0.005213901400566101,0.09515309333801275,-0.1302633844316006
5879,5.933333333333334,178,RIGHT_EYE,0.0005385726690292358,0.09754887223243713,-0.1302430592477322
5880,5.933333333333334,178,RIGHT_EYE_OUTER,-0.004058972001075745,0.09900736808776855,-0.1302642785012722
5881,5.933333333333334,178,LEFT_EAR,0.03183118999004364,0.08228302001953125,-0.045984473079443
5882,5.933333333333334,178,RIGHT_EAR,-0.012689843773841858,0.09760582447052008,-0.057539675384759896
5883,5.933333333333334,178,MOUTH_LEFT,0.015857979655265808,0.04607751965522766,-0.1036585383117199
5884,5.933333333333334,178,MOUTH_RIGHT,0.0020599812269210815,0.05480834841728216,-0.10678694769740099
5885,5.933333333333334,178,LEFT_SHOULDER,0.051370665431022644,-0.011686891317367554,3.6172568797995797e-06
5886,5.933333333333334,178,RIGHT_SHOULDER,-0.051370665431022644,0.011686891317367554,-3.6172568797995797e-06
5887,5.933333333333334,178,LEFT_ELBOW,0.07141213119029999,-0.14610496163368225,0.0171830803155899
5888,5.933333333333334,178,RIGHT_ELBOW,-0.0985259860754013,-0.10663074254989624,-0.0631476603448391
5889,5.933333333333334,178,LEFT_WRIST,0.043755218386650085,-0.20834186673164368,-0.057840596884489094
5890,5.933333333333334,178,RIGHT_WRIST,-0.03741239011287695,-0.07374843955039972,-0.1883255653083324
5891,5.933333333333334,178,LEFT_PINKY,0.03607653081417084,-0.23363915085792542,-0.08177211508154869
5892,5.933333333333334,178,RIGHT_PINKY,-0.017381027340889033,-0.08996346592903137,-0.2141713313758373
5893,5.933333333333334,178,LEFT_INDEX,0.029313072562217712,-0.20551469922065735,-0.0852063558995724
5894,5.933333333333334,178,RIGHT_INDEX,-0.008508279919624329,-0.07121127843856806,-0.20005286857485768
5895,5.933333333333334,178,LEFT_THUMB,0.029861673712730408,-0.1953718364238739,-0.058037098497152294
5896,5.933333333333334,178,RIGHT_THUMB,-0.013710156083106995,-0.06546747684478754,-0.18270919844508168
5897,5.933333333333334,178,LEFT_HIP,0.02219770848751068,-0.25308629870414734,0.0451267489697783
5898,5.933333333333334,178,RIGHT_HIP,-0.039209648966789246,-0.24860355257987976,0.0405642015393824
5899,5.933333333333334,178,LEFT_KNEE,0.04084162414073944,-0.411855548620224,0.004506330937147203
5900,5.933333333333334,178,RIGHT_KNEE,-0.046519324183464106,-0.42054465413093567,0.0530637176707386
5901,5.933333333333334,178,LEFT_ANKLE,0.04502008855342865,-0.5619165003299712,0.1270266287028789
5902,5.933333333333334,178,RIGHT_ANKLE,-0.053374812006950434,-0.568737119436264,0.1694377250969409
5903,5.933333333333334,178,LEFT_HEEL,0.028567299246788025,-0.5702836811542511,0.13779803737998
5904,5.933333333333334,178,RIGHT_HEEL,-0.05049179494380951,-0.5731997787952424,0.1845495887100696
5905,5.933333333333334,178,LEFT_FOOT_INDEX,0.038001641631126404,-0.6504916250705719,0.069338846951723
5906,5.933333333333334,178,RIGHT_FOOT_INDEX,-0.0729663223028183,-0.6590118706226349,0.1148235239088535
5907,5.966666666666667,179,NOSE,0.010413169860839844,0.06928586959838867,-0.1258557811379433
5908,5.966666666666667,179,LEFT_EYE_INNER,0.017935991287231445,0.08746153116226196,-0.11798977106809622
5909,5.966666666666667,179,LEFT_EYE,0.022280633449554443,0.08562025427818298,-0.11802159994840619
5910,5.966666666666667,179,LEFT_EYE_OUTER,0.02679985761642456,0.08423769474029547,-0.1181032583117485
5911,5.966666666666667,179,RIGHT_EYE_INNER,0.005203127861022949,0.09417220950126648,-0.1193405613303185
5912,5.966666666666667,179,RIGHT_EYE,0.0004781484603881836,0.09650903940200806,-0.119321845471859
5913,5.966666666666667,179,RIGHT_EYE_OUTER,-0.004207611083984375,0.09795019030570984,-0.119359977543354
5914,5.966666666666667,179,LEFT_EAR,0.031739115715026855,0.08112785220146179,-0.0413725227117539
5915,5.966666666666667,179,RIGHT_EAR,-0.01300346851348877,0.09649428725242615,-0.052264623343944605
5916,5.966666666666667,179,MOUTH_LEFT,0.01595616340637207,0.04515391588211065,-0.09415831416845322
5917,5.966666666666667,179,MOUTH_RIGHT,0.0021799206733703613,0.05381795763969427,-0.09715933352708819
5918,5.966666666666667,179,LEFT_SHOULDER,0.0509679913520813,-0.012653231620788519,-0.00019392371177670564
5919,5.966666666666667,179,RIGHT_SHOULDER,-0.050967991352081354,0.012653231620788574,0.0001939237117766987
5920,5.966666666666667,179,LEFT_ELBOW,0.07095611095428467,-0.14751240611076355,0.015276115387678098
5921,5.966666666666667,179,RIGHT_ELBOW,-0.09879636764526367,-0.10200500488281244,-0.0623271986842156
5922,5.966666666666667,179,LEFT_WRIST,0.04358184337615967,-0.2094152867794037,-0.05331896990537641
5923,5.966666666666667,179,RIGHT_WRIST,-0.03773188591003418,-0.07163646817207331,-0.1770019456744194
5924,5.966666666666667,179,LEFT_PINKY,0.035987257957458496,-0.23482951521873474,-0.0736059620976448
5925,5.966666666666667,179,RIGHT_PINKY,-0.01774659752845764,-0.08907103538513184,-0.1995028480887413
5926,5.966666666666667,179,LEFT_INDEX,0.028918147087097168,-0.20689156651496887,-0.07474527508020401
5927,5.966666666666667,179,RIGHT_INDEX,-0.008556723594665527,-0.07033860683441162,-0.1825446709990502
5928,5.966666666666667,179,LEFT_THUMB,0.02945035696029663,-0.1967654526233673,-0.052290752530098
5929,5.966666666666667,179,RIGHT_THUMB,-0.013608276844024658,-0.06480857729911804,-0.1698334887623787
5930,5.966666666666667,179,LEFT_HIP,0.02186030149459839,-0.2536903917789459,0.0421847223769872
5931,5.966666666666667,179,RIGHT_HIP,-0.039660453796386774,-0.24745431542396545,0.03735890099778769
5932,5.966666666666667,179,LEFT_KNEE,0.0411568284034729,-0.40973207354545593,-0.006166126579046305
5933,5.966666666666667,179,RIGHT_KNEE,-0.04873162508010864,-0.41096970438957214,0.0508154984563588
5934,5.966666666666667,179,LEFT_ANKLE,0.04456216096878052,-0.5635551512241364,0.1079459190368651
5935,5.966666666666667,179,RIGHT_ANKLE,-0.05405122041702276,-0.5589320957660675,0.1806589737534522
5936,5.966666666666667,179,LEFT_HEEL,0.027754247188568115,-0.5697088539600371,0.117757312953472
5937,5.966666666666667,179,RIGHT_HEEL,-0.051990836858749445,-0.5680756270885468,0.1942825391888618
5938,5.966666666666667,179,LEFT_FOOT_INDEX,0.03647482395172119,-0.6510811746120453,0.061660440638661294
5939,5.966666666666667,179,RIGHT_FOOT_INDEX,-0.07613545656204224,-0.64385125041008,0.1349893957376479
5940,6.0,180,NOSE,0.010172143578529358,0.06926564872264857,-0.1409986093640327
5941,6.0,180,LEFT_EYE_INNER,0.017856553196907043,0.08720077574253077,-0.1325347498059273
5942,6.0,180,LEFT_EYE,0.02223248779773712,0.08529095351696014,-0.132556639611721
5943,6.0,180,LEFT_EYE_OUTER,0.026760771870613098,0.08381889760494227,-0.1326293721795082
5944,6.0,180,RIGHT_EYE_INNER,0.00504477322101593,0.09401898086071014,-0.133252777159214
5945,6.0,180,RIGHT_EYE,0.0003087073564529419,0.09635330736637115,-0.1332372054457664
5946,6.0,180,RIGHT_EYE_OUTER,-0.004413112998008728,0.09787620604038233,-0.1332735642790794
5947,6.0,180,LEFT_EAR,0.03161139786243439,0.08046109974384302,-0.0493673831224441
5948,6.0,180,RIGHT_EAR,-0.013214275240898132,0.09619463980197906,-0.058525405824184404
5949,6.0,180,MOUTH_LEFT,0.01572294533252716,0.04510758817195887,-0.10677158087491989
5950,6.0,180,MOUTH_RIGHT,0.002022579312324524,0.053838357329368536,-0.1091960147023201
5951,6.0,180,LEFT_SHOULDER,0.05051286518573761,-0.013080492615699768,-0.0010971575975418021
5952,6.0,180,RIGHT_SHOULDER,-0.050512865185737665,0.013080492615699768,0.0010971575975418021
5953,6.0,180,LEFT_ELBOW,0.07046575844287872,-0.14814977347850805,0.0151396580040455
5954,6.0,180,RIGHT_ELBOW,-0.0991673618555069,-0.09710262715816503,-0.0671093016862869
5955,6.0,180,LEFT_WRIST,0.04426373541355133,-0.2098438590765,-0.06701479107141489
5956,6.0,180,RIGHT_WRIST,-0.037360355257987976,-0.06552816927433014,-0.18261220306158069
5957,6.0,180,LEFT_PINKY,0.03664447367191315,-0.2354582995176316,-0.09163776785135269
5958,6.0,180,RIGHT_PINKY,-0.017636373639106806,-0.08316276967525488,-0.1919036880135536
5959,6.0,180,LEFT_INDEX,0.028889134526252747,-0.20760677754879003,-0.09367673844099039
5960,6.0,180,RIGHT_INDEX,-0.008287832140922546,-0.06607018411159515,-0.1977175995707512
5961,6.0,180,LEFT_THUMB,0.029213503003120422,-0.197569951415062,-0.066828154027462
5962,6.0,180,RIGHT_THUMB,-0.01281563937664032,-0.06044359505176544,-0.1612172350287437
5963,6.0,180,LEFT_HIP,0.021404162049293518,-0.2530991286039353,0.053024319699034
5964,6.0,180,RIGHT_HIP,-0.04012800753116608,-0.24429534375667578,0.0485006086528301
5965,6.0,180,LEFT_KNEE,0.0429549366235733,-0.39420239627361303,-0.020227454602718298
5966,6.0,180,RIGHT_KNEE,-0.054433330893516596,-0.3982796519994736,0.0533801049459725
5967,6.0,180,LEFT_ANKLE,0.03716851770877838,-0.5579279512166977,0.1194058284163474
5968,6.0,180,RIGHT_ANKLE,-0.05530010163784027,-0.5553492158651352,0.2041252329945564
5969,6.0,180,LEFT_HEEL,0.026248052716255188,-0.562595531344414,0.1314980164170264
5970,6.0,180,RIGHT_HEEL,-0.0539843887090683,-0.5653313845396044,0.2198716327548026
5971,6.0,180,LEFT_FOOT_INDEX,0.032552555203437805,-0.6364767998456955,0.0750964898616075
5972,6.0,180,RIGHT_FOOT_INDEX,-0.0784007757902146,-0.6286659687757492,0.1579676270484924
5973,6.033333333333333,181,NOSE,0.010077357292175293,0.06979614496231079,-0.14890520647168154
5974,6.033333333333333,181,LEFT_EYE_INNER,0.0179593563079834,0.08743524551391602,-0.13969581201672554
5975,6.033333333333333,181,LEFT_EYE,0.022416234016418457,0.08546248078346247,-0.13971646502614024
5976,6.033333333333333,181,LEFT_EYE_OUTER,0.02695387601852417,0.08392396569252009,-0.13977855816483495
5977,6.033333333333333,181,RIGHT_EYE_INNER,0.005010485649108887,0.09456762671470637,-0.14045490697026256
5978,6.033333333333333,181,RIGHT_EYE,0.0002644658088684082,0.09699094295501709,-0.14045340195298195
5979,6.033333333333333,181,RIGHT_EYE_OUTER,-0.0044730305671691895,0.09868654608726501,-0.14047944918274874
5980,6.033333333333333,181,LEFT_EAR,0.03170841932296753,0.08044996857643122,-0.05171846970915796
5981,6.033333333333333,181,RIGHT_EAR,-0.013255119323730469,0.0966701209545135,-0.06080325320363045
5982,6.033333333333333,181,MOUTH_LEFT,0.015621602535247803,0.04556837677955622,-0.11282594874501226
5983,6.033333333333333,181,MOUTH_RIGHT,0.0019634366035461426,0.054547518491744995,-0.11531094089150426
5984,6.033333333333333,181,LEFT_SHOULDER,0.05021989345550537,-0.013113141059875488,-0.0011254139244556496
5985,6.033333333333333,181,RIGHT_SHOULDER,-0.05021989345550537,0.013113141059875488,0.0011254139244556496
5986,6.033333333333333,181,LEFT_ELBOW,0.07009011507034302,-0.14926901459693914,0.017946049571037348
5987,6.033333333333333,181,RIGHT_ELBOW,-0.09949219226837158,-0.0941508412361145,-0.07822810485959056
5988,6.033333333333333,181,LEFT_WRIST,0.04409658908843994,-0.20985397696495062,-0.05305717512965205
5989,6.033333333333333,181,RIGHT_WRIST,-0.03549873828887945,-0.05923020839691162,-0.21388034895062444
5990,6.033333333333333,181,LEFT_PINKY,0.036434710025787354,-0.23550710082054144,-0.07679616287350655
5991,6.033333333333333,181,RIGHT_PINKY,-0.015733510255813654,-0.0773070752620697,-0.23799296095967296
5992,6.033333333333333,181,LEFT_INDEX,0.028572678565979004,-0.2080699503421784,-0.08137406781315806
5993,6.033333333333333,181,RIGHT_INDEX,-0.006488978862762451,-0.06246408820152288,-0.22489805892109874
5994,6.033333333333333,181,LEFT_THUMB,0.02887970209121704,-0.1983099281787873,-0.05329821631312365
5995,6.033333333333333,181,RIGHT_THUMB,-0.010949671268463135,-0.05631488561630249,-0.20275302603840825
5996,6.033333333333333,181,LEFT_HIP,0.021227478981018066,-0.2539797723293305,0.05775992455892255
5997,6.033333333333333,181,RIGHT_HIP,-0.039907306432724055,-0.2454328835010529,0.050517244962975445
5998,6.033333333333333,181,LEFT_KNEE,0.042297542095184326,-0.4213887751102448,0.008131757378578248
5999,6.033333333333333,181,RIGHT_KNEE,-0.04948604106903076,-0.4197556078433991,0.07410711981356136
6000,6.033333333333333,181,LEFT_ANKLE,0.0414082407951355,-0.567106693983078,0.14074032381176943
6001,6.033333333333333,181,RIGHT_ANKLE,-0.05485880374908447,-0.5608573257923126,0.23078375682234756
6002,6.033333333333333,181,LEFT_HEEL,0.02974522113800049,-0.5723197758197784,0.15158757939934725
6003,6.033333333333333,181,RIGHT_HEEL,-0.053501784801483154,-0.568489342927933,0.24523923918604845
6004,6.033333333333333,181,LEFT_FOOT_INDEX,0.037055015563964844,-0.658425360918045,0.08067728765308844
6005,6.033333333333333,181,RIGHT_FOOT_INDEX,-0.07555311918258667,-0.6463196575641632,0.16516795381903643
6006,6.066666666666666,182,NOSE,0.010115623474121094,0.0705384910106659,-0.1529776696115732
6007,6.066666666666666,182,LEFT_EYE_INNER,0.0181238055229187,0.08772820234298712,-0.1400866899639368
6008,6.066666666666666,182,LEFT_EYE,0.022588074207305908,0.08565041422843933,-0.1400845292955637
6009,6.066666666666666,182,LEFT_EYE_OUTER,0.027136266231536865,0.08402076363563543,-0.1401108596473932
6010,6.066666666666666,182,RIGHT_EYE_INNER,0.005097329616546631,0.09510132670402532,-0.1412085089832545
6011,6.066666666666666,182,RIGHT_EYE,0.0003241896629333496,0.0975537896156311,-0.1412267331033945
6012,6.066666666666666,182,RIGHT_EYE_OUTER,-0.004401028156280518,0.0993800163269043,-0.1412216816097498
6013,6.066666666666666,182,LEFT_EAR,0.031898438930511475,0.0802825391292572,-0.053652623668313
6014,6.066666666666666,182,RIGHT_EAR,-0.013142168521881104,0.09710723161697393,-0.0628234911710024
6015,6.066666666666666,182,MOUTH_LEFT,0.01573491096496582,0.046328842639923096,-0.1127406749874354
6016,6.066666666666666,182,MOUTH_RIGHT,0.0019419193267822266,0.05559593439102173,-0.11613363958895209
6017,6.066666666666666,182,LEFT_SHOULDER,0.050149619579315186,-0.013392388820648193,-0.0005436670035124033
6018,6.066666666666666,182,RIGHT_SHOULDER,-0.050149619579315186,0.013392388820648193,0.0005436670035124033
6019,6.066666666666666,182,LEFT_ELBOW,0.06997686624526978,-0.15000206232070923,0.022860044613480603
6020,6.066666666666666,182,RIGHT_ELBOW,-0.0995295941829682,-0.09098520874977106,-0.0902324859052897
6021,6.066666666666666,182,LEFT_WRIST,0.0443422794342041,-0.2100902795791626,-0.0490667019039393
6022,6.066666666666666,182,RIGHT_WRIST,-0.03305301070213318,-0.056129127740859985,-0.23483463563024998
6023,6.066666666666666,182,LEFT_PINKY,0.03657209873199463,-0.23576271533966064,-0.0737730953842402
6024,6.066666666666666,182,RIGHT_PINKY,-0.01385486125946045,-0.07516065239906311,-0.2650282923132182
6025,6.066666666666666,182,LEFT_INDEX,0.028590142726898193,-0.20847845077514648,-0.07970036007463929
6026,6.066666666666666,182,RIGHT_INDEX,-0.003934025764465332,-0.06324303150176996,-0.2500126902014017
6027,6.066666666666666,182,LEFT_THUMB,0.028835833072662354,-0.19895946979522705,-0.050080629065632806
6028,6.066666666666666,182,RIGHT_THUMB,-0.008048176765441895,-0.05661359429359436,-0.22828703559935098
6029,6.066666666666666,182,LEFT_HIP,0.021154344081878662,-0.2546743154525757,0.0613929098471998
6030,6.066666666666666,182,RIGHT_HIP,-0.0399472713470459,-0.24609816074371338,0.0514115914702415
6031,6.066666666666666,182,LEFT_KNEE,0.042044103145599365,-0.4233541488647461,0.007751947268843602
6032,6.066666666666666,182,RIGHT_KNEE,-0.04733657836914068,-0.42441481351852417,0.0775779057294129
6033,6.066666666666666,182,LEFT_ANKLE,0.04136615991592407,-0.5700285434722902,0.1430097203701734
6034,6.066666666666666,182,RIGHT_ANKLE,-0.05448940396308899,-0.5626641511917114,0.2432095017284154
6035,6.066666666666666,182,LEFT_HEEL,0.028968095779418945,-0.574793517589569,0.153978956863284
6036,6.066666666666666,182,RIGHT_HEEL,-0.05311205983161926,-0.5696946382522582,0.2580368127673863
6037,6.066666666666666,182,LEFT_FOOT_INDEX,0.037072837352752686,-0.6613826751708984,0.0785226207226514
6038,6.066666666666666,182,RIGHT_FOOT_INDEX,-0.0737694501876831,-0.6508805751800537,0.1713274773210286
6039,6.1,183,NOSE,0.009890764951705933,0.07172349095344543,-0.1568834017962218
6040,6.1,183,LEFT_EYE_INNER,0.01789996027946472,0.08859279751777649,-0.1409967672079802
6041,6.1,183,LEFT_EYE,0.02237221598625183,0.08637344837188721,-0.1410011481493712
6042,6.1,183,LEFT_EYE_OUTER,0.0269259512424469,0.08456981182098389,-0.1410444062203169
6043,6.1,183,RIGHT_EYE_INNER,0.004865735769271851,0.0959969162940979,-0.1426459532231093
6044,6.1,183,RIGHT_EYE,9.378790855407715e-05,0.09841331839561462,-0.1426694374531508
6045,6.1,183,RIGHT_EYE_OUTER,-0.00460246205329895,0.10031768679618841,-0.14268225245177749
6046,6.1,183,LEFT_EAR,0.03179183602333069,0.08026126027107239,-0.0545419957488775
6047,6.1,183,RIGHT_EAR,-0.013228684663772583,0.09756320714950562,-0.0637004431337118
6048,6.1,183,MOUTH_LEFT,0.01554211974143982,0.047336429357528687,-0.11373221687972551
6049,6.1,183,MOUTH_RIGHT,0.0016888678073883057,0.05678775906562811,-0.11731821112334731
6050,6.1,183,LEFT_SHOULDER,0.05001094937324524,-0.013777405023574774,0.0005811657756567001
6051,6.1,183,RIGHT_SHOULDER,-0.050010949373245295,0.013777405023574829,-0.0005811657756567001
6052,6.1,183,LEFT_ELBOW,0.06976392865180969,-0.1506289839744568,0.0221846755594015
6053,6.1,183,RIGHT_ELBOW,-0.10014060139656067,-0.083404541015625,-0.0992042850703001
6054,6.1,183,LEFT_WRIST,0.04496774077415466,-0.21029460430145264,-0.053493885323405294
6055,6.1,183,RIGHT_WRIST,-0.03188356757164007,-0.052276611328125,-0.2500750105828047
6056,6.1,183,LEFT_PINKY,0.03685399889945984,-0.23603636026382446,-0.0793556403368712
6057,6.1,183,RIGHT_PINKY,-0.012988954782485962,-0.07108348608016968,-0.2823398690670729
6058,6.1,183,LEFT_INDEX,0.028702646493911743,-0.20902109146118164,-0.08513480238616469
6059,6.1,183,RIGHT_INDEX,-0.0034950077533721924,-0.06028628349304199,-0.2666192334145308
6060,6.1,183,LEFT_THUMB,0.028801411390304565,-0.19966846704483032,-0.0546412598341704
6061,6.1,183,RIGHT_THUMB,-0.007519036531448364,-0.05420908331871027,-0.24428430013358599
6062,6.1,183,LEFT_HIP,0.020919114351272583,-0.2556266784667969,0.0624426770955323
6063,6.1,183,RIGHT_HIP,-0.0401117205619812,-0.24670922756195068,0.0495609594509005
6064,6.1,183,LEFT_KNEE,0.04045096039772034,-0.4281884431838989,0.006220197305083303
6065,6.1,183,RIGHT_KNEE,-0.045234054327011164,-0.4300727844238281,0.07407659292221061
6066,6.1,183,LEFT_ANKLE,0.041190773248672485,-0.571779489517212,0.1585481483489274
6067,6.1,183,RIGHT_ANKLE,-0.0544105470180512,-0.5644261837005616,0.25020581670105446
6068,6.1,183,LEFT_HEEL,0.027836531400680542,-0.575869083404541,0.1718770135194062
6069,6.1,183,RIGHT_HEEL,-0.0529346764087677,-0.5709450840950012,0.2660467494279145
6070,6.1,183,LEFT_FOOT_INDEX,0.03563430905342102,-0.6630280017852783,0.0914222765713929
6071,6.1,183,RIGHT_FOOT_INDEX,-0.0719321072101593,-0.6570985317230225,0.17445548065006722
6072,6.133333333333334,184,NOSE,0.009464487433433533,0.0728974342346192,-0.14793290384113786
6073,6.133333333333334,184,LEFT_EYE_INNER,0.017512604594230652,0.08982554078102117,-0.13580033369362357
6074,6.133333333333334,184,LEFT_EYE,0.02200739085674286,0.0875487625598908,-0.13582018204033375
6075,6.133333333333334,184,LEFT_EYE_OUTER,0.02656172215938568,0.08552798628807068,-0.13588373549282556
6076,6.133333333333334,184,RIGHT_EYE_INNER,0.004492923617362976,0.0969527959823609,-0.13623418100178245
6077,6.133333333333334,184,RIGHT_EYE,-0.00028468668460845947,0.09918606281280518,-0.13620843179523945
6078,6.133333333333334,184,RIGHT_EYE_OUTER,-0.004983201622962952,0.10103842616081238,-0.13622336275875566
6079,6.133333333333334,184,LEFT_EAR,0.0314398854970932,0.08054971694946289,-0.04634035564959046
6080,6.133333333333334,184,RIGHT_EAR,-0.01340724527835846,0.09779834747314459,-0.053607368841767346
6081,6.133333333333334,184,MOUTH_LEFT,0.015170440077781677,0.0483492910861969,-0.11050543375313285
6082,6.133333333333334,184,MOUTH_RIGHT,0.0012643784284591675,0.05788937211036688,-0.11271122284233576
6083,6.133333333333334,184,LEFT_SHOULDER,0.04990248382091522,-0.01445040106773371,0.00040225125849244897
6084,6.133333333333334,184,RIGHT_SHOULDER,-0.04990248382091528,0.014450401067733765,-0.00040225125849244897
6085,6.133333333333334,184,LEFT_ELBOW,0.06939201056957245,-0.15132632851600647,0.015740728005766848
6086,6.133333333333334,184,RIGHT_ELBOW,-0.10106392204761505,-0.07711976766586304,-0.10554458387196067
6087,6.133333333333334,184,LEFT_WRIST,0.04504720866680145,-0.21053722500801086,-0.058141322806477554
6088,6.133333333333334,184,RIGHT_WRIST,-0.030981615185737665,-0.05142989754676813,-0.24898536689579487
6089,6.133333333333334,184,LEFT_PINKY,0.036579594016075134,-0.23668816685676575,-0.08313225395977497
6090,6.133333333333334,184,RIGHT_PINKY,-0.012153401970863342,-0.07035893201828003,-0.2790830601006747
6091,6.133333333333334,184,LEFT_INDEX,0.02851484715938568,-0.2097204625606537,-0.08699965663254267
6092,6.133333333333334,184,RIGHT_INDEX,-0.002970770001411438,-0.06003221869468689,-0.25615294463932514
6093,6.133333333333334,184,LEFT_THUMB,0.02852688729763031,-0.20042988657951355,-0.05840444751083856
6094,6.133333333333334,184,RIGHT_THUMB,-0.00688721239566803,-0.0538250207901001,-0.23987190611660486
6095,6.133333333333334,184,LEFT_HIP,0.020577415823936462,-0.2563604414463043,0.05354838119819755
6096,6.133333333333334,184,RIGHT_HIP,-0.040132954716682434,-0.246302992105484,0.04128026356920605
6097,6.133333333333334,184,LEFT_KNEE,0.03984080255031586,-0.42796632647514343,-0.015654625371098553
6098,6.133333333333334,184,RIGHT_KNEE,-0.044161602854728754,-0.42954424023628235,0.06500824354588974
6099,6.133333333333334,184,LEFT_ANKLE,0.04086039960384369,-0.5727212727069854,0.13029721193015564
6100,6.133333333333334,184,RIGHT_ANKLE,-0.05471371114253998,-0.566054731607437,0.22994755022227753
6101,6.133333333333334,184,LEFT_HEEL,0.026495561003684998,-0.575565129518509,0.14271852187812314
6102,6.133333333333334,184,RIGHT_HEEL,-0.05305270850658417,-0.5720496475696564,0.24459548108279694
6103,6.133333333333334,184,LEFT_FOOT_INDEX,0.03157822787761688,-0.662052184343338,0.06929510273039335
6104,6.133333333333334,184,RIGHT_FOOT_INDEX,-0.07160605490207678,-0.6574497520923615,0.15926358662545675
6105,6.166666666666667,185,NOSE,0.008956223726272583,0.07249589264392853,-0.14807512238621712
6106,6.166666666666667,185,LEFT_EYE_INNER,0.01708272099494934,0.08963425457477575,-0.1376494504511356
6107,6.166666666666667,185,LEFT_EYE,0.021671921014785767,0.08734010159969335,-0.1376667805016041
6108,6.166666666666667,185,LEFT_EYE_OUTER,0.026222914457321167,0.08528722822666168,-0.1377312280237675
6109,6.166666666666667,185,RIGHT_EYE_INNER,0.004042953252792358,0.09666271507740026,-0.1379230953752994
6110,6.166666666666667,185,RIGHT_EYE,-0.0006680786609649658,0.09883062541484833,-0.1379073448479175
6111,6.166666666666667,185,RIGHT_EYE_OUTER,-0.00522264838218689,0.10064561665058136,-0.1379340626299381
6112,6.166666666666667,185,LEFT_EAR,0.031235307455062866,0.08023868501186376,-0.0426355265080929
6113,6.166666666666667,185,RIGHT_EAR,-0.013570219278335571,0.09742836654186254,-0.055264431983232505
6114,6.166666666666667,185,MOUTH_LEFT,0.014879375696182251,0.048088833689689636,-0.11165143921971321
6115,6.166666666666667,185,MOUTH_RIGHT,0.0006395876407623291,0.05735342204570776,-0.11380818858742711
6116,6.166666666666667,185,LEFT_SHOULDER,0.05003133416175842,-0.01515643298625946,-0.0004275403916835993
6117,6.166666666666667,185,RIGHT_SHOULDER,-0.05003133416175842,0.01515643298625946,0.0004275403916835993
6118,6.166666666666667,185,LEFT_ELBOW,0.0691971480846405,-0.15207289159297943,0.0154016725718975
6119,6.166666666666667,185,RIGHT_ELBOW,-0.10210287570953369,-0.07404972612857813,-0.0945941992104053
6120,6.166666666666667,185,LEFT_WRIST,0.04492202401161194,-0.21075527369976044,-0.057753507047891596
6121,6.166666666666667,185,RIGHT_WRIST,-0.030730783939361628,-0.04974640905857086,-0.23393321409821513
6122,6.166666666666667,185,LEFT_PINKY,0.03637191653251648,-0.23739932477474213,-0.0812316574156284
6123,6.166666666666667,185,RIGHT_PINKY,-0.011344820261001587,-0.06879715621471405,-0.2539675273001194
6124,6.166666666666667,185,LEFT_INDEX,0.028360754251480103,-0.21035514771938324,-0.0825677253305912
6125,6.166666666666667,185,RIGHT_INDEX,-0.0026832520961761475,-0.05859889090061182,-0.2307749725878239
6126,6.166666666666667,185,LEFT_THUMB,0.028336316347122192,-0.20114050805568695,-0.0575775094330311
6127,6.166666666666667,185,RIGHT_THUMB,-0.006804913282394409,-0.05198569595813746,-0.22186327353119853
6128,6.166666666666667,185,LEFT_HIP,0.02076449990272522,-0.25264547765254974,0.056966685689985704
6129,6.166666666666667,185,RIGHT_HIP,-0.040085822343826294,-0.24135200679302216,0.0488886144012213
6130,6.166666666666667,185,LEFT_KNEE,0.04654398560523987,-0.3795107454061508,-0.0575592555105686
6131,6.166666666666667,185,RIGHT_KNEE,-0.05085045099258423,-0.3986920565366745,0.0432849936187268
6132,6.166666666666667,185,LEFT_ANKLE,0.04066339135169983,-0.5632273405790329,0.0894593372941016
6133,6.166666666666667,185,RIGHT_ANKLE,-0.054869443178176935,-0.5584167689085008,0.2124890349805354
6134,6.166666666666667,185,LEFT_HEEL,0.025879472494125366,-0.5710443109273912,0.1020629927515983
6135,6.166666666666667,185,RIGHT_HEEL,-0.05292335152626043,-0.5675690025091171,0.2285710237920284
6136,6.166666666666667,185,LEFT_FOOT_INDEX,0.03136768937110901,-0.6435079425573349,0.0406340686604381
6137,6.166666666666667,185,RIGHT_FOOT_INDEX,-0.07113519310951233,-0.6309215277433395,0.161751490086317
6138,6.2,186,NOSE,0.008289039134979248,0.0723260641098023,-0.1899969913065434
6139,6.2,186,LEFT_EYE_INNER,0.016632676124572754,0.08940643072128301,-0.17466381564736372
6140,6.2,186,LEFT_EYE,0.021359026432037354,0.0870303213596344,-0.17463481798768038
6141,6.2,186,LEFT_EYE_OUTER,0.025965631008148193,0.08480626344680792,-0.1746704913675785
6142,6.2,186,RIGHT_EYE_INNER,0.0034992098808288574,0.09642225503921509,-0.17610004916787148
6143,6.2,186,RIGHT_EYE,-0.0011686086654663086,0.0985146164894104,-0.1761322058737278
6144,6.2,186,RIGHT_EYE_OUTER,-0.005557000637054443,0.10031160712242132,-0.1761607863008976
6145,6.2,186,LEFT_EAR,0.031118690967559814,0.07930052280426031,-0.062009382992982906
6146,6.2,186,RIGHT_EAR,-0.013759076595306396,0.09688052535057068,-0.0759105570614338
6147,6.2,186,MOUTH_LEFT,0.014556407928466797,0.047870248556137085,-0.14617832377552992
6148,6.2,186,MOUTH_RIGHT,-0.0002624392509460449,0.057580143213272095,-0.1497721709311009
6149,6.2,186,LEFT_SHOULDER,0.04988384246826172,-0.016320914030075018,0.009639766067266499
6150,6.2,186,RIGHT_SHOULDER,-0.04988384246826172,0.016320914030075073,-0.009639766067266506
6151,6.2,186,LEFT_ELBOW,0.06932002305984497,-0.15172097086906433,0.006486322730779703
6152,6.2,186,RIGHT_ELBOW,-0.10248744487762451,-0.07146832346916199,-0.11717787757515909
6153,6.2,186,LEFT_WRIST,0.04551023244857788,-0.21154490113258362,-0.09399572387337689
6154,6.2,186,RIGHT_WRIST,-0.028945803642273005,-0.048312216997146606,-0.2730721570551396
6155,6.2,186,LEFT_PINKY,0.03644829988479614,-0.23879823088645935,-0.1185577847063541
6156,6.2,186,RIGHT_PINKY,-0.009458541870117188,-0.06957665085792542,-0.3048325814306736
6157,6.2,186,LEFT_INDEX,0.02843332290649414,-0.2112874686717987,-0.12114793434739109
6158,6.2,186,RIGHT_INDEX,0.00022864341735839844,-0.06124630570411682,-0.2879552878439427
6159,6.2,186,LEFT_THUMB,0.028531908988952637,-0.20240429043769836,-0.09401503577828409
6160,6.2,186,RIGHT_THUMB,-0.003639519214630127,-0.053671956062316895,-0.2663890458643437
6161,6.2,186,LEFT_HIP,0.020744144916534424,-0.24688485264778137,0.0717975767329334
6162,6.2,186,RIGHT_HIP,-0.04023480415344244,-0.22967371344566345,0.0604020948521793
6163,6.2,186,LEFT_KNEE,0.058973610401153564,-0.2726195156574249,-0.14127841964364052
6164,6.2,186,RIGHT_KNEE,-0.059792667627334595,-0.24631139636039734,-0.1706025935709477
6165,6.2,186,LEFT_ANKLE,0.015454590320587158,-0.47317925095558167,0.005748882889747599
6166,6.2,186,RIGHT_ANKLE,-0.05660712718963623,-0.4516306221485138,-0.027389157563447994
6167,6.2,186,LEFT_HEEL,0.006904900074005127,-0.5057169497013092,0.018802959471941
6168,6.2,186,RIGHT_HEEL,-0.05394098162651062,-0.4784485995769501,-0.013851579278707504
6169,6.2,186,LEFT_FOOT_INDEX,0.01567310094833374,-0.5606515109539032,-0.050883676856756196
6170,6.2,186,RIGHT_FOOT_INDEX,-0.06841874122619629,-0.534824401140213,-0.0937309749424458
6171,6.233333333333333,187,NOSE,0.007264256477355957,0.07425366342067724,-0.143018264323473
6172,6.233333333333333,187,LEFT_EYE_INNER,0.015677928924560547,0.09123273193836212,-0.1333104111254215
6173,6.233333333333333,187,LEFT_EYE,0.020580172538757324,0.08883385360240936,-0.1332885809242726
6174,6.233333333333333,187,LEFT_EYE_OUTER,0.02526324987411499,0.08644868433475494,-0.1333205290138722
6175,6.233333333333333,187,RIGHT_EYE_INNER,0.0024662017822265625,0.09790335595607763,-0.1325609274208546
6176,6.233333333333333,187,RIGHT_EYE,-0.0021383166313171387,0.09987054765224457,-0.1325638182461262
6177,6.233333333333333,187,RIGHT_EYE_OUTER,-0.0064048171043396,0.10151816904544836,-0.1326112486422062
6178,6.233333333333333,187,LEFT_EAR,0.030700743198394775,0.08036677539348602,-0.050321530550718294
6179,6.233333333333333,187,RIGHT_EAR,-0.014188528060913086,0.09762920439243317,-0.0539265014231205
6180,6.233333333333333,187,MOUTH_LEFT,0.013854742050170898,0.04974366724491125,-0.1110018827021122
6181,6.233333333333333,187,MOUTH_RIGHT,-0.0015010833740234375,0.05971018970012665,-0.11163533106446269
6182,6.233333333333333,187,LEFT_SHOULDER,0.049674808979034424,-0.016997620463371277,0.005827564746141399
6183,6.233333333333333,187,RIGHT_SHOULDER,-0.04967480897903448,0.016997620463371332,-0.005827564746141406
6184,6.233333333333333,187,LEFT_ELBOW,0.06886911392211914,-0.15231965482234955,0.010972756892442696
6185,6.233333333333333,187,RIGHT_ELBOW,-0.10362368822097778,-0.06993381679058075,-0.0995707549154759
6186,6.233333333333333,187,LEFT_WRIST,0.04494267702102661,-0.212921604514122,-0.05365787819027901
6187,6.233333333333333,187,RIGHT_WRIST,-0.030131459236145075,-0.048243954777717535,-0.20769192650914198
6188,6.233333333333333,187,LEFT_PINKY,0.03591352701187134,-0.2396213263273239,-0.0699612982571125
6189,6.233333333333333,187,RIGHT_PINKY,-0.010831296443939209,-0.06881545484066004,-0.22914262488484388
6190,6.233333333333333,187,LEFT_INDEX,0.02837228775024414,-0.21216420829296112,-0.0695748217403889
6191,6.233333333333333,187,RIGHT_INDEX,-0.0012679696083068848,-0.060547247529029846,-0.20727716758847242
6192,6.233333333333333,187,LEFT_THUMB,0.02862924337387085,-0.20359651744365692,-0.051499437540769605
6193,6.233333333333333,187,RIGHT_THUMB,-0.005198478698730469,-0.05306316912174225,-0.19821040704846388
6194,6.233333333333333,187,LEFT_HIP,0.020217716693878174,-0.24891327321529388,0.0682744168443604
6195,6.233333333333333,187,RIGHT_HIP,-0.04064887762069708,-0.23391805589199066,0.065454856143333
6196,6.233333333333333,187,LEFT_KNEE,0.05616259574890137,-0.3351666182279587,-0.0232222490012646
6197,6.233333333333333,187,RIGHT_KNEE,-0.05676338076591497,-0.2566091865301132,0.0422825179994106
6198,6.233333333333333,187,LEFT_ANKLE,0.0215875506401062,-0.5118183344602585,0.1232977621257304
6199,6.233333333333333,187,RIGHT_ANKLE,-0.05548614263534546,-0.46329860389232635,0.1965384893119334
6200,6.233333333333333,187,LEFT_HEEL,0.01236724853515625,-0.5284244269132614,0.1357127614319324
6201,6.233333333333333,187,RIGHT_HEEL,-0.05168029665946966,-0.4903133362531662,0.2113262377679347
6202,6.233333333333333,187,LEFT_FOOT_INDEX,0.019459068775177002,-0.5974432677030563,0.0858274064958095
6203,6.233333333333333,187,RIGHT_FOOT_INDEX,-0.06772583723068237,-0.5720671266317368,0.1551680378615855
6204,6.266666666666667,188,NOSE,0.005714535713195801,0.07469008862972254,-0.1407901458442212
6205,6.266666666666667,188,LEFT_EYE_INNER,0.014358818531036377,0.09167222678661346,-0.13008740171790129
6206,6.266666666666667,188,LEFT_EYE,0.01941901445388794,0.08933342993259424,-0.1300608925521374
6207,6.266666666666667,188,LEFT_EYE_OUTER,0.024147987365722656,0.08695860207080836,-0.1300724409520627
6208,6.266666666666667,188,RIGHT_EYE_INNER,0.0010824203491210938,0.09804816544055933,-0.1292316429316998
6209,6.266666666666667,188,RIGHT_EYE,-0.003454923629760742,0.09999705851078028,-0.1292328499257565
6210,6.266666666666667,188,RIGHT_EYE_OUTER,-0.007513105869293213,0.10159020125865936,-0.1292827092111111
6211,6.266666666666667,188,LEFT_EAR,0.03008556365966797,0.08065746724605555,-0.04607155546545989
6212,6.266666666666667,188,RIGHT_EAR,-0.014796137809753418,0.09745721518993378,-0.0477693490684033
6213,6.266666666666667,188,MOUTH_LEFT,0.012822389602661133,0.05051495134830475,-0.10783590003848079
6214,6.266666666666667,188,MOUTH_RIGHT,-0.0031258463859558105,0.06054909527301783,-0.1082336269319058
6215,6.266666666666667,188,LEFT_SHOULDER,0.04944407939910889,-0.01771681010723114,0.0017126165330410004
6216,6.266666666666667,188,RIGHT_SHOULDER,-0.04944407939910889,0.01771681010723114,-0.0017126165330410004
6217,6.266666666666667,188,LEFT_ELBOW,0.06822466850280762,-0.1527100652456284,0.00045686215162270283
6218,6.266666666666667,188,RIGHT_ELBOW,-0.10431998968124395,-0.06904341280460363,-0.0962791405618191
6219,6.266666666666667,188,LEFT_WRIST,0.04407846927642822,-0.2144929617643357,-0.0670068822801114
6220,6.266666666666667,188,RIGHT_WRIST,-0.03080347180366516,-0.04882274568080902,-0.2018406353890896
6221,6.266666666666667,188,LEFT_PINKY,0.03511357307434082,-0.240960642695427,-0.08162457868456849
6222,6.266666666666667,188,RIGHT_PINKY,-0.011816203594207764,-0.06900973618030554,-0.2225543223321438
6223,6.266666666666667,188,LEFT_INDEX,0.027954816818237305,-0.21351800858974462,-0.07543259486556059
6224,6.266666666666667,188,RIGHT_INDEX,-0.0021448135375976562,-0.06153227388858795,-0.20163124427199372
6225,6.266666666666667,188,LEFT_THUMB,0.02825009822845459,-0.2051508873701096,-0.06314752623438841
6226,6.266666666666667,188,RIGHT_THUMB,-0.0060842037200927734,-0.05444554984569555,-0.1927063427865506
6227,6.266666666666667,188,LEFT_HIP,0.01961362361907959,-0.25059126317501074,0.0616832149680704
6228,6.266666666666667,188,RIGHT_HIP,-0.040625870227813776,-0.23673592507839208,0.064075581380166
6229,6.266666666666667,188,LEFT_KNEE,0.05225658416748047,-0.31024585664272314,-0.046044472604990005
6230,6.266666666666667,188,RIGHT_KNEE,-0.06174105405807495,-0.3180962651968003,-0.019696447998285294
6231,6.266666666666667,188,LEFT_ANKLE,0.017249107360839844,-0.4931205958127976,0.0991738140583037
6232,6.266666666666667,188,RIGHT_ANKLE,-0.055600136518478394,-0.49349300563335424,0.12095304951071731
6233,6.266666666666667,188,LEFT_HEEL,0.013323068618774414,-0.523479089140892,0.111825156956911
6234,6.266666666666667,188,RIGHT_HEEL,-0.05087703466415405,-0.5227045863866806,0.1351604647934436
6235,6.266666666666667,188,LEFT_FOOT_INDEX,0.017461001873016357,-0.5771030634641647,0.0660915884654968
6236,6.266666666666667,188,RIGHT_FOOT_INDEX,-0.06712430715560919,-0.5772532671689987,0.0806314721703528
6237,6.3,189,NOSE,0.005231395363807678,0.07522211968898773,-0.14015783183276653
6238,6.3,189,LEFT_EYE_INNER,0.01382841169834137,0.09220309555530554,-0.12861355952918524
6239,6.3,189,LEFT_EYE,0.01894243061542511,0.08993031084537506,-0.12859168462455273
6240,6.3,189,LEFT_EYE_OUTER,0.023673132061958313,0.08753357827663422,-0.12858781032264233
6241,6.3,189,RIGHT_EYE_INNER,0.0005774646997451782,0.09839318692684174,-0.12804385833442217
6242,6.3,189,RIGHT_EYE,-0.003959223628044128,0.10035102069377905,-0.12805405072867876
6243,6.3,189,RIGHT_EYE_OUTER,-0.007966980338096619,0.10194264352321625,-0.12810614518821234
6244,6.3,189,LEFT_EAR,0.029758110642433167,0.08104334771633154,-0.042479617521166746
6245,6.3,189,RIGHT_EAR,-0.015124425292015076,0.09766061604022985,-0.04547260515391825
6246,6.3,189,MOUTH_LEFT,0.01238258183002472,0.05124627053737646,-0.10654873959720136
6247,6.3,189,MOUTH_RIGHT,-0.0036479681730270386,0.06122837960720062,-0.10734066180884834
6248,6.3,189,LEFT_SHOULDER,0.04937209188938141,-0.018072679638862554,-0.0002792980521917482
6249,6.3,189,RIGHT_SHOULDER,-0.04937209188938141,0.01807267963886261,0.0002792980521917482
6250,6.3,189,LEFT_ELBOW,0.06787718832492828,-0.15301896631717682,-0.0011486206203699528
6251,6.3,189,RIGHT_ELBOW,-0.10460700094699865,-0.06730969250202179,-0.09488306753337385
6252,6.3,189,LEFT_WRIST,0.043543532490730286,-0.2157432585954666,-0.07114477269351484
6253,6.3,189,RIGHT_WRIST,-0.030747219920158442,-0.04889000952243805,-0.20562246255576616
6254,6.3,189,LEFT_PINKY,0.03459449112415314,-0.2417423278093338,-0.08666044287383555
6255,6.3,189,RIGHT_PINKY,-0.01201842725276947,-0.06960065662860865,-0.22694238834083086
6256,6.3,189,LEFT_INDEX,0.027730301022529602,-0.2142418771982193,-0.08299919776618485
6257,6.3,189,RIGHT_INDEX,-0.0019540637731552124,-0.06286431849002838,-0.20719903521239758
6258,6.3,189,LEFT_THUMB,0.02807106077671051,-0.20596374571323395,-0.06755223684012894
6259,6.3,189,RIGHT_THUMB,-0.0057796090841293335,-0.055881157517433167,-0.19709825329482555
6260,6.3,189,LEFT_HIP,0.019511297345161438,-0.25161536037921906,0.05707450292538855
6261,6.3,189,RIGHT_HIP,-0.03969024121761322,-0.2386675626039505,0.05992724257521325
6262,6.3,189,LEFT_KNEE,0.05127318203449249,-0.3185097724199295,-0.04984402470290665
6263,6.3,189,RIGHT_KNEE,-0.06310935318470001,-0.3227430731058121,-0.03412142209708695
6264,6.3,189,LEFT_ANKLE,0.022236719727516174,-0.5096621662378311,0.09121502004563795
6265,6.3,189,RIGHT_ANKLE,-0.05436734855175024,-0.48766733705997467,0.11192200891673555
6266,6.3,189,LEFT_HEEL,0.016710057854652405,-0.5344572812318802,0.10307114012539376
6267,6.3,189,RIGHT_HEEL,-0.050808534026145935,-0.5253882557153702,0.12650220282375807
6268,6.3,189,LEFT_FOOT_INDEX,0.019168809056282043,-0.5862127095460892,0.05165041284635665
6269,6.3,189,RIGHT_FOOT_INDEX,-0.06415410339832306,-0.5663282424211502,0.07038902956992375
6270,6.333333333333333,190,NOSE,0.005021601915359497,0.0752206444740296,-0.13034884631633756
6271,6.333333333333333,190,LEFT_EYE_INNER,0.013565629720687866,0.09208664298057556,-0.12058679759502405
6272,6.333333333333333,190,LEFT_EYE,0.018681257963180542,0.0898495614528656,-0.12058041989803314
6273,6.333333333333333,190,LEFT_EYE_OUTER,0.02336457371711731,0.08747917413711548,-0.12059925496578217
6274,6.333333333333333,190,RIGHT_EYE_INNER,0.0003078877925872803,0.09817147254943848,-0.12017858028411865
6275,6.333333333333333,190,RIGHT_EYE,-0.0042524635791778564,0.10012182593345648,-0.12018817663192746
6276,6.333333333333333,190,RIGHT_EYE_OUTER,-0.00823935866355896,0.10172680020332336,-0.12024502456188205
6277,6.333333333333333,190,LEFT_EAR,0.029551774263381958,0.08106997609138489,-0.04083712399005885
6278,6.333333333333333,190,RIGHT_EAR,-0.01530805230140686,0.09758689999580389,-0.044462569057941444
6279,6.333333333333333,190,MOUTH_LEFT,0.012142211198806763,0.051218837499618586,-0.09911854565143585
6280,6.333333333333333,190,MOUTH_RIGHT,-0.0039243996143341064,0.06112468242645269,-0.10011003911495206
6281,6.333333333333333,190,LEFT_SHOULDER,0.049241334199905396,-0.018011540174484197,-0.0007237680256366522
6282,6.333333333333333,190,RIGHT_SHOULDER,-0.04924133419990545,0.018011540174484253,0.0007237680256366522
6283,6.333333333333333,190,LEFT_ELBOW,0.06764081120491028,-0.15308895707130432,0.0017010383307934501
6284,6.333333333333333,190,RIGHT_ELBOW,-0.10470718145370483,-0.06627064943313593,-0.08368445932865146
6285,6.333333333333333,190,LEFT_WRIST,0.043128639459609985,-0.21619591116905212,-0.05465818196535104
6286,6.333333333333333,190,RIGHT_WRIST,-0.030462354421615656,-0.0499312281608581,-0.19055756926536555
6287,6.333333333333333,190,LEFT_PINKY,0.034151822328567505,-0.24219462275505066,-0.07113760709762576
6288,6.333333333333333,190,RIGHT_PINKY,-0.011522382497787476,-0.0714829266071319,-0.21073710918426516
6289,6.333333333333333,190,LEFT_INDEX,0.027559489011764526,-0.21456041932106018,-0.07045054435729975
6290,6.333333333333333,190,RIGHT_INDEX,-0.0011895596981048584,-0.0635707676410675,-0.19155544042587275
6291,6.333333333333333,190,LEFT_THUMB,0.027910679578781128,-0.20638152956962585,-0.05239481478929515
6292,6.333333333333333,190,RIGHT_THUMB,-0.004932790994644165,-0.05705612897872925,-0.18224467337131495
6293,6.333333333333333,190,LEFT_HIP,0.01955541968345642,-0.2521207630634308,0.055405215360224254
6294,6.333333333333333,190,RIGHT_HIP,-0.039018422365188654,-0.239877849817276,0.06089677987620225
6295,6.333333333333333,190,LEFT_KNEE,0.049996644258499146,-0.3209594786167145,-0.024715662002563442
6296,6.333333333333333,190,RIGHT_KNEE,-0.059465438127517756,-0.354197233915329,0.06256533507257694
6297,6.333333333333333,190,LEFT_ANKLE,0.032113462686538696,-0.5373003780841827,0.10197041183710095
6298,6.333333333333333,190,RIGHT_ANKLE,-0.053107172250747736,-0.4908703863620758,0.22054603695869435
6299,6.333333333333333,190,LEFT_HEEL,0.027604728937149048,-0.553332418203354,0.11121556162834165
6300,6.333333333333333,190,RIGHT_HEEL,-0.050348699092865046,-0.5282095968723297,0.23562495410442344
6301,6.333333333333333,190,LEFT_FOOT_INDEX,0.0225696861743927,-0.6008929908275604,0.059398366720415555
6302,6.333333333333333,190,RIGHT_FOOT_INDEX,-0.06394895911216741,-0.5744775235652925,0.17964810878038395
6303,6.366666666666666,191,NOSE,0.0047212690114974976,0.07562944293022156,-0.12324179895222186
6304,6.366666666666666,191,LEFT_EYE_INNER,0.013173803687095642,0.09260156750679016,-0.11407171376049514
6305,6.366666666666666,191,LEFT_EYE,0.01827763020992279,0.0903476774692536,-0.11406602151691915
6306,6.366666666666666,191,LEFT_EYE_OUTER,0.02289693057537079,0.08794546127319336,-0.11408528871834277
6307,6.366666666666666,191,RIGHT_EYE_INNER,-7.326900959014893e-05,0.09855160117149359,-0.11333759315311905
6308,6.366666666666666,191,RIGHT_EYE,-0.00467701256275177,0.10046657919883728,-0.11334362812340255
6309,6.366666666666666,191,RIGHT_EYE_OUTER,-0.00867392122745514,0.10201746225357056,-0.11339570768177505
6310,6.366666666666666,191,LEFT_EAR,0.029294833540916443,0.08133563399314886,-0.038306744769215556
6311,6.366666666666666,191,RIGHT_EAR,-0.01554061472415924,0.0977021753787995,-0.040414156392216655
6312,6.366666666666666,191,MOUTH_LEFT,0.01184360682964325,0.051410883665084894,-0.09337885864078994
6313,6.366666666666666,191,MOUTH_RIGHT,-0.004251018166542053,0.061370342969894465,-0.09391226060688494
6314,6.366666666666666,191,LEFT_SHOULDER,0.049243196845054626,-0.01779213547706604,-0.0017620977014303554
6315,6.366666666666666,191,RIGHT_SHOULDER,-0.04924319684505468,0.017792135477066096,0.0017620977014303485
6316,6.366666666666666,191,LEFT_ELBOW,0.06744860112667084,-0.1533011794090271,0.011283786967396743
6317,6.366666666666666,191,RIGHT_ELBOW,-0.10457463562488561,-0.06519868969917292,-0.06924268789589405
6318,6.366666666666666,191,LEFT_WRIST,0.042894765734672546,-0.21646732091903687,-0.03816991485655305
6319,6.366666666666666,191,RIGHT_WRIST,-0.0299556702375412,-0.051427304744720403,-0.17070175893604755
6320,6.366666666666666,191,LEFT_PINKY,0.03385649621486664,-0.24244338274002075,-0.054415391758084256
6321,6.366666666666666,191,RIGHT_PINKY,-0.011188283562660217,-0.07324820756912231,-0.19076700694859028
6322,6.366666666666666,191,LEFT_INDEX,0.027397379279136658,-0.2146923542022705,-0.05525255389511585
6323,6.366666666666666,191,RIGHT_INDEX,-0.0004828125238418579,-0.06778925657272333,-0.17152308113873005
6324,6.366666666666666,191,LEFT_THUMB,0.02785913646221161,-0.20662987232208252,-0.03661196865141396
6325,6.366666666666666,191,RIGHT_THUMB,-0.003678634762763977,-0.05983668565750122,-0.16232370026409626
6326,6.366666666666666,191,LEFT_HIP,0.020378753542900085,-0.2525354027748108,0.04853591206483544
6327,6.366666666666666,191,RIGHT_HIP,-0.03752817213535309,-0.24033421277999878,0.054413442965596845
6328,6.366666666666666,191,LEFT_KNEE,0.049685701727867126,-0.3540270924568176,-0.0049519781023263515
6329,6.366666666666666,191,RIGHT_KNEE,-0.05088533461093908,-0.3870503306388855,0.07429922372102725
6330,6.366666666666666,191,LEFT_ANKLE,0.03936855494976044,-0.5456403493881226,0.11106291972100724
6331,6.366666666666666,191,RIGHT_ANKLE,-0.05179093778133398,-0.5290106534957886,0.21454097144305695
6332,6.366666666666666,191,LEFT_HEEL,0.03085903823375702,-0.5595627427101135,0.11914512328803535
6333,6.366666666666666,191,RIGHT_HEEL,-0.050175383687019404,-0.5410060286521912,0.22741089574992646
6334,6.366666666666666,191,LEFT_FOOT_INDEX,0.025667890906333923,-0.6144791245460511,0.06294367834925645
6335,6.366666666666666,191,RIGHT_FOOT_INDEX,-0.06384973227977758,-0.6064209342002868,0.16482710652053345
6336,6.4,192,NOSE,0.0044008344411849976,0.07715471088886255,-0.12484699860215184
6337,6.4,192,LEFT_EYE_INNER,0.012822374701499939,0.09442700445652003,-0.11463475599884984
6338,6.4,192,LEFT_EYE,0.017922505736351013,0.09215961396694183,-0.11463469639420515
6339,6.4,192,LEFT_EYE_OUTER,0.022505030035972595,0.08966334164142603,-0.11466408148407936
6340,6.4,192,RIGHT_EYE_INNER,-0.0004136115312576294,0.10000209510326385,-0.11401911452412605
6341,6.4,192,RIGHT_EYE,-0.005084767937660217,0.10183434188365931,-0.11403285339474675
6342,6.4,192,RIGHT_EYE_OUTER,-0.009144678711891174,0.10327555239200592,-0.11407077684998515
6343,6.4,192,LEFT_EAR,0.029134556651115417,0.08220876753330225,-0.036573488265275955
6344,6.4,192,RIGHT_EAR,-0.015721455216407776,0.098507210612297,-0.03948311880230905
6345,6.4,192,MOUTH_LEFT,0.011603519320487976,0.05227042734622955,-0.09426612034440046
6346,6.4,192,MOUTH_RIGHT,-0.004639759659767151,0.062395945191383306,-0.09495373442769056
6347,6.4,192,LEFT_SHOULDER,0.04927299916744232,-0.017664000391960144,-0.0012752674520015508
6348,6.4,192,RIGHT_SHOULDER,-0.04927299916744232,0.017664000391960144,0.0012752674520015508
6349,6.4,192,LEFT_ELBOW,0.0674571841955185,-0.15361846983432775,0.011174596846103647
6350,6.4,192,RIGHT_ELBOW,-0.10471595823764801,-0.06488846242427826,-0.07409116998314855
6351,6.4,192,LEFT_WRIST,0.04272983968257904,-0.21660645306110388,-0.03892691805958745
6352,6.4,192,RIGHT_WRIST,-0.030142262578010615,-0.05324973165988928,-0.18343098834156996
6353,6.4,192,LEFT_PINKY,0.03362153470516205,-0.2424349337816239,-0.05739279463887215
6354,6.4,192,RIGHT_PINKY,-0.011441364884376526,-0.0775259286165238,-0.20587090030312544
6355,6.4,192,LEFT_INDEX,0.027404531836509705,-0.21472842991352087,-0.05984443053603175
6356,6.4,192,RIGHT_INDEX,-0.0010306984186172485,-0.07230110466480255,-0.18774342909455305
6357,6.4,192,LEFT_THUMB,0.028075501322746277,-0.20665349066257482,-0.03823426738381386
6358,6.4,192,RIGHT_THUMB,-0.004348590970039368,-0.06345872581005096,-0.17593092098832136
6359,6.4,192,LEFT_HIP,0.020211443305015564,-0.2541362196207047,0.04872042592614885
6360,6.4,192,RIGHT_HIP,-0.03781183063983923,-0.24286802113056188,0.05291727697476735
6361,6.4,192,LEFT_KNEE,0.03870181739330292,-0.4160691052675248,0.03856910672038795
6362,6.4,192,RIGHT_KNEE,-0.04639528691768652,-0.41332574188709265,0.09896618500351895
6363,6.4,192,LEFT_ANKLE,0.04304204881191254,-0.563685730099678,0.15256452932953823
6364,6.4,192,RIGHT_ANKLE,-0.05292399227619171,-0.5543462783098221,0.24563765153288836
6365,6.4,192,LEFT_HEEL,0.03214620053768158,-0.5717492252588272,0.16108930483460415
6366,6.4,192,RIGHT_HEEL,-0.0504188090562821,-0.5596501380205157,0.2590687237679957
6367,6.4,192,LEFT_FOOT_INDEX,0.03207622468471527,-0.6388738304376604,0.09958377853035916
6368,6.4,192,RIGHT_FOOT_INDEX,-0.0661678165197373,-0.6287955790758133,0.19169330224394784
6369,6.433333333333334,193,NOSE,0.004169538617134094,0.07766364514827728,-0.12021844647824766
6370,6.433333333333334,193,LEFT_EYE_INNER,0.012624338269233704,0.09517939388751989,-0.11026798747479914
6371,6.433333333333334,193,LEFT_EYE,0.01770569384098053,0.0929594486951828,-0.11027156375348564
6372,6.433333333333334,193,LEFT_EYE_OUTER,0.022257879376411438,0.0904843658208847,-0.11031060479581355
6373,6.433333333333334,193,RIGHT_EYE_INNER,-0.0006429404020309448,0.10057096183300018,-0.11000799201428883
6374,6.433333333333334,193,RIGHT_EYE,-0.005359336733818054,0.10242064297199249,-0.11002629064023493
6375,6.433333333333334,193,RIGHT_EYE_OUTER,-0.009437724947929382,0.1039000004529953,-0.11006847582757474
6376,6.433333333333334,193,LEFT_EAR,0.028975382447242737,0.08271922171115881,-0.03405818156898015
6377,6.433333333333334,193,RIGHT_EAR,-0.015865430235862732,0.09909270703792572,-0.03857337497174734
6378,6.433333333333334,193,MOUTH_LEFT,0.011396422982215881,0.05260024964809423,-0.09045069478452204
6379,6.433333333333334,193,MOUTH_RIGHT,-0.00497947633266449,0.06283120810985571,-0.09158658050000663
6380,6.433333333333334,193,LEFT_SHOULDER,0.04928030073642731,-0.017228856682777405,-0.00012275390326974694
6381,6.433333333333334,193,RIGHT_SHOULDER,-0.04928030073642736,0.017228856682777405,0.00012275390326975388
6382,6.433333333333334,193,LEFT_ELBOW,0.0674029141664505,-0.15383349359035492,0.013505117967724856
6383,6.433333333333334,193,RIGHT_ELBOW,-0.10475943982601166,-0.06461440026760101,-0.07167098484933375
6384,6.433333333333334,193,LEFT_WRIST,0.042266204953193665,-0.21701060235500336,-0.034169284626841545
6385,6.433333333333334,193,RIGHT_WRIST,-0.030545428395271357,-0.058483853936195374,-0.16881876252591604
6386,6.433333333333334,193,LEFT_PINKY,0.03333033621311188,-0.2427593320608139,-0.05244744382798665
6387,6.433333333333334,193,RIGHT_PINKY,-0.011833474040031433,-0.08380122482776642,-0.18948466144502163
6388,6.433333333333334,193,LEFT_INDEX,0.02729518711566925,-0.21538595855236053,-0.055249257013201644
6389,6.433333333333334,193,RIGHT_INDEX,-0.0012819021940231323,-0.07596810162067408,-0.17247860692441463
6390,6.433333333333334,193,LEFT_THUMB,0.027983978390693665,-0.20719198882579803,-0.033728582784533445
6391,6.433333333333334,193,RIGHT_THUMB,-0.004679486155509949,-0.06777499616146088,-0.16158065758645535
6392,6.433333333333334,193,LEFT_HIP,0.020068243145942688,-0.2545480579137802,0.049140889663249254
6393,6.433333333333334,193,RIGHT_HIP,-0.03802947700023657,-0.24365805089473724,0.051808632910251555
6394,6.433333333333334,193,LEFT_KNEE,0.035453155636787415,-0.42296211421489716,0.036839390173554455
6395,6.433333333333334,193,RIGHT_KNEE,-0.04562182724475866,-0.41678135097026825,0.09710584394633766
6396,6.433333333333334,193,LEFT_ANKLE,0.043948009610176086,-0.567767783999443,0.14091039635241026
6397,6.433333333333334,193,RIGHT_ANKLE,-0.05386634171009064,-0.5612898916006089,0.23255374468863005
6398,6.433333333333334,193,LEFT_HEEL,0.032546356320381165,-0.5759852975606917,0.14902612753212446
6399,6.433333333333334,193,RIGHT_HEEL,-0.05140937864780426,-0.5668485015630721,0.24487739242613304
6400,6.433333333333334,193,LEFT_FOOT_INDEX,0.03343196213245392,-0.6452963203191757,0.08887811563909045
6401,6.433333333333334,193,RIGHT_FOOT_INDEX,-0.06894432008266455,-0.6348722428083421,0.17892930842936033
6402,6.466666666666667,194,NOSE,0.004001319408416748,0.07735243439674383,-0.10990555956959724
6403,6.466666666666667,194,LEFT_EYE_INNER,0.012474536895751953,0.09498780965805054,-0.10090181604027745
6404,6.466666666666667,194,LEFT_EYE,0.017535030841827393,0.09290161728858953,-0.10090144351124766
6405,6.466666666666667,194,LEFT_EYE_OUTER,0.02203744649887085,0.09054353833198553,-0.10094930604100225
6406,6.466666666666667,194,RIGHT_EYE_INNER,-0.0007987618446350098,0.10013329982757574,-0.10097165778279305
6407,6.466666666666667,194,RIGHT_EYE,-0.005549013614654541,0.10195162892341614,-0.10097828879952425
6408,6.466666666666667,194,RIGHT_EYE_OUTER,-0.009636461734771729,0.10341003537178042,-0.10103342309594154
6409,6.466666666666667,194,LEFT_EAR,0.02880007028579712,0.08290958404541021,-0.02995668724179265
6410,6.466666666666667,194,RIGHT_EAR,-0.015994787216186523,0.09871864318847662,-0.03519209101796145
6411,6.466666666666667,194,MOUTH_LEFT,0.01121753454208374,0.05246931314468384,-0.08198871091008185
6412,6.466666666666667,194,MOUTH_RIGHT,-0.005232095718383789,0.062384545803070124,-0.08337000384926796
6413,6.466666666666667,194,LEFT_SHOULDER,0.049198031425476074,-0.01671910285949707,0.0017586983740329465
6414,6.466666666666667,194,RIGHT_SHOULDER,-0.04919803142547613,0.016719102859497126,-0.0017586983740329534
6415,6.466666666666667,194,LEFT_ELBOW,0.06728696823120117,-0.15368914604187012,0.019174523651599946
6416,6.466666666666667,194,RIGHT_ELBOW,-0.10403382778167725,-0.06316962838172907,-0.056328434497117955
6417,6.466666666666667,194,LEFT_WRIST,0.04164785146713257,-0.21735060214996338,-0.02139394357800485
6418,6.466666666666667,194,RIGHT_WRIST,-0.02991116046905523,-0.06474569439888,-0.12790009751915934
6419,6.466666666666667,194,LEFT_PINKY,0.03303319215774536,-0.2431126832962036,-0.03660689666867255
6420,6.466666666666667,194,RIGHT_PINKY,-0.010117948055267334,-0.09087347984313959,-0.14453909173607826
6421,6.466666666666667,194,LEFT_INDEX,0.02721858024597168,-0.2158614993095398,-0.03905054554343225
6422,6.466666666666667,194,RIGHT_INDEX,0.00044673681259155273,-0.08424252271652216,-0.12704262509942055
6423,6.466666666666667,194,LEFT_THUMB,0.027877986431121826,-0.2075548768043518,-0.020577836781740147
6424,6.466666666666667,194,RIGHT_THUMB,-0.002725958824157715,-0.07727044820785517,-0.11965962126851085
6425,6.466666666666667,194,LEFT_HIP,0.01984304189682007,-0.25501513481140137,0.04135036794468765
6426,6.466666666666667,194,RIGHT_HIP,-0.038262367248535156,-0.2435275912284851,0.04388092888984825
6427,6.466666666666667,194,LEFT_KNEE,0.03582870960235596,-0.4103105068206787,0.012088542804121947
6428,6.466666666666667,194,RIGHT_KNEE,-0.04636263847351074,-0.40953266620635986,0.09044922888278956
6429,6.466666666666667,194,LEFT_ANKLE,0.0428275465965271,-0.5648003816604614,0.10453696548938746
6430,6.466666666666667,194,RIGHT_ANKLE,-0.056564837694168146,-0.5578023195266723,0.21488451585173604
6431,6.466666666666667,194,LEFT_HEEL,0.032267749309539795,-0.5752966403961183,0.10925239697098725
6432,6.466666666666667,194,RIGHT_HEEL,-0.051854074001312256,-0.5661900639533997,0.22626652941107744
6433,6.466666666666667,194,LEFT_FOOT_INDEX,0.032473087310791016,-0.6426548361778259,0.053765106946229844
6434,6.466666666666667,194,RIGHT_FOOT_INDEX,-0.07171887159347534,-0.6336110234260559,0.16617878153920165
6435,6.5,195,NOSE,0.003895491361618042,0.07700668275356298,-0.11449824646115306
6436,6.5,195,LEFT_EYE_INNER,0.012360602617263794,0.0946680754423142,-0.10498059168457985
6437,6.5,195,LEFT_EYE,0.017417103052139282,0.09268252551555639,-0.10497819259762767
6438,6.5,195,LEFT_EYE_OUTER,0.021882623434066772,0.09042908251285559,-0.10501917079091075
6439,6.5,195,RIGHT_EYE_INNER,-0.0009107887744903564,0.09977047145366669,-0.10511801019310957
6440,6.5,195,RIGHT_EYE,-0.0056660473346710205,0.10164166986942291,-0.10512401536107066
6441,6.5,195,RIGHT_EYE_OUTER,-0.009758144617080688,0.10313819348812109,-0.10517405346035966
6442,6.5,195,LEFT_EAR,0.02864852547645569,0.08304812014102941,-0.030953090637922356
6443,6.5,195,RIGHT_EAR,-0.016107410192489624,0.09842775762081146,-0.036476809531450355
6444,6.5,195,MOUTH_LEFT,0.011098355054855347,0.05230365693569189,-0.08526108041405686
6445,6.5,195,MOUTH_RIGHT,-0.005340844392776489,0.06197451055049896,-0.08672288432717326
6446,6.5,195,LEFT_SHOULDER,0.04912790656089783,-0.016329601407051086,0.0025473646819591453
6447,6.5,195,RIGHT_SHOULDER,-0.04912790656089788,0.016329601407051086,-0.0025473646819591522
6448,6.5,195,LEFT_ELBOW,0.06720325350761414,-0.151101216673851,0.020446702837944045
6449,6.5,195,RIGHT_ELBOW,-0.1034552156925202,-0.06300745904445643,-0.06243422254920006
6450,6.5,195,LEFT_WRIST,0.04151847958564758,-0.21668444573879242,-0.021951515227556256
6451,6.5,195,RIGHT_WRIST,-0.029110431671142578,-0.06768359243869781,-0.14298500493168836
6452,6.5,195,LEFT_PINKY,0.0330258309841156,-0.243000790476799,-0.03840278461575515
6453,6.5,195,RIGHT_PINKY,-0.009070664644241333,-0.09431518614292139,-0.16185972467064866
6454,6.5,195,LEFT_INDEX,0.02746984362602234,-0.21599452197551727,-0.04232223704457286
6455,6.5,195,RIGHT_INDEX,0.0015940368175506592,-0.08815924823284149,-0.14399013295769694
6456,6.5,195,LEFT_THUMB,0.028011053800582886,-0.20742379128932953,-0.021754253655672157
6457,6.5,195,RIGHT_THUMB,-0.001560121774673462,-0.08103479444980621,-0.13482518866658216
6458,6.5,195,LEFT_HIP,0.019243448972702026,-0.2553362101316452,0.041317485331092044
6459,6.5,195,RIGHT_HIP,-0.03863450884819036,-0.24361364543437958,0.042784315359312944
6460,6.5,195,LEFT_KNEE,0.03547266125679016,-0.4050327390432358,0.009390253573656047
6461,6.5,195,RIGHT_KNEE,-0.04703173041343689,-0.407171294093132,0.09006474167108525
6462,6.5,195,LEFT_ANKLE,0.042389124631881714,-0.563257858157158,0.10402018576860414
6463,6.5,195,RIGHT_ANKLE,-0.056668996810913086,-0.5558981746435164,0.22155561670660964
6464,6.5,195,LEFT_HEEL,0.0317099392414093,-0.5748088210821152,0.11021010950207695
6465,6.5,195,RIGHT_HEEL,-0.05240687727928167,-0.5657858103513718,0.23328305408358566
6466,6.5,195,LEFT_FOOT_INDEX,0.032099515199661255,-0.6420255750417708,0.05320085957646355
6467,6.5,195,RIGHT_FOOT_INDEX,-0.07430621981620789,-0.6327173560857772,0.16943095251917825
6468,6.533333333333333,196,NOSE,0.00372903048992157,0.07658371329307556,-0.11464928090572359
6469,6.533333333333333,196,LEFT_EYE_INNER,0.012165233492851257,0.09435907006263738,-0.1053979247808456
6470,6.533333333333333,196,LEFT_EYE,0.017167970538139343,0.09246900677680969,-0.10538937151432039
6471,6.533333333333333,196,LEFT_EYE_OUTER,0.021580979228019714,0.0903107225894928,-0.10542558133602141
6472,6.533333333333333,196,RIGHT_EYE_INNER,-0.0011262446641921997,0.09937113523483276,-0.1053418070077896
6473,6.533333333333333,196,RIGHT_EYE,-0.0059099942445755005,0.10126805305480957,-0.1053396910429001
6474,6.533333333333333,196,RIGHT_EYE_OUTER,-0.009998038411140442,0.10280498862266546,-0.1053906232118607
6475,6.533333333333333,196,LEFT_EAR,0.028369590640068054,0.08319491147994995,-0.031811557710170704
6476,6.533333333333333,196,RIGHT_EAR,-0.01626892387866974,0.09811544418334966,-0.03634029626846309
6477,6.533333333333333,196,MOUTH_LEFT,0.010931000113487244,0.051972031593322754,-0.0855762213468552
6478,6.533333333333333,196,MOUTH_RIGHT,-0.005501106381416321,0.06161931157112127,-0.0867323726415634
6479,6.533333333333333,196,LEFT_SHOULDER,0.0492241233587265,-0.016015231609344427,0.0020755082368850986
6480,6.533333333333333,196,RIGHT_SHOULDER,-0.0492241233587265,0.016015231609344482,-0.0020755082368850986
6481,6.533333333333333,196,LEFT_ELBOW,0.06719933450222015,-0.15055754780769348,0.0179487410932779
6482,6.533333333333333,196,RIGHT_ELBOW,-0.10249175131320953,-0.06270071864128113,-0.062064103782177
6483,6.533333333333333,196,LEFT_WRIST,0.041380926966667175,-0.21674546599388123,-0.0286672115325928
6484,6.533333333333333,196,RIGHT_WRIST,-0.028776898980140686,-0.06946769356727595,-0.1404733508825302
6485,6.533333333333333,196,LEFT_PINKY,0.03289191424846649,-0.24293658137321472,-0.045528404414653806
6486,6.533333333333333,196,RIGHT_PINKY,-0.008534148335456848,-0.09603410959243774,-0.15926781296730042
6487,6.533333333333333,196,LEFT_INDEX,0.02746562659740448,-0.21614447236061096,-0.048151940107345595
6488,6.533333333333333,196,RIGHT_INDEX,0.0019206255674362183,-0.08966240286827082,-0.14095206558704382
6489,6.533333333333333,196,LEFT_THUMB,0.027995988726615906,-0.20759329199790955,-0.028105303645134
6490,6.533333333333333,196,RIGHT_THUMB,-0.0012742429971694946,-0.0823160707950592,-0.1321593970060349
6491,6.533333333333333,196,LEFT_HIP,0.018871590495109558,-0.2556177079677582,0.0421374153811485
6492,6.533333333333333,196,RIGHT_HIP,-0.039158329367637634,-0.24309095740318298,0.0448733089724555
6493,6.533333333333333,196,LEFT_KNEE,0.03537927567958832,-0.3994341194629669,0.008889485150575603
6494,6.533333333333333,196,RIGHT_KNEE,-0.053192153573036194,-0.4003181755542755,0.0806803777813911
6495,6.533333333333333,196,LEFT_ANKLE,0.04063718020915985,-0.5591533482074736,0.1071748435497283
6496,6.533333333333333,196,RIGHT_ANKLE,-0.06198994815349579,-0.5478487312793732,0.21621854603290552
6497,6.533333333333333,196,LEFT_HEEL,0.031188294291496277,-0.5734351575374604,0.1127871051430701
6498,6.533333333333333,196,RIGHT_HEEL,-0.052928611636161804,-0.5607878863811492,0.22846265137195582
6499,6.533333333333333,196,LEFT_FOOT_INDEX,0.030190393328666687,-0.6403016149997712,0.056411376222968004
6500,6.533333333333333,196,RIGHT_FOOT_INDEX,-0.07827161252498632,-0.6253329813480376,0.1682989075779914
6501,6.566666666666666,197,NOSE,0.0035841912031173706,0.07653430104255676,-0.11282659322023394
6502,6.566666666666666,197,LEFT_EYE_INNER,0.012017711997032166,0.09463134407997137,-0.10390793532133105
6503,6.566666666666666,197,LEFT_EYE,0.016997739672660828,0.09281516075134277,-0.10389701277017596
6504,6.566666666666666,197,LEFT_EYE_OUTER,0.021387264132499695,0.09068563580513006,-0.10393773764371875
6505,6.566666666666666,197,RIGHT_EYE_INNER,-0.0012825876474380493,0.09943681955337524,-0.10361462086439135
6506,6.566666666666666,197,RIGHT_EYE,-0.006074383854866028,0.10129734873771667,-0.10360134392976766
6507,6.566666666666666,197,RIGHT_EYE_OUTER,-0.010165467858314514,0.10280707478523257,-0.10365097969770434
6508,6.566666666666666,197,LEFT_EAR,0.02812992036342621,0.08362153172492987,-0.03191760182380675
6509,6.566666666666666,197,RIGHT_EAR,-0.0164196640253067,0.09818550944328308,-0.03564447909593585
6510,6.566666666666666,197,MOUTH_LEFT,0.010779306292533875,0.05187046527862549,-0.08436311036348346
6511,6.566666666666666,197,MOUTH_RIGHT,-0.00564981997013092,0.061348497867584284,-0.08528184145689016
6512,6.566666666666666,197,LEFT_SHOULDER,0.04935501515865326,-0.015766829252243042,0.0015396177768707484
6513,6.566666666666666,197,RIGHT_SHOULDER,-0.049355015158653315,0.015766829252243098,-0.0015396177768707553
6514,6.566666666666666,197,LEFT_ELBOW,0.06712482869625092,-0.15082204341888428,0.018239958211779546
6515,6.566666666666666,197,RIGHT_ELBOW,-0.10238106548786163,-0.062098801136016846,-0.055271737277507754
6516,6.566666666666666,197,LEFT_WRIST,0.04125271737575531,-0.21728062629699707,-0.025054901838302654
6517,6.566666666666666,197,RIGHT_WRIST,-0.029027923941612244,-0.07125431299209595,-0.12635403126478195
6518,6.566666666666666,197,LEFT_PINKY,0.032740518450737,-0.24309635162353516,-0.04140137135982515
6519,6.566666666666666,197,RIGHT_PINKY,-0.008958175778388977,-0.09946733713150024,-0.14346326142549515
6520,6.566666666666666,197,LEFT_INDEX,0.027461156249046326,-0.21632158756256104,-0.042773403227329254
6521,6.566666666666666,197,RIGHT_INDEX,0.001415356993675232,-0.09190478920936584,-0.12645787745714185
6522,6.566666666666666,197,LEFT_THUMB,0.0280485600233078,-0.20788347721099854,-0.024079896509647356
6523,6.566666666666666,197,RIGHT_THUMB,-0.0018537193536758423,-0.08383643627166742,-0.11847830563783646
6524,6.566666666666666,197,LEFT_HIP,0.018374308943748474,-0.25567132234573364,0.04160766932182015
6525,6.566666666666666,197,RIGHT_HIP,-0.039322033524513245,-0.24173426628112793,0.04633231600746505
6526,6.566666666666666,197,LEFT_KNEE,0.03505353629589081,-0.39910513162612915,0.007174041122198049
6527,6.566666666666666,197,RIGHT_KNEE,-0.05487079918384552,-0.3978322744369507,0.07757468521594994
6528,6.566666666666666,197,LEFT_ANKLE,0.038245007395744324,-0.555318295955658,0.10633815824985494
6529,6.566666666666666,197,RIGHT_ANKLE,-0.06353525817394262,-0.5461934804916382,0.21202231198549265
6530,6.566666666666666,197,LEFT_HEEL,0.024993643164634705,-0.5704903602600098,0.11253253370523444
6531,6.566666666666666,197,RIGHT_HEEL,-0.053452774882316645,-0.5579061508178711,0.22502589970827094
6532,6.566666666666666,197,LEFT_FOOT_INDEX,0.024001285433769226,-0.6395457386970519,0.05580809898674474
6533,6.566666666666666,197,RIGHT_FOOT_INDEX,-0.07979039847850805,-0.623067319393158,0.16272828727960575
6534,6.6,198,NOSE,0.0035968422889709473,0.07592798769474035,-0.11550708487629896
6535,6.6,198,LEFT_EYE_INNER,0.011973977088928223,0.09404532611370087,-0.10689726844429975
6536,6.6,198,LEFT_EYE,0.01693791151046753,0.09223623573780065,-0.10689069703221327
6537,6.6,198,LEFT_EYE_OUTER,0.021322786808013916,0.09012903273105627,-0.10693587735295296
6538,6.6,198,RIGHT_EYE_INNER,-0.0013388991355895996,0.09882308542728424,-0.10655881837010386
6539,6.6,198,RIGHT_EYE,-0.00613480806350708,0.10067643225193024,-0.10654300823807716
6540,6.6,198,RIGHT_EYE_OUTER,-0.01023179292678833,0.10218793153762826,-0.10658647492527965
6541,6.6,198,LEFT_EAR,0.028068721294403076,0.08326740562915808,-0.03360155597329145
6542,6.6,198,RIGHT_EAR,-0.016499817371368408,0.09761454164981848,-0.03743232414126395
6543,6.6,198,MOUTH_LEFT,0.010765433311462402,0.05137862265110016,-0.08647004142403605
6544,6.6,198,MOUTH_RIGHT,-0.0056421756744384766,0.06071047484874725,-0.08730042353272435
6545,6.6,198,LEFT_SHOULDER,0.04938101768493652,-0.015195176005363464,0.001258924603462247
6546,6.6,198,RIGHT_SHOULDER,-0.04938101768493658,0.015195176005363464,-0.001258924603462254
6547,6.6,198,LEFT_ELBOW,0.06709903478622437,-0.15134407579898834,0.022323975339531846
6548,6.6,198,RIGHT_ELBOW,-0.10233515501022339,-0.06286586821079254,-0.05467087402939795
6549,6.6,198,LEFT_WRIST,0.041709184646606445,-0.2179253250360489,-0.019870508462190656
6550,6.6,198,RIGHT_WRIST,-0.029234588146209772,-0.07142402231693262,-0.13315546885132795
6551,6.6,198,LEFT_PINKY,0.03276890516281128,-0.24364490807056427,-0.036385226994752856
6552,6.6,198,RIGHT_PINKY,-0.009266078472137451,-0.09894607961177826,-0.15142637863755226
6553,6.6,198,LEFT_INDEX,0.0275762677192688,-0.21693743765354156,-0.03950368985533716
6554,6.6,198,RIGHT_INDEX,0.0011123418807983398,-0.09183304011821747,-0.13515217974781996
6555,6.6,198,LEFT_THUMB,0.028199374675750732,-0.20858241617679596,-0.019575458019971848
6556,6.6,198,RIGHT_THUMB,-0.002043426036834717,-0.08380843698978424,-0.12576291337609297
6557,6.6,198,LEFT_HIP,0.018176734447479248,-0.2553158551454544,0.04230296355672185
6558,6.6,198,RIGHT_HIP,-0.03942596912384039,-0.24069859087467194,0.046919081127270945
6559,6.6,198,LEFT_KNEE,0.03524911403656006,-0.39916063845157623,0.005228564143180847
6560,6.6,198,RIGHT_KNEE,-0.05272376537322998,-0.3980717808008194,0.08340048789978015
6561,6.6,198,LEFT_ANKLE,0.037444353103637695,-0.5545942932367326,0.10462548211216915
6562,6.6,198,RIGHT_ANKLE,-0.0632639229297638,-0.5467856079339981,0.21399561688303934
6563,6.6,198,LEFT_HEEL,0.02281498908996582,-0.5696270018815993,0.11127666011452665
6564,6.6,198,RIGHT_HEEL,-0.05280733108520508,-0.5575673133134842,0.22600093111395825
6565,6.6,198,LEFT_FOOT_INDEX,0.021444499492645264,-0.639501228928566,0.05292771197855465
6566,6.6,198,RIGHT_FOOT_INDEX,-0.07922938466072088,-0.623443379998207,0.16413811221718774
6567,6.633333333333334,199,NOSE,0.0034273862838745117,0.07528464496135717,-0.11493548378348356
6568,6.633333333333334,199,LEFT_EYE_INNER,0.011791110038757324,0.09339527785778046,-0.10723717138171196
6569,6.633333333333334,199,LEFT_EYE,0.016750812530517578,0.09156058728694916,-0.10723533853888514
6570,6.633333333333334,199,LEFT_EYE_OUTER,0.021133840084075928,0.08945478498935705,-0.10728990659117704
6571,6.633333333333334,199,RIGHT_EYE_INNER,-0.001551985740661621,0.09805767238140106,-0.10688630864024165
6572,6.633333333333334,199,RIGHT_EYE,-0.00638270378112793,0.09980921447277069,-0.10686972364783284
6573,6.633333333333334,199,RIGHT_EYE_OUTER,-0.010490119457244873,0.10125130414962777,-0.10690682753920555
6574,6.633333333333334,199,LEFT_EAR,0.027866840362548828,0.08282352983951569,-0.03474709764122965
6575,6.633333333333334,199,RIGHT_EAR,-0.016741693019866943,0.09691794216632849,-0.03873142972588534
6576,6.633333333333334,199,MOUTH_LEFT,0.01059269905090332,0.05079378187656408,-0.08630899712443355
6577,6.633333333333334,199,MOUTH_RIGHT,-0.005819201469421387,0.05999673902988434,-0.08712222799658775
6578,6.633333333333334,199,LEFT_SHOULDER,0.04919856786727905,-0.014587476849555914,0.0008046701550483495
6579,6.633333333333334,199,RIGHT_SHOULDER,-0.04919856786727911,0.01458747684955597,-0.0008046701550483495
6580,6.633333333333334,199,LEFT_ELBOW,0.06696701049804688,-0.1503061205148697,0.024993589147925353
6581,6.633333333333334,199,RIGHT_ELBOW,-0.10252887010574341,-0.06377975642681122,-0.05127232894301415
6582,6.633333333333334,199,LEFT_WRIST,0.041724443435668945,-0.21849723160266876,-0.013718750327825546
6583,6.633333333333334,199,RIGHT_WRIST,-0.029561460018158014,-0.06844834983348841,-0.13031164929270744
6584,6.633333333333334,199,LEFT_PINKY,0.032598018646240234,-0.24426378309726715,-0.028353240340948153
6585,6.633333333333334,199,RIGHT_PINKY,-0.011260747909545898,-0.09249605238437653,-0.14760639891028404
6586,6.633333333333334,199,LEFT_INDEX,0.02739661931991577,-0.21783752739429474,-0.03214031830430034
6587,6.633333333333334,199,RIGHT_INDEX,-0.0004616975784301758,-0.08649973571300501,-0.12989039346575734
6588,6.633333333333334,199,LEFT_THUMB,0.028018951416015625,-0.20947964489459991,-0.013391185551881749
6589,6.633333333333334,199,RIGHT_THUMB,-0.0033347606658935547,-0.07941241562366486,-0.12230051681399345
6590,6.633333333333334,199,LEFT_HIP,0.017988979816436768,-0.25321485102176666,0.04246769892051815
6591,6.633333333333334,199,RIGHT_HIP,-0.039604723453521784,-0.238352969288826,0.04697850672528135
6592,6.633333333333334,199,LEFT_KNEE,0.035045623779296875,-0.39672358334064484,0.00025446340441705184
6593,6.633333333333334,199,RIGHT_KNEE,-0.04875323176383978,-0.39743442833423615,0.08145321533083905
6594,6.633333333333334,199,LEFT_ANKLE,0.036691486835479736,-0.5529284030199052,0.08616470918059335
6595,6.633333333333334,199,RIGHT_ANKLE,-0.06247895956039429,-0.5472571402788162,0.20564245060086245
6596,6.633333333333334,199,LEFT_HEEL,0.024555981159210205,-0.5681034475564957,0.09236044809222216
6597,6.633333333333334,199,RIGHT_HEEL,-0.051428139209747314,-0.5574587732553482,0.21557304635643953
6598,6.633333333333334,199,LEFT_FOOT_INDEX,0.021673619747161865,-0.6367953568696977,0.03589953482151035
6599,6.633333333333334,199,RIGHT_FOOT_INDEX,-0.0778932273387909,-0.6230811029672623,0.15561864152550686
6600,6.666666666666667,200,NOSE,0.0034749209880828857,0.07520712912082678,-0.11496468819677827
6601,6.666666666666667,200,LEFT_EYE_INNER,0.011808842420578003,0.0932843834161759,-0.10684810020029545
6602,6.666666666666667,200,LEFT_EYE,0.016748636960983276,0.0914594978094101,-0.10685741342604155
6603,6.666666666666667,200,LEFT_EYE_OUTER,0.021130770444869995,0.08937998116016388,-0.10690877772867677
6604,6.666666666666667,200,RIGHT_EYE_INNER,-0.0015470683574676514,0.0979507714509964,-0.10639909841120246
6605,6.666666666666667,200,RIGHT_EYE,-0.006382375955581665,0.09969903528690338,-0.10640875436365604
6606,6.666666666666667,200,RIGHT_EYE_OUTER,-0.01049146056175232,0.10113340616226199,-0.10644892789423466
6607,6.666666666666667,200,LEFT_EAR,0.02780774235725403,0.08289135992527008,-0.03448999859392645
6608,6.666666666666667,200,RIGHT_EAR,-0.01675507426261902,0.0969329327344895,-0.03820546902716155
6609,6.666666666666667,200,MOUTH_LEFT,0.010618656873703003,0.05096803605556488,-0.08627716638147825
6610,6.666666666666667,200,MOUTH_RIGHT,-0.005814701318740845,0.060042604804039,-0.08713150955736634
6611,6.666666666666667,200,LEFT_SHOULDER,0.049048155546188354,-0.014480933547019903,0.0007004905492067476
6612,6.666666666666667,200,RIGHT_SHOULDER,-0.049048155546188354,0.014480933547019958,-0.0007004905492067476
6613,6.666666666666667,200,LEFT_ELBOW,0.06698492169380188,-0.14939667284488678,0.02554359100759035
6614,6.666666666666667,200,RIGHT_ELBOW,-0.10297021269798284,-0.0641146451234817,-0.06586907990276816
6615,6.666666666666667,200,LEFT_WRIST,0.04167458415031433,-0.2186882644891739,-0.01028595305979245
6616,6.666666666666667,200,RIGHT_WRIST,-0.029997169971466064,-0.0627832561731338,-0.16748961247503755
6617,6.666666666666667,200,LEFT_PINKY,0.032524436712265015,-0.24429912865161896,-0.025181235745549153
6618,6.666666666666667,200,RIGHT_PINKY,-0.012498170137405396,-0.08422864973545074,-0.18714783526957035
6619,6.666666666666667,200,LEFT_INDEX,0.027034491300582886,-0.21835096180438995,-0.030339146032929344
6620,6.666666666666667,200,RIGHT_INDEX,-0.001821070909500122,-0.07990659773349762,-0.17020563222467897
6621,6.666666666666667,200,LEFT_THUMB,0.027648180723190308,-0.21038122475147247,-0.010224638506770148
6622,6.666666666666667,200,RIGHT_THUMB,-0.00479462742805481,-0.07198275625705713,-0.16021797992289066
6623,6.666666666666667,200,LEFT_HIP,0.018152087926864624,-0.2533406764268875,0.04372323266579775
6624,6.666666666666667,200,RIGHT_HIP,-0.03902083635330206,-0.2410227209329605,0.044563423696672454
6625,6.666666666666667,200,LEFT_KNEE,0.03399667143821716,-0.42658014595508575,0.01334603689610965
6626,6.666666666666667,200,RIGHT_KNEE,-0.046937376260757446,-0.4126069098711014,0.08199901692569245
6627,6.666666666666667,200,LEFT_ANKLE,0.04030165076255798,-0.57207091152668,0.09089107625186435
6628,6.666666666666667,200,RIGHT_ANKLE,-0.06171146035194397,-0.5600141435861586,0.20478889904916284
6629,6.666666666666667,200,LEFT_HEEL,0.031304627656936646,-0.5786189585924149,0.09848150424659245
6630,6.666666666666667,200,RIGHT_HEEL,-0.05396589636802673,-0.5674079805612564,0.21446301601827134
6631,6.666666666666667,200,LEFT_FOOT_INDEX,0.03329107165336609,-0.6546759754419327,0.039454948622733355
6632,6.666666666666667,200,RIGHT_FOOT_INDEX,-0.07775020599365234,-0.6362580806016922,0.15109369717538354
6633,6.7,201,NOSE,0.003598317503929138,0.07521338760852808,-0.12662421539425844
6634,6.7,201,LEFT_EYE_INNER,0.011925086379051208,0.09328682720661158,-0.11891433969140056
6635,6.7,201,LEFT_EYE,0.01685623824596405,0.0914636105298996,-0.11892152205109593
6636,6.7,201,LEFT_EYE_OUTER,0.02123783528804779,0.08939217031002039,-0.11896908655762675
6637,6.7,201,RIGHT_EYE_INNER,-0.001451149582862854,0.09801013767719269,-0.11793695762753484
6638,6.7,201,RIGHT_EYE,-0.006322517991065979,0.09978179633617401,-0.11797717586159703
6639,6.7,201,RIGHT_EYE_OUTER,-0.010444417595863342,0.1012230068445206,-0.11801308766007423
6640,6.7,201,LEFT_EAR,0.02787362039089203,0.08296753466129297,-0.04338203743100165
6641,6.7,201,RIGHT_EAR,-0.016706064343452454,0.09701229631900787,-0.04506462439894675
6642,6.7,201,MOUTH_LEFT,0.010730311274528503,0.05102099478244776,-0.09616673365235326
6643,6.7,201,MOUTH_RIGHT,-0.00571383535861969,0.0600324422121048,-0.09651787951588633
6644,6.7,201,LEFT_SHOULDER,0.04921625554561615,-0.014446929097175598,-0.0013050995767116477
6645,6.7,201,RIGHT_SHOULDER,-0.04921625554561615,0.014446929097175598,0.0013050995767116547
6646,6.7,201,LEFT_ELBOW,0.06705270707607269,-0.14955447614192968,0.028270605951547657
6647,6.7,201,RIGHT_ELBOW,-0.10297288000583654,-0.06667487323284149,-0.07646781578660014
6648,6.7,201,LEFT_WRIST,0.041354700922966,-0.2189637869596482,0.002260599285364151
6649,6.7,201,RIGHT_WRIST,-0.031361475586891174,-0.05808185040950781,-0.19134292379021647
6650,6.7,201,LEFT_PINKY,0.03231106698513031,-0.2442490309476853,-0.008922424167394652
6651,6.7,201,RIGHT_PINKY,-0.013639047741889954,-0.07437844574451452,-0.21269828453660014
6652,6.7,201,LEFT_INDEX,0.02670811116695404,-0.2185752838850022,-0.01806839928030965
6653,6.7,201,RIGHT_INDEX,-0.0043944865465164185,-0.0643840879201889,-0.19542131200432775
6654,6.7,201,LEFT_THUMB,0.02730683982372284,-0.21098594367504125,0.0021709948778152535
6655,6.7,201,RIGHT_THUMB,-0.007532790303230286,-0.06081168353557592,-0.18420540168881414
6656,6.7,201,LEFT_HIP,0.018293365836143494,-0.2537491768598557,0.06131419961457135
6657,6.7,201,RIGHT_HIP,-0.038944944739341736,-0.24254189431667333,0.06079239203245385
6658,6.7,201,LEFT_KNEE,0.032437488436698914,-0.4344484061002732,0.03286190889775756
6659,6.7,201,RIGHT_KNEE,-0.046743616461753845,-0.4160188883543015,0.10604775324463836
6660,6.7,201,LEFT_ANKLE,0.04184751212596893,-0.578147754073143,0.12215446308255185
6661,6.7,201,RIGHT_ANKLE,-0.06130407750606537,-0.5648595541715622,0.24421698972582814
6662,6.7,201,LEFT_HEEL,0.034048065543174744,-0.5862718671560287,0.12880620732903475
6663,6.7,201,RIGHT_HEEL,-0.05530087649822235,-0.5713634341955187,0.25658708438277233
6664,6.7,201,LEFT_FOOT_INDEX,0.03626452386379242,-0.6607266515493393,0.06133843268617045
6665,6.7,201,RIGHT_FOOT_INDEX,-0.07738430798053747,-0.6380097717046738,0.18784728273749346
6666,6.733333333333333,202,NOSE,0.003614962100982666,0.0752087682485581,-0.12308490835130215
6667,6.733333333333333,202,LEFT_EYE_INNER,0.011947393417358398,0.09327791631221771,-0.11508994363248354
6668,6.733333333333333,202,LEFT_EYE,0.016875267028808594,0.0914544016122818,-0.11509687267243865
6669,6.733333333333333,202,LEFT_EYE_OUTER,0.02125704288482666,0.08939044177532202,-0.11514783464372164
6670,6.733333333333333,202,RIGHT_EYE_INNER,-0.0014823675155639648,0.09800471365451813,-0.11437069438397884
6671,6.733333333333333,202,RIGHT_EYE,-0.006385147571563721,0.09977404773235321,-0.11439589224755764
6672,6.733333333333333,202,RIGHT_EYE_OUTER,-0.010493159294128418,0.1012117415666581,-0.11443661712110045
6673,6.733333333333333,202,LEFT_EAR,0.027892112731933594,0.08306975662708282,-0.040929278358817156
6674,6.733333333333333,202,RIGHT_EAR,-0.016721785068511963,0.09707306325435638,-0.043280718848109245
6675,6.733333333333333,202,MOUTH_LEFT,0.010757684707641602,0.05107297003269201,-0.09320234321057794
6676,6.733333333333333,202,MOUTH_RIGHT,-0.0056912899017333984,0.06002365052700043,-0.09376179240643984
6677,6.733333333333333,202,LEFT_SHOULDER,0.04950624704360962,-0.014437243342399597,0.00035854242742065084
6678,6.733333333333333,202,RIGHT_SHOULDER,-0.049506247043609675,0.014437243342399597,-0.00035854242742065084
6679,6.733333333333333,202,LEFT_ELBOW,0.06701499223709106,-0.15186552703380585,0.027585459873080254
6680,6.733333333333333,202,RIGHT_ELBOW,-0.103352040052414,-0.06942005455493927,-0.07693559490144256
6681,6.733333333333333,202,LEFT_WRIST,0.04117077589035034,-0.22038821876049042,-0.002561649307608646
6682,6.733333333333333,202,RIGHT_WRIST,-0.034205555915832575,-0.05216740071773529,-0.18929201923310754
6683,6.733333333333333,202,LEFT_PINKY,0.03226405382156372,-0.2444545477628708,-0.016787616536021246
6684,6.733333333333333,202,RIGHT_PINKY,-0.015304803848266602,-0.06850476562976837,-0.21075715683400637
6685,6.733333333333333,202,LEFT_INDEX,0.026522397994995117,-0.21912138164043427,-0.023354848846793147
6686,6.733333333333333,202,RIGHT_INDEX,-0.005857408046722412,-0.058792099356651306,-0.19155116938054567
6687,6.733333333333333,202,LEFT_THUMB,0.027002573013305664,-0.21184156835079193,-0.0023330580443143498
6688,6.733333333333333,202,RIGHT_THUMB,-0.009896159172058105,-0.05363215506076807,-0.18141876719892025
6689,6.733333333333333,202,LEFT_HIP,0.018312454223632812,-0.25386135280132294,0.06147715519182375
6690,6.733333333333333,202,RIGHT_HIP,-0.039103537797927856,-0.24071918427944183,0.058594437781721354
6691,6.733333333333333,202,LEFT_KNEE,0.03171563148498535,-0.4254138320684433,0.041530249640345546
6692,6.733333333333333,202,RIGHT_KNEE,-0.04695460200309759,-0.4091818779706955,0.11258898861706246
6693,6.733333333333333,202,LEFT_ANKLE,0.04222804307937622,-0.5763109773397445,0.13935896940529335
6694,6.733333333333333,202,RIGHT_ANKLE,-0.06292694807052618,-0.553671583533287,0.26065574027597893
6695,6.733333333333333,202,LEFT_HEEL,0.03402012586593628,-0.5846451967954637,0.14632819034159175
6696,6.733333333333333,202,RIGHT_HEEL,-0.05560687184333807,-0.5665925592184067,0.27406139113008965
6697,6.733333333333333,202,LEFT_FOOT_INDEX,0.0351906418800354,-0.6566365212202072,0.08276893012225615
6698,6.733333333333333,202,RIGHT_FOOT_INDEX,-0.07754376530647278,-0.6253168433904649,0.20943208970129484
6699,6.766666666666667,203,NOSE,0.003682941198348999,0.07490313053131109,-0.1214959416538477
6700,6.766666666666667,203,LEFT_EYE_INNER,0.012021094560623169,0.09291964769363409,-0.1138744745403528
6701,6.766666666666667,203,LEFT_EYE,0.016939789056777954,0.09112438559532166,-0.11387371458113199
6702,6.766666666666667,203,LEFT_EYE_OUTER,0.021319657564163208,0.08912196755409246,-0.1139216963201761
6703,6.766666666666667,203,RIGHT_EYE_INNER,-0.0014242827892303467,0.09777635335922247,-0.1131918374449015
6704,6.766666666666667,203,RIGHT_EYE,-0.006342083215713501,0.09958052635192877,-0.1132111344486475
6705,6.766666666666667,203,RIGHT_EYE_OUTER,-0.010447949171066284,0.10105791687965396,-0.1132519040256739
6706,6.766666666666667,203,LEFT_EAR,0.02796676754951477,0.08295565843582159,-0.0414165575057268
6707,6.766666666666667,203,RIGHT_EAR,-0.016678839921951294,0.09699556231498718,-0.0437504891306162
6708,6.766666666666667,203,MOUTH_LEFT,0.01083424687385559,0.050958603620529175,-0.09212965704500681
6709,6.766666666666667,203,MOUTH_RIGHT,-0.005620986223220825,0.05987203121185308,-0.09268633462488651
6710,6.766666666666667,203,LEFT_SHOULDER,0.04963758587837219,-0.01449650526046753,0.0014951732009649
6711,6.766666666666667,203,RIGHT_SHOULDER,-0.04963758587837225,0.014496505260467585,-0.0014951732009649
6712,6.766666666666667,203,LEFT_ELBOW,0.06710222363471985,-0.15208542346954346,0.032220240682363496
6713,6.766666666666667,203,RIGHT_ELBOW,-0.10357922315597534,-0.07179659605026245,-0.07576433755457401
6714,6.766666666666667,203,LEFT_WRIST,0.04123637080192566,-0.22098267078399658,0.0008760225027799953
6715,6.766666666666667,203,RIGHT_WRIST,-0.03512248396873474,-0.04927951097488403,-0.1854991260915995
6716,6.766666666666667,203,LEFT_PINKY,0.032346636056900024,-0.2447606921195984,-0.01179839111864571
6717,6.766666666666667,203,RIGHT_PINKY,-0.016143709421157837,-0.06715473532676691,-0.2062327358871699
6718,6.766666666666667,203,LEFT_INDEX,0.026584237813949585,-0.2197965383529663,-0.0156489554792643
6719,6.766666666666667,203,RIGHT_INDEX,-0.006101042032241821,-0.058317929506301824,-0.1861416939646006
6720,6.766666666666667,203,LEFT_THUMB,0.027051180601119995,-0.2126450538635254,0.0017447602003812998
6721,6.766666666666667,203,RIGHT_THUMB,-0.010249406099319458,-0.0516645610332489,-0.1770900133997202
6722,6.766666666666667,203,LEFT_HIP,0.018353790044784546,-0.2540784478187561,0.0615456098457797
6723,6.766666666666667,203,RIGHT_HIP,-0.03926381468772894,-0.23867952823638916,0.058216301491484
6724,6.766666666666667,203,LEFT_KNEE,0.02944454550743103,-0.42243921756744385,0.043307142332196194
6725,6.766666666666667,203,RIGHT_KNEE,-0.04718613624572754,-0.4003332853317261,0.1106778066605329
6726,6.766666666666667,203,LEFT_ANKLE,0.039263516664505005,-0.5734165906906128,0.1467702146619557
6727,6.766666666666667,203,RIGHT_ANKLE,-0.06298255920410156,-0.5440989136695862,0.2539800908416509
6728,6.766666666666667,203,LEFT_HEEL,0.032894641160964966,-0.5841810703277588,0.15432962588965882
6729,6.766666666666667,203,RIGHT_HEEL,-0.05568423867225647,-0.5634246468544006,0.2668805923312902
6730,6.766666666666667,203,LEFT_FOOT_INDEX,0.02677503228187561,-0.65264892578125,0.0955361779779195
6731,6.766666666666667,203,RIGHT_FOOT_INDEX,-0.07732924818992615,-0.6182028651237488,0.204227527603507
6732,6.8,204,NOSE,0.003735557198524475,0.07469913363456726,-0.11813579313457015
6733,6.8,204,LEFT_EYE_INNER,0.01204480230808258,0.09261813759803778,-0.11049243621528154
6734,6.8,204,LEFT_EYE,0.01694740355014801,0.09084388613700867,-0.11049280874431133
6735,6.8,204,LEFT_EYE_OUTER,0.021323874592781067,0.08889859914779663,-0.11054713837802416
6736,6.8,204,RIGHT_EYE_INNER,-0.0014002174139022827,0.09760287404060364,-0.11036264710128305
6737,6.8,204,RIGHT_EYE,-0.006318375468254089,0.09944376349449158,-0.11036544851958754
6738,6.8,204,RIGHT_EYE_OUTER,-0.010425791144371033,0.10095070302486425,-0.11040545813739305
6739,6.8,204,LEFT_EAR,0.02796413004398346,0.08285802602767944,-0.03890031389892104
6740,6.8,204,RIGHT_EAR,-0.016679152846336365,0.09690132737159735,-0.04384142719209194
6741,6.8,204,MOUTH_LEFT,0.010858848690986633,0.050861448049545344,-0.08927540294826034
6742,6.8,204,MOUTH_RIGHT,-0.005546733736991882,0.059755533933639526,-0.09050106815993786
6743,6.8,204,LEFT_SHOULDER,0.0496496707201004,-0.014577329158782959,0.001812709495425252
6744,6.8,204,RIGHT_SHOULDER,-0.0496496707201004,0.014577329158782959,-0.0018127094954252451
6745,6.8,204,LEFT_ELBOW,0.06709136068820953,-0.1521405279636383,0.026524752378463756
6746,6.8,204,RIGHT_ELBOW,-0.10368342697620397,-0.07235983014106745,-0.07376602105796334
6747,6.8,204,LEFT_WRIST,0.041266754269599915,-0.2205924093723297,-0.012304777279496248
6748,6.8,204,RIGHT_WRIST,-0.035938605666160583,-0.04892060160636902,-0.18815058283507824
6749,6.8,204,LEFT_PINKY,0.03239811956882477,-0.24468377232551575,-0.02623794786632065
6750,6.8,204,RIGHT_PINKY,-0.01737062633037567,-0.06742823123931885,-0.20857937447726732
6751,6.8,204,LEFT_INDEX,0.02658875286579132,-0.21964964270591736,-0.02993459813296795
6752,6.8,204,RIGHT_INDEX,-0.007121607661247253,-0.05904352664947504,-0.18616638891398904
6753,6.8,204,LEFT_THUMB,0.027008309960365295,-0.21238276362419128,-0.011620027944445645
6754,6.8,204,RIGHT_THUMB,-0.011104807257652283,-0.05261665582656855,-0.17873008362948895
6755,6.8,204,LEFT_HIP,0.018121257424354553,-0.2542317807674408,0.05146290641278015
6756,6.8,204,RIGHT_HIP,-0.03997398912906647,-0.2382495105266571,0.04809058120008555
6757,6.8,204,LEFT_KNEE,0.02599211037158966,-0.4192834198474884,0.024939468130469353
6758,6.8,204,RIGHT_KNEE,-0.04735632240772247,-0.4007768929004669,0.09398921392858015
6759,6.8,204,LEFT_ANKLE,0.03568299114704132,-0.5701555907726287,0.11910933442413796
6760,6.8,204,RIGHT_ANKLE,-0.06397871673107147,-0.5491078794002533,0.22527091391384596
6761,6.8,204,LEFT_HEEL,0.023882105946540833,-0.580997258424759,0.12624883837997905
6762,6.8,204,RIGHT_HEEL,-0.05609165132045746,-0.5641475021839143,0.23665788955986494
6763,6.8,204,LEFT_FOOT_INDEX,0.01846720278263092,-0.6450130045413971,0.07189042679965485
6764,6.8,204,RIGHT_FOOT_INDEX,-0.0780557245016098,-0.6229544579982759,0.17316362448036665
6765,6.833333333333333,205,NOSE,0.003854721784591675,0.07450304925441747,-0.11812544427812097
6766,6.833333333333333,205,LEFT_EYE_INNER,0.012149780988693237,0.09239561855792999,-0.11032099090516564
6767,6.833333333333333,205,LEFT_EYE,0.01702442765235901,0.09063147008419037,-0.11032672785222525
6768,6.833333333333333,205,LEFT_EYE_OUTER,0.02138558030128479,0.08870987594127655,-0.11038551293313506
6769,6.833333333333333,205,RIGHT_EYE_INNER,-0.0012936890125274658,0.09741683304309845,-0.11024597845971584
6770,6.833333333333333,205,RIGHT_EYE,-0.006214052438735962,0.09925152361392975,-0.11023365519940856
6771,6.833333333333333,205,RIGHT_EYE_OUTER,-0.01032450795173645,0.10075178742408755,-0.11026795767247677
6772,6.833333333333333,205,LEFT_EAR,0.0279524028301239,0.08268858492374426,-0.03713574074208734
6773,6.833333333333333,205,RIGHT_EAR,-0.016622096300125122,0.09674666821956635,-0.042384525761008256
6774,6.833333333333333,205,MOUTH_LEFT,0.01096847653388977,0.05084617435932165,-0.08855224214494226
6775,6.833333333333333,205,MOUTH_RIGHT,-0.005432993173599243,0.05962006747722626,-0.08987707458436486
6776,6.833333333333333,205,LEFT_SHOULDER,0.04953286051750183,-0.014599934220314026,0.00021286122500895066
6777,6.833333333333333,205,RIGHT_SHOULDER,-0.04953286051750189,0.014599934220314081,-0.00021286122500895066
6778,6.833333333333333,205,LEFT_ELBOW,0.06717941164970398,-0.1511487513780594,0.01956563815474515
6779,6.833333333333333,205,RIGHT_ELBOW,-0.10344582796096807,-0.07234589755535126,-0.07087795995175836
6780,6.833333333333333,205,LEFT_WRIST,0.042010992765426636,-0.21804900467395782,-0.022499760612845345
6781,6.833333333333333,205,RIGHT_WRIST,-0.03452697396278387,-0.04996369779109955,-0.18605545721948147
6782,6.833333333333333,205,LEFT_PINKY,0.03282424807548523,-0.24411673843860626,-0.038245348259806654
6783,6.833333333333333,205,RIGHT_PINKY,-0.01722201704978943,-0.06931145489215851,-0.20769277773797515
6784,6.833333333333333,205,LEFT_INDEX,0.026773840188980103,-0.21802754700183868,-0.04183434508740894
6785,6.833333333333333,205,RIGHT_INDEX,-0.00652649998664856,-0.06074340641498566,-0.18793140910565856
6786,6.833333333333333,205,LEFT_THUMB,0.02717706561088562,-0.2106461077928543,-0.021664744243025745
6787,6.833333333333333,205,RIGHT_THUMB,-0.00984981656074524,-0.05439035594463343,-0.17789891920983786
6788,6.833333333333333,205,LEFT_HIP,0.01813456416130066,-0.2548714429140091,0.04276634077541525
6789,6.833333333333333,205,RIGHT_HIP,-0.04029273986816406,-0.24036766588687897,0.03943741472903645
6790,6.833333333333333,205,LEFT_KNEE,0.02604016661643982,-0.4125717431306839,0.00380160100758075
6791,6.833333333333333,205,RIGHT_KNEE,-0.04705300927162176,-0.40997178852558136,0.06374595500528805
6792,6.833333333333333,205,LEFT_ANKLE,0.01663193106651306,-0.5666433125734329,0.10922709293663496
6793,6.833333333333333,205,RIGHT_ANKLE,-0.061333477497100886,-0.5589312463998793,0.17502974905073634
6794,6.833333333333333,205,LEFT_HEEL,0.02032896876335144,-0.5791651755571365,0.11724292673170564
6795,6.833333333333333,205,RIGHT_HEEL,-0.056388467550277765,-0.5695904642343521,0.18450399674475185
6796,6.833333333333333,205,LEFT_FOOT_INDEX,0.014401823282241821,-0.6424705535173417,0.06239901296794405
6797,6.833333333333333,205,RIGHT_FOOT_INDEX,-0.07789942622184759,-0.6410877853631973,0.11654026992619035
6798,6.866666666666666,206,NOSE,0.003953069448471069,0.0741410106420517,-0.1124965092167258
6799,6.866666666666666,206,LEFT_EYE_INNER,0.012223988771438599,0.09203068912029272,-0.10477159824222332
6800,6.866666666666666,206,LEFT_EYE,0.01701870560646057,0.09026660025119781,-0.1047758599743247
6801,6.866666666666666,206,LEFT_EYE_OUTER,0.0213717520236969,0.0883478969335556,-0.1048359414562583
6802,6.866666666666666,206,RIGHT_EYE_INNER,-0.001209348440170288,0.0970563143491745,-0.10503722634166482
6803,6.866666666666666,206,RIGHT_EYE,-0.00613364577293396,0.09890757501125341,-0.10502894129604101
6804,6.866666666666666,206,RIGHT_EYE_OUTER,-0.010268837213516235,0.10044990479946142,-0.10507646109908822
6805,6.866666666666666,206,LEFT_EAR,0.02783927321434021,0.082370474934578,-0.0329755609855056
6806,6.866666666666666,206,RIGHT_EAR,-0.01663699746131897,0.09644825756549841,-0.0395493796095252
6807,6.866666666666666,206,MOUTH_LEFT,0.011033624410629272,0.05052255094051361,-0.08359607961028809
6808,6.866666666666666,206,MOUTH_RIGHT,-0.005361765623092651,0.05926854908466339,-0.08537126239389181
6809,6.866666666666666,206,LEFT_SHOULDER,0.04947778582572937,-0.014315351843833868,-0.001045367680490003
6810,6.866666666666666,206,RIGHT_SHOULDER,-0.04947778582572937,0.014315351843833923,0.0010453676804899996
6811,6.866666666666666,206,LEFT_ELBOW,0.0671946108341217,-0.14892993867397308,0.011699064634740401
6812,6.866666666666666,206,RIGHT_ELBOW,-0.1032401323318482,-0.0726524144411087,-0.061124174855649506
6813,6.866666666666666,206,LEFT_WRIST,0.04250189661979675,-0.2154899686574936,-0.0325272073969245
6814,6.866666666666666,206,RIGHT_WRIST,-0.03502547740936279,-0.0518780499696731,-0.1584142586216331
6815,6.866666666666666,206,LEFT_PINKY,0.033216387033462524,-0.24265216290950775,-0.048996171914040994
6816,6.866666666666666,206,RIGHT_PINKY,-0.017597407102584894,-0.07004986703395838,-0.1756333997473121
6817,6.866666666666666,206,LEFT_INDEX,0.026951462030410767,-0.21714411675930023,-0.052674858830869205
6818,6.866666666666666,206,RIGHT_INDEX,-0.006513267755508423,-0.061533078551292364,-0.1578384032472968
6819,6.866666666666666,206,LEFT_THUMB,0.027306467294692993,-0.20950423181056976,-0.032205334864556796
6820,6.866666666666666,206,RIGHT_THUMB,-0.009773820638656616,-0.05503682792186737,-0.15052004065364602
6821,6.866666666666666,206,LEFT_HIP,0.01810315251350403,-0.2542217820882797,0.0328012407990172
6822,6.866666666666666,206,RIGHT_HIP,-0.0407843291759491,-0.2405976504087448,0.0299935743678361
6823,6.866666666666666,206,LEFT_KNEE,0.027738183736801147,-0.37403933703899384,-0.0370890339836478
6824,6.866666666666666,206,RIGHT_KNEE,-0.04847171902656561,-0.4021500200033188,0.0331071529071777
6825,6.866666666666666,206,LEFT_ANKLE,0.013343006372451782,-0.5410130470991135,0.0676522636786102
6826,6.866666666666666,206,RIGHT_ANKLE,-0.059227496385574396,-0.5586505383253096,0.1367688113823532
6827,6.866666666666666,206,LEFT_HEEL,0.010077863931655884,-0.5577066391706467,0.076226838864386
6828,6.866666666666666,206,RIGHT_HEEL,-0.05625316500663757,-0.5694983452558516,0.1455957451835274
6829,6.866666666666666,206,LEFT_FOOT_INDEX,0.01373252272605896,-0.6244091242551805,0.0288335792720318
6830,6.866666666666666,206,RIGHT_FOOT_INDEX,-0.07768326997756958,-0.6402637809514999,0.0837571779265999
6831,6.9,207,NOSE,0.003954946994781494,0.07419763505458832,-0.12582708895206446
6832,6.9,207,LEFT_EYE_INNER,0.012198328971862793,0.09209869801998138,-0.11726294457912444
6833,6.9,207,LEFT_EYE,0.016849040985107422,0.0903425961732865,-0.11728914082050325
6834,6.9,207,LEFT_EYE_OUTER,0.02118825912475586,0.0884509831666947,-0.11735595762729646
6835,6.9,207,RIGHT_EYE_INNER,-0.001305699348449707,0.09719271957874298,-0.11687207221984865
6836,6.9,207,RIGHT_EYE,-0.0062566399574279785,0.0990837961435318,-0.11688472330570214
6837,6.9,207,RIGHT_EYE_OUTER,-0.010451912879943848,0.10069794952869421,-0.11692501604557036
6838,6.9,207,LEFT_EAR,0.027544796466827393,0.08254431188106542,-0.03814838081598275
6839,6.9,207,RIGHT_EAR,-0.016837596893310547,0.09651164710521698,-0.042030699551105444
6840,6.9,207,MOUTH_LEFT,0.011029183864593506,0.05057536065578461,-0.09391286969184874
6841,6.9,207,MOUTH_RIGHT,-0.0054517388343811035,0.05926893651485449,-0.09488178789615624
6842,6.9,207,LEFT_SHOULDER,0.04950302839279175,-0.014196261763572693,-0.0008911415934562475
6843,6.9,207,RIGHT_SHOULDER,-0.04950302839279175,0.014196261763572693,0.0008911415934562544
6844,6.9,207,LEFT_ELBOW,0.06704497337341309,-0.14878429472446442,0.012801105156540954
6845,6.9,207,RIGHT_ELBOW,-0.10308218002319341,-0.0729121714830398,-0.08152761310338975
6846,6.9,207,LEFT_WRIST,0.04259908199310303,-0.2143162041902542,-0.038610756397247245
6847,6.9,207,RIGHT_WRIST,-0.03559660911560064,-0.05373908579349518,-0.19801294803619385
6848,6.9,207,LEFT_PINKY,0.033355653285980225,-0.24149395525455475,-0.05812440812587735
6849,6.9,207,RIGHT_PINKY,-0.017643719911575317,-0.07069085538387299,-0.22104208171367645
6850,6.9,207,LEFT_INDEX,0.02703845500946045,-0.21648193895816803,-0.06410704553127285
6851,6.9,207,RIGHT_INDEX,-0.0065558552742004395,-0.06270946562290192,-0.20561154186725616
6852,6.9,207,LEFT_THUMB,0.0273820161819458,-0.20862139761447906,-0.039321303367614746
6853,6.9,207,RIGHT_THUMB,-0.009930312633514404,-0.05608014762401581,-0.19183875620365143
6854,6.9,207,LEFT_HIP,0.018155992031097412,-0.2543848305940628,0.04286290612071745
6855,6.9,207,RIGHT_HIP,-0.04122927784919744,-0.2428901344537735,0.03882198175415405
6856,6.9,207,LEFT_KNEE,0.025986075401306152,-0.42746783792972565,-0.012935254722833647
6857,6.9,207,RIGHT_KNEE,-0.048409730195999146,-0.42326338589191437,0.052644824609160354
6858,6.9,207,LEFT_ANKLE,0.022212326526641846,-0.5600129514932632,0.09240052849054335
6859,6.9,207,RIGHT_ANKLE,-0.058793485164642334,-0.570136621594429,0.17107249796390528
6860,6.9,207,LEFT_HEEL,0.014972150325775146,-0.5727195888757706,0.10037248954176894
6861,6.9,207,RIGHT_HEEL,-0.05655807256698614,-0.5771834403276443,0.18154381215572357
6862,6.9,207,LEFT_FOOT_INDEX,0.020211219787597656,-0.6547418385744097,0.04230900993570675
6863,6.9,207,RIGHT_FOOT_INDEX,-0.07940316200256353,-0.657348707318306,0.11286342144012446
6864,6.933333333333334,208,NOSE,0.003909021615982056,0.07439711689949041,-0.12875089980661875
6865,6.933333333333334,208,LEFT_EYE_INNER,0.012107938528060913,0.09249189496040344,-0.11958087421953685
6866,6.933333333333334,208,LEFT_EYE,0.016502708196640015,0.0908898115158081,-0.11960997618734835
6867,6.933333333333334,208,LEFT_EYE_OUTER,0.02087429165840149,0.08912020921707153,-0.11967445351183416
6868,6.933333333333334,208,RIGHT_EYE_INNER,-0.0014428794384002686,0.09748512506484991,-0.11921128071844585
6869,6.933333333333334,208,RIGHT_EYE,-0.006388753652572632,0.0993692278862,-0.11923258937895305
6870,6.933333333333334,208,RIGHT_EYE_OUTER,-0.010597139596939087,0.10101374983787542,-0.11927627958357336
6871,6.933333333333334,208,LEFT_EAR,0.027179032564163208,0.08333128690719604,-0.03905569203197955
6872,6.933333333333334,208,RIGHT_EAR,-0.0169391930103302,0.09667202830314642,-0.04269556142389776
6873,6.933333333333334,208,MOUTH_LEFT,0.011027723550796509,0.05077937245368963,-0.09655199386179454
6874,6.933333333333334,208,MOUTH_RIGHT,-0.00549665093421936,0.05929356813430792,-0.09748616255819804
6875,6.933333333333334,208,LEFT_SHOULDER,0.049597591161727905,-0.014092624187469482,0.0007820744067430496
6876,6.933333333333334,208,RIGHT_SHOULDER,-0.049597591161727905,0.014092624187469538,-0.0007820744067430496
6877,6.933333333333334,208,LEFT_ELBOW,0.06704160571098328,-0.14876458048820496,0.01750984974205495
6878,6.933333333333334,208,RIGHT_ELBOW,-0.10289162397384644,-0.07405850291252136,-0.08617279864847664
6879,6.933333333333334,208,LEFT_WRIST,0.04294976592063904,-0.21406826376914978,-0.03446870483458045
6880,6.933333333333334,208,RIGHT_WRIST,-0.037127912044525146,-0.05470621585845947,-0.20780538953840733
6881,6.933333333333334,208,LEFT_PINKY,0.03367641568183899,-0.24139121174812317,-0.05364974029362206
6882,6.933333333333334,208,RIGHT_PINKY,-0.01854032278060913,-0.07108253240585327,-0.23233976401388645
6883,6.933333333333334,208,LEFT_INDEX,0.02733573317527771,-0.2164922058582306,-0.06012287922203545
6884,6.933333333333334,208,RIGHT_INDEX,-0.007348090410232544,-0.06334137916564936,-0.21683206595480442
6885,6.933333333333334,208,LEFT_THUMB,0.027657777070999146,-0.20855239033699036,-0.03541672416031365
6886,6.933333333333334,208,RIGHT_THUMB,-0.011136025190353394,-0.056707859039306585,-0.20184434391558176
6887,6.933333333333334,208,LEFT_HIP,0.018209129571914673,-0.25447437167167664,0.048960642889141946
6888,6.933333333333334,208,RIGHT_HIP,-0.04159829020500183,-0.24366632103919983,0.043921840842813246
6889,6.933333333333334,208,LEFT_KNEE,0.025159984827041626,-0.43584319949150085,0.009870635345578145
6890,6.933333333333334,208,RIGHT_KNEE,-0.04836806654930115,-0.4248811900615692,0.06893647834658614
6891,6.933333333333334,208,LEFT_ANKLE,0.027478545904159546,-0.5653776824474335,0.11873893998563274
6892,6.933333333333334,208,RIGHT_ANKLE,-0.05887749791145325,-0.574122279882431,0.20757675729691977
6893,6.933333333333334,208,LEFT_HEEL,0.018785029649734497,-0.5776562988758087,0.12692086212337006
6894,6.933333333333334,208,RIGHT_HEEL,-0.05655395984649664,-0.5792155563831328,0.21981749497354025
6895,6.933333333333334,208,LEFT_FOOT_INDEX,0.02122017741203308,-0.6602821052074432,0.059735119342803844
6896,6.933333333333334,208,RIGHT_FOOT_INDEX,-0.08117216825485235,-0.6551975905895233,0.14180709980428205
6897,6.966666666666667,209,NOSE,0.003833204507827759,0.074368417263031,-0.12555339932441711
6898,6.966666666666667,209,LEFT_EYE_INNER,0.012001663446426392,0.09257751703262329,-0.1170362532138824
6899,6.966666666666667,209,LEFT_EYE,0.016214579343795776,0.09110108017921448,-0.11706349253654481
6900,6.966666666666667,209,LEFT_EYE_OUTER,0.020598798990249634,0.0894726812839508,-0.1171284317970276
6901,6.966666666666667,209,RIGHT_EYE_INNER,-0.001624077558517456,0.09741714596748358,-0.11659798026084901
6902,6.966666666666667,209,RIGHT_EYE,-0.006598144769668579,0.09929922223091125,-0.116622507572174
6903,6.966666666666667,209,RIGHT_EYE_OUTER,-0.010830551385879517,0.10092756152153018,-0.11666595935821529
6904,6.966666666666667,209,LEFT_EAR,0.02680376172065735,0.08392959833145147,-0.0397420898079872
6905,6.966666666666667,209,RIGHT_EAR,-0.017172008752822876,0.09658941626548767,-0.042624071240425096
6906,6.966666666666667,209,MOUTH_LEFT,0.011008888483047485,0.05076786875724798,-0.09426589310169221
6907,6.966666666666667,209,MOUTH_RIGHT,-0.005564838647842407,0.05918112397193909,-0.095085397362709
6908,6.966666666666667,209,LEFT_SHOULDER,0.049602776765823364,-0.01403063535690302,0.001202307641506195
6909,6.966666666666667,209,RIGHT_SHOULDER,-0.049602776765823364,0.014030635356903076,-0.001202307641506202
6910,6.966666666666667,209,LEFT_ELBOW,0.06704679131507874,-0.14885157346725464,0.0205676555633545
6911,6.966666666666667,209,RIGHT_ELBOW,-0.10254302620887756,-0.07550743222236633,-0.0810781419277191
6912,6.966666666666667,209,LEFT_WRIST,0.043187886476516724,-0.21382084488868713,-0.025294363498687703
6913,6.966666666666667,209,RIGHT_WRIST,-0.037022799253463745,-0.05467626452445984,-0.19614949822425842
6914,6.966666666666667,209,LEFT_PINKY,0.03400292992591858,-0.24120649695396423,-0.042395532131195
6915,6.966666666666667,209,RIGHT_PINKY,-0.01867195963859558,-0.07056489586830134,-0.2187960147857666
6916,6.966666666666667,209,LEFT_INDEX,0.02762046456336975,-0.216578871011734,-0.0507035404443741
6917,6.966666666666667,209,RIGHT_INDEX,-0.007970541715621948,-0.06256833672523493,-0.20253553986549377
6918,6.966666666666667,209,LEFT_THUMB,0.027933746576309204,-0.20861253142356873,-0.026551693677902208
6919,6.966666666666667,209,RIGHT_THUMB,-0.011728078126907349,-0.05642068386077881,-0.1896730363368988
6920,6.966666666666667,209,LEFT_HIP,0.018157631158828735,-0.2544143497943878,0.051929402397945496
6921,6.966666666666667,209,RIGHT_HIP,-0.041880488395690973,-0.24358615279197693,0.0457806517370046
6922,6.966666666666667,209,LEFT_KNEE,0.0256824791431427,-0.43267586827278137,0.023405289277434398
6923,6.966666666666667,209,RIGHT_KNEE,-0.04904472827911377,-0.4218638837337494,0.0806883350014686
6924,6.966666666666667,209,LEFT_ANKLE,0.03585973381996155,-0.5656671226024627,0.1210493296384811
6925,6.966666666666667,209,RIGHT_ANKLE,-0.05884936451911926,-0.5715708434581757,0.21556988358497609
6926,6.966666666666667,209,LEFT_HEEL,0.020795613527297974,-0.5774951279163361,0.1285023614764213
6927,6.966666666666667,209,RIGHT_HEEL,-0.056482285261154175,-0.5781058371067046,0.2275525033473968
6928,6.966666666666667,209,LEFT_FOOT_INDEX,0.026970595121383667,-0.658245712518692,0.0635392721742391
6929,6.966666666666667,209,RIGHT_FOOT_INDEX,-0.08227041363716125,-0.6540994942188263,0.15675228834152222
6930,7.0,210,NOSE,0.003792211413383484,0.07434067130088806,-0.12583775445818907
6931,7.0,210,LEFT_EYE_INNER,0.011911198496818542,0.09256455302238464,-0.11796894297003745
6932,7.0,210,LEFT_EYE,0.01598779857158661,0.09113433957099915,-0.11799782142043115
6933,7.0,210,LEFT_EYE_OUTER,0.020361527800559998,0.08960089087486273,-0.11806273087859155
6934,7.0,210,RIGHT_EYE_INNER,-0.0017515569925308228,0.09729510545730596,-0.11749444529414184
6935,7.0,210,RIGHT_EYE,-0.0067571550607681274,0.09906932711601263,-0.11753022298216824
6936,7.0,210,RIGHT_EYE_OUTER,-0.010983780026435852,0.10059794783592224,-0.11756914481520654
6937,7.0,210,LEFT_EAR,0.02644847333431244,0.08428758382797241,-0.04151505604386335
6938,7.0,210,RIGHT_EAR,-0.017380192875862177,0.09646102786064154,-0.044331829994916944
6939,7.0,210,MOUTH_LEFT,0.011026427149772644,0.05076169967651373,-0.09474104270339014
6940,7.0,210,MOUTH_RIGHT,-0.005551770329475403,0.05900141596794134,-0.09544922038912775
6941,7.0,210,LEFT_SHOULDER,0.04964528977870941,-0.01402968168258667,0.0009778700768947532
6942,7.0,210,RIGHT_SHOULDER,-0.04964528977870947,0.014029681682586725,-0.0009778700768947463
6943,7.0,210,LEFT_ELBOW,0.06707702577114105,-0.14914059638977045,0.022609107196330955
6944,7.0,210,RIGHT_ELBOW,-0.10211826860904694,-0.07782083749771118,-0.07794266566634185
6945,7.0,210,LEFT_WRIST,0.043388113379478455,-0.21391212940216064,-0.023994464427232742
6946,7.0,210,RIGHT_WRIST,-0.03690187633037567,-0.05403712391853327,-0.19236148521304136
6947,7.0,210,LEFT_PINKY,0.03416155278682709,-0.24112343788146973,-0.04165629670023925
6948,7.0,210,RIGHT_PINKY,-0.01852972805500036,-0.06915232539176935,-0.21511289104819303
6949,7.0,210,LEFT_INDEX,0.027846679091453552,-0.21657806634902954,-0.04858528450131415
6950,7.0,210,RIGHT_INDEX,-0.00787152349948883,-0.06029120087623596,-0.1984983049333096
6951,7.0,210,LEFT_THUMB,0.028259262442588806,-0.20861542224884033,-0.02493671700358395
6952,7.0,210,RIGHT_THUMB,-0.011605873703956604,-0.05496606230735779,-0.18572930619120603
6953,7.0,210,LEFT_HIP,0.018159255385398865,-0.2544710636138916,0.05762941716238845
6954,7.0,210,RIGHT_HIP,-0.041891410946846064,-0.2438129186630249,0.050858837086707354
6955,7.0,210,LEFT_KNEE,0.02609287202358246,-0.436273992061615,0.04617702867835755
6956,7.0,210,RIGHT_KNEE,-0.04910941421985626,-0.4214359521865845,0.09039017558097825
6957,7.0,210,LEFT_ANKLE,0.039587363600730896,-0.5685793161392212,0.14739339426159845
6958,7.0,210,RIGHT_ANKLE,-0.058842286467552185,-0.5701499581336975,0.22592358663678153
6959,7.0,210,LEFT_HEEL,0.02865348756313324,-0.580159604549408,0.15496215596795077
6960,7.0,210,RIGHT_HEEL,-0.05642230808734894,-0.5773693323135376,0.23837721720337857
6961,7.0,210,LEFT_FOOT_INDEX,0.03317742049694061,-0.658231258392334,0.09262568876147255
6962,7.0,210,RIGHT_FOOT_INDEX,-0.08209674060344696,-0.6531440019607544,0.16942797973752016
6963,7.033333333333333,211,NOSE,0.0036724060773849487,0.07419069111347198,-0.1174329686909914
6964,7.033333333333333,211,LEFT_EYE_INNER,0.011805638670921326,0.09245665371417999,-0.11060853488743311
6965,7.033333333333333,211,LEFT_EYE,0.015816017985343933,0.0911045521497727,-0.11064677126705649
6966,7.033333333333333,211,LEFT_EYE_OUTER,0.02018432319164276,0.0896809846162796,-0.11072373576462269
6967,7.033333333333333,211,RIGHT_EYE_INNER,-0.001985028386116028,0.0971274226903916,-0.1102749574929476
6968,7.033333333333333,211,RIGHT_EYE,-0.006964400410652161,0.0988623052835465,-0.1102992463856936
6969,7.033333333333333,211,RIGHT_EYE_OUTER,-0.011187031865119934,0.1003677695989609,-0.11033185012638569
6970,7.033333333333333,211,LEFT_EAR,0.026319250464439392,0.08446787297725683,-0.0406817812472582
6971,7.033333333333333,211,RIGHT_EAR,-0.01756598055362707,0.0962570458650589,-0.0435674507170916
6972,7.033333333333333,211,MOUTH_LEFT,0.0110350102186203,0.05070246756076813,-0.0889293719083071
6973,7.033333333333333,211,MOUTH_RIGHT,-0.0055639296770095825,0.058837637305259705,-0.08962696976959711
6974,7.033333333333333,211,LEFT_SHOULDER,0.049674972891807556,-0.013999536633491516,0.0003718491643667013
6975,7.033333333333333,211,RIGHT_SHOULDER,-0.049674972891807556,0.013999536633491516,-0.0003718491643667013
6976,7.033333333333333,211,LEFT_ELBOW,0.06712929904460907,-0.1495121866464615,0.024082163348794
6977,7.033333333333333,211,RIGHT_ELBOW,-0.10139133036136627,-0.08107919991016388,-0.0656028855592013
6978,7.033333333333333,211,LEFT_WRIST,0.04365001618862152,-0.21413548290729523,-0.019620375707745594
6979,7.033333333333333,211,RIGHT_WRIST,-0.03611089289188385,-0.051596894860267584,-0.171563358977437
6980,7.033333333333333,211,LEFT_PINKY,0.03425763547420502,-0.2412836104631424,-0.0346143562346697
6981,7.033333333333333,211,RIGHT_PINKY,-0.01839996874332428,-0.06470091640949249,-0.192141579464078
6982,7.033333333333333,211,LEFT_INDEX,0.027956411242485046,-0.21660174429416656,-0.0404869038611651
6983,7.033333333333333,211,RIGHT_INDEX,-0.007807686924934387,-0.056798174977302496,-0.1736406553536654
6984,7.033333333333333,211,LEFT_THUMB,0.028432831168174744,-0.20864756405353546,-0.019997591152787195
6985,7.033333333333333,211,RIGHT_THUMB,-0.011460915207862854,-0.05146248638629908,-0.1638155449181795
6986,7.033333333333333,211,LEFT_HIP,0.01812700927257538,-0.2541680485010147,0.0529242842458187
6987,7.033333333333333,211,RIGHT_HIP,-0.04185669124126434,-0.24318881332874298,0.0464478624053299
6988,7.033333333333333,211,LEFT_KNEE,0.026457354426383972,-0.43257178366184235,0.0341743109747767
6989,7.033333333333333,211,RIGHT_KNEE,-0.04868666827678686,-0.42062385380268097,0.08528082631528369
6990,7.033333333333333,211,LEFT_ANKLE,0.04098992049694061,-0.5684234648942947,0.1051376182585954
6991,7.033333333333333,211,RIGHT_ANKLE,-0.06244160234928137,-0.5692892223596572,0.204289911314845
6992,7.033333333333333,211,LEFT_HEEL,0.02846561372280121,-0.5799851566553116,0.10946457646787161
6993,7.033333333333333,211,RIGHT_HEEL,-0.0563922673463822,-0.5769516378641127,0.2143302392214536
6994,7.033333333333333,211,LEFT_FOOT_INDEX,0.03200499713420868,-0.6571959406137469,0.0531662814319133
6995,7.033333333333333,211,RIGHT_FOOT_INDEX,-0.08183972537517548,-0.647091582417488,0.15369796566665161
6996,7.066666666666666,212,NOSE,0.0035850107669830322,0.07423868775367737,-0.11194229684770111
6997,7.066666666666666,212,LEFT_EYE_INNER,0.011839598417282104,0.09262716770172119,-0.10483840666711329
6998,7.066666666666666,212,LEFT_EYE,0.015684932470321655,0.09140971302986145,-0.1048632767051459
6999,7.066666666666666,212,LEFT_EYE_OUTER,0.0200558602809906,0.09006533026695257,-0.10493665002286441
7000,7.066666666666666,212,RIGHT_EYE_INNER,-0.0021269619464874268,0.09708437323570257,-0.1050301995128393
7001,7.066666666666666,212,RIGHT_EYE,-0.0070199668407440186,0.09876877069473267,-0.1050331946462393
7002,7.066666666666666,212,RIGHT_EYE_OUTER,-0.011224359273910522,0.10027325153350836,-0.1050713565200568
7003,7.066666666666666,212,LEFT_EAR,0.026304274797439575,0.08474087715148926,-0.037537699565291405
7004,7.066666666666666,212,RIGHT_EAR,-0.017453521490097046,0.09610086679458618,-0.0424625184386969
7005,7.066666666666666,212,MOUTH_LEFT,0.011253386735916138,0.05080199241638189,-0.0848524775356055
7006,7.066666666666666,212,MOUTH_RIGHT,-0.005481928586959839,0.058791279792785645,-0.0861563142389059
7007,7.066666666666666,212,LEFT_SHOULDER,0.05012074112892151,-0.014008343219757025,0.001109873875975595
7008,7.066666666666666,212,RIGHT_SHOULDER,-0.050120741128921564,0.01400834321975708,-0.0011098738759756019
7009,7.066666666666666,212,LEFT_ELBOW,0.06755992770195007,-0.14978381991386414,0.023133531212806695
7010,7.066666666666666,212,RIGHT_ELBOW,-0.10083085298538208,-0.08322802186012263,-0.056173210963606904
7011,7.066666666666666,212,LEFT_WRIST,0.04423031210899353,-0.2143397033214569,-0.024087836965918603
7012,7.066666666666666,212,RIGHT_WRIST,-0.03576287627220154,-0.05032640695571894,-0.1519057359546423
7013,7.066666666666666,212,LEFT_PINKY,0.03466632962226868,-0.2413618266582489,-0.0369307901710272
7014,7.066666666666666,212,RIGHT_PINKY,-0.01771926879882818,-0.06161358952522272,-0.17013495229184633
7015,7.066666666666666,212,LEFT_INDEX,0.02831706404685974,-0.2162630259990692,-0.0395985823124647
7016,7.066666666666666,212,RIGHT_INDEX,-0.007421046495437622,-0.05242198705673212,-0.1491424348205328
7017,7.066666666666666,212,LEFT_THUMB,0.028808563947677612,-0.20849117636680603,-0.023211380466818803
7018,7.066666666666666,212,RIGHT_THUMB,-0.011115223169326782,-0.047269731760025024,-0.1429233010858298
7019,7.066666666666666,212,LEFT_HIP,0.01849493384361267,-0.2523491084575653,0.0392418880946933
7020,7.066666666666666,212,RIGHT_HIP,-0.04162287712097168,-0.2408856451511383,0.033967387862503494
7021,7.066666666666666,212,LEFT_KNEE,0.03465893864631653,-0.4034775197505951,-0.006115371361374904
7022,7.066666666666666,212,RIGHT_KNEE,-0.049100399017333984,-0.3945939838886261,0.061214802786707795
7023,7.066666666666666,212,LEFT_ANKLE,0.04215291142463684,-0.5671128928661346,0.0633750315755605
7024,7.066666666666666,212,RIGHT_ANKLE,-0.06224155426025396,-0.5451290309429169,0.1695870105177163
7025,7.066666666666666,212,LEFT_HEEL,0.028944700956344604,-0.5772973597049712,0.0678777266293763
7026,7.066666666666666,212,RIGHT_HEEL,-0.05782651901245117,-0.5628102719783784,0.17905947007238848
7027,7.066666666666666,212,LEFT_FOOT_INDEX,0.031583935022354126,-0.6477071940898896,0.015527656301855996
7028,7.066666666666666,212,RIGHT_FOOT_INDEX,-0.08017858862876898,-0.6197912395000457,0.1265576574951409
7029,7.1,213,NOSE,0.0028704553842544556,0.07461819052696228,-0.11153995059430599
7030,7.1,213,LEFT_EYE_INNER,0.011288240551948547,0.09338065981864929,-0.10480356775224209
7031,7.1,213,LEFT_EYE,0.014942184090614319,0.09234121441841125,-0.1048306133598089
7032,7.1,213,LEFT_EYE_OUTER,0.019174471497535706,0.09113249182701111,-0.10490359924733639
7033,7.1,213,RIGHT_EYE_INNER,-0.0028741806745529175,0.09742489457130438,-0.10457110963761809
7034,7.1,213,RIGHT_EYE,-0.007604822516441345,0.09905135631561279,-0.1045782770961523
7035,7.1,213,RIGHT_EYE_OUTER,-0.011809274554252625,0.10054659843444827,-0.10461891256272798
7036,7.1,213,LEFT_EAR,0.02584560215473175,0.08558890223503118,-0.0377914216369391
7037,7.1,213,RIGHT_EAR,-0.017579987645149286,0.0962417721748352,-0.04116940312087539
7038,7.1,213,MOUTH_LEFT,0.011041238903999329,0.05167979001998907,-0.0846033822745085
7039,7.1,213,MOUTH_RIGHT,-0.005993172526359558,0.05927526950836187,-0.08531608246266839
7040,7.1,213,LEFT_SHOULDER,0.050277188420295715,-0.014043211936950628,0.0012730602174996983
7041,7.1,213,RIGHT_SHOULDER,-0.05027718842029577,0.014043211936950684,-0.0012730602174996983
7042,7.1,213,LEFT_ELBOW,0.06767387688159943,-0.1509806513786316,0.0245471512898803
7043,7.1,213,RIGHT_ELBOW,-0.10031758248806005,-0.0846592485904693,-0.060524335131049205
7044,7.1,213,LEFT_WRIST,0.044161275029182434,-0.21529525518417358,-0.016474360600113903
7045,7.1,213,RIGHT_WRIST,-0.03532232344150549,-0.050509363412857,-0.1568768378347159
7046,7.1,213,LEFT_PINKY,0.034643128514289856,-0.24192041158676147,-0.028587481006980005
7047,7.1,213,RIGHT_PINKY,-0.017125025391578674,-0.06269204616546631,-0.1756043788045645
7048,7.1,213,LEFT_INDEX,0.02824188768863678,-0.21684664487838745,-0.0323229860514403
7049,7.1,213,RIGHT_INDEX,-0.007328197360038757,-0.052859157323837225,-0.1552384700626135
7050,7.1,213,LEFT_THUMB,0.028741195797920227,-0.20908492803573608,-0.015854740515351302
7051,7.1,213,RIGHT_THUMB,-0.010986611247062683,-0.04709264636039734,-0.14807630144059658
7052,7.1,213,LEFT_HIP,0.01854868233203888,-0.25251883268356323,0.0408063307404517
7053,7.1,213,RIGHT_HIP,-0.041557058691978455,-0.23947149515151978,0.0355565836653113
7054,7.1,213,LEFT_KNEE,0.03452523052692413,-0.4048457145690918,0.0079667363315821
7055,7.1,213,RIGHT_KNEE,-0.049033865332603455,-0.3972179889678955,0.0704344157129525
7056,7.1,213,LEFT_ANKLE,0.04236389696598053,-0.5674675107002258,0.0775186140090226
7057,7.1,213,RIGHT_ANKLE,-0.06367935240268707,-0.5477960705757141,0.1782606933265923
7058,7.1,213,LEFT_HEEL,0.032023027539253235,-0.5777621269226074,0.0821153242141007
7059,7.1,213,RIGHT_HEEL,-0.061073109507560785,-0.5633795261383057,0.1886804793030023
7060,7.1,213,LEFT_FOOT_INDEX,0.031309738755226135,-0.6483830213546752,0.0273779463022947
7061,7.1,213,RIGHT_FOOT_INDEX,-0.08043740689754486,-0.6215584874153136,0.1282934192568063
7062,7.133333333333334,214,NOSE,0.00208069384098053,0.0744716227054596,-0.11074779368937011
7063,7.133333333333334,214,LEFT_EYE_INNER,0.01066000759601593,0.09330704808235168,-0.10422659851610659
7064,7.133333333333334,214,LEFT_EYE,0.014299705624580383,0.09232029318809509,-0.10425462760031219
7065,7.133333333333334,214,LEFT_EYE_OUTER,0.01844288408756256,0.09110680222511292,-0.104325333610177
7066,7.133333333333334,214,RIGHT_EYE_INNER,-0.003706321120262146,0.09706270694732672,-0.10356424190104009
7067,7.133333333333334,214,RIGHT_EYE,-0.0083303302526474,0.09864036738872531,-0.1035692933946848
7068,7.133333333333334,214,RIGHT_EYE_OUTER,-0.012626871466636658,0.10010752081871041,-0.1036143992096185
7069,7.133333333333334,214,LEFT_EAR,0.025555148720741272,0.08551585674285889,-0.0381264109164476
7070,7.133333333333334,214,RIGHT_EAR,-0.017853304743766785,0.09580707550048828,-0.0393002573400736
7071,7.133333333333334,214,MOUTH_LEFT,0.010695889592170715,0.05171599984169012,-0.0840261150151491
7072,7.133333333333334,214,MOUTH_RIGHT,-0.006744787096977234,0.0590498149394989,-0.0841126162558794
7073,7.133333333333334,214,LEFT_SHOULDER,0.05029703676700592,-0.013899534940719604,0.0007291343063116004
7074,7.133333333333334,214,RIGHT_SHOULDER,-0.05029703676700592,0.013899534940719604,-0.0007291343063116004
7075,7.133333333333334,214,LEFT_ELBOW,0.06768102943897247,-0.15163174271583557,0.022638469934463498
7076,7.133333333333334,214,RIGHT_ELBOW,-0.0994847863912583,-0.08500796556472778,-0.06014301814138891
7077,7.133333333333334,214,LEFT_WRIST,0.04391266405582428,-0.21594449877738953,-0.0195163022726774
7078,7.133333333333334,214,RIGHT_WRIST,-0.0346481055021286,-0.051278322935104315,-0.15601993538439268
7079,7.133333333333334,214,LEFT_PINKY,0.034508541226387024,-0.2425520122051239,-0.032367864623665796
7080,7.133333333333334,214,RIGHT_PINKY,-0.01672874391078949,-0.06388038396835322,-0.17491214908659458
7081,7.133333333333334,214,LEFT_INDEX,0.0279245525598526,-0.21748694777488708,-0.036432722583413096
7082,7.133333333333334,214,RIGHT_INDEX,-0.0070259422063827515,-0.053720235824584905,-0.15551620163023472
7083,7.133333333333334,214,LEFT_THUMB,0.028314843773841858,-0.20971885323524475,-0.019104344770312302
7084,7.133333333333334,214,RIGHT_THUMB,-0.010638877749443054,-0.047806173563003485,-0.1476252768188715
7085,7.133333333333334,214,LEFT_HIP,0.018570199608802795,-0.25281867384910583,0.039781280560418894
7086,7.133333333333334,214,RIGHT_HIP,-0.04154215753078461,-0.23874351382255554,0.035747291520238
7087,7.133333333333334,214,LEFT_KNEE,0.0341542512178421,-0.4070154130458832,0.008048104122281099
7088,7.133333333333334,214,RIGHT_KNEE,-0.0494553297758103,-0.3979772627353668,0.07473791576921929
7089,7.133333333333334,214,LEFT_ANKLE,0.04235364496707916,-0.5680215656757355,0.0696401726454496
7090,7.133333333333334,214,RIGHT_ANKLE,-0.06513766944408422,-0.5490347445011139,0.18001534603536118
7091,7.133333333333334,214,LEFT_HEEL,0.03282041847705841,-0.5785232484340669,0.0726961810141801
7092,7.133333333333334,214,RIGHT_HEEL,-0.06289272010326391,-0.5643777549266815,0.18960455618798727
7093,7.133333333333334,214,LEFT_FOOT_INDEX,0.03188373148441315,-0.6517938077449799,0.015832033008337097
7094,7.133333333333334,214,RIGHT_FOOT_INDEX,-0.08186127245426178,-0.6217983663082123,0.130290200933814
7095,7.166666666666667,215,NOSE,0.0016047954559326172,0.07428333163261414,-0.11064956896007055
7096,7.166666666666667,215,LEFT_EYE_INNER,0.010131001472473145,0.09328493475914001,-0.10352906398475165
7097,7.166666666666667,215,LEFT_EYE,0.01383298635482788,0.09241697192192083,-0.10354724340140817
7098,7.166666666666667,215,LEFT_EYE_OUTER,0.017914652824401855,0.09129673242568975,-0.10360884480178356
7099,7.166666666666667,215,RIGHT_EYE_INNER,-0.004440963268280029,0.09660458564758301,-0.10284134559333327
7100,7.166666666666667,215,RIGHT_EYE,-0.008985042572021484,0.09810720384120944,-0.10283109359443185
7101,7.166666666666667,215,RIGHT_EYE_OUTER,-0.013331770896911621,0.09950780868530273,-0.10287797264754775
7102,7.166666666666667,215,LEFT_EAR,0.025296449661254883,0.08567541837692261,-0.03662855736911295
7103,7.166666666666667,215,RIGHT_EAR,-0.018145084381103516,0.09526479244232183,-0.03720859996974465
7104,7.166666666666667,215,MOUTH_LEFT,0.010524272918701172,0.0520668625831604,-0.08367271535098555
7105,7.166666666666667,215,MOUTH_RIGHT,-0.007103264331817627,0.05877885222435003,-0.08366350643336776
7106,7.166666666666667,215,LEFT_SHOULDER,0.050296783447265625,-0.01385155320167536,0.0010463725775480479
7107,7.166666666666667,215,RIGHT_SHOULDER,-0.050296783447265625,0.013851553201675415,-0.0010463725775480479
7108,7.166666666666667,215,LEFT_ELBOW,0.06774485111236572,-0.15210700035095215,0.02026190049946315
7109,7.166666666666667,215,RIGHT_ELBOW,-0.09883776307106024,-0.08561602234840388,-0.054791277274489354
7110,7.166666666666667,215,LEFT_WRIST,0.04391312599182129,-0.2165970504283905,-0.025530682876706054
7111,7.166666666666667,215,RIGHT_WRIST,-0.03138774633407593,-0.05317437648773188,-0.14175726287066936
7112,7.166666666666667,215,LEFT_PINKY,0.0345037579536438,-0.24321475625038147,-0.039008034393191345
7113,7.166666666666667,215,RIGHT_PINKY,-0.013791918754577637,-0.07016274333000178,-0.15997589938342566
7114,7.166666666666667,215,LEFT_INDEX,0.027876973152160645,-0.21805492043495178,-0.042856259271502446
7115,7.166666666666667,215,RIGHT_INDEX,-0.003946423530578613,-0.059432774782180786,-0.14007153920829296
7116,7.166666666666667,215,LEFT_THUMB,0.028279125690460205,-0.21039840579032898,-0.02514086104929445
7117,7.166666666666667,215,RIGHT_THUMB,-0.007263362407684326,-0.05254563689231867,-0.13279394619166845
7118,7.166666666666667,215,LEFT_HIP,0.01863950490951538,-0.2532285749912262,0.034504631534218747
7119,7.166666666666667,215,RIGHT_HIP,-0.04153975844383245,-0.23884806036949158,0.03266005171462895
7120,7.166666666666667,215,LEFT_KNEE,0.034463703632354736,-0.391401082277298,-0.010092122480273254
7121,7.166666666666667,215,RIGHT_KNEE,-0.050813108682632446,-0.38458314538002014,0.04864462930709115
7122,7.166666666666667,215,LEFT_ANKLE,0.025476455688476562,-0.5578797161579131,0.06334892101585855
7123,7.166666666666667,215,RIGHT_ANKLE,-0.06489768624305725,-0.5396408140659332,0.15584202297031874
7124,7.166666666666667,215,LEFT_HEEL,0.030051350593566895,-0.5755395591259003,0.06808865629136554
7125,7.166666666666667,215,RIGHT_HEEL,-0.062467992305755615,-0.5581806004047395,0.16552880592644204
7126,7.166666666666667,215,LEFT_FOOT_INDEX,0.02582228183746338,-0.6394059360027313,0.015363555401563648
7127,7.166666666666667,215,RIGHT_FOOT_INDEX,-0.08118876814842224,-0.6138059198856355,0.11388467438518995
7128,7.2,216,NOSE,0.0009496212005615234,0.0742122232913971,-0.11236371193081135
7129,7.2,216,LEFT_EYE_INNER,0.009416520595550537,0.0933725535869599,-0.10464777145534757
7130,7.2,216,LEFT_EYE,0.013292551040649414,0.09257447719573975,-0.10465951357036826
7131,7.2,216,LEFT_EYE_OUTER,0.017195165157318115,0.09153097867965698,-0.10471215937286615
7132,7.2,216,RIGHT_EYE_INNER,-0.005318820476531982,0.09641966223716736,-0.10382707510143516
7133,7.2,216,RIGHT_EYE,-0.009782373905181885,0.09788437187671667,-0.10382273886352775
7134,7.2,216,RIGHT_EYE_OUTER,-0.014137566089630127,0.09924963116645819,-0.10387703869491816
7135,7.2,216,LEFT_EAR,0.02479410171508789,0.0859839022159577,-0.035783001221716355
7136,7.2,216,RIGHT_EAR,-0.0184517502784729,0.09503501653671265,-0.03549932036548855
7137,7.2,216,MOUTH_LEFT,0.010153770446777344,0.05221182107925415,-0.08480025921016926
7138,7.2,216,MOUTH_RIGHT,-0.007596731185913086,0.058519780635833796,-0.08459522668272254
7139,7.2,216,LEFT_SHOULDER,0.05028635263442993,-0.013729274272918701,0.0007537538185715502
7140,7.2,216,RIGHT_SHOULDER,-0.05028635263442999,0.013729274272918757,-0.0007537538185715537
7141,7.2,216,LEFT_ELBOW,0.06782811880111694,-0.1513705551624298,0.01736145373433835
7142,7.2,216,RIGHT_ELBOW,-0.09822395443916321,-0.08650416135787964,-0.05589325819164515
7143,7.2,216,LEFT_WRIST,0.04405713081359863,-0.2160433828830719,-0.032970116473734344
7144,7.2,216,RIGHT_WRIST,-0.029178917407989502,-0.05788475275039673,-0.14279092941433186
7145,7.2,216,LEFT_PINKY,0.03469347953796387,-0.24324718117713928,-0.046733268536627244
7146,7.2,216,RIGHT_PINKY,-0.01105344295501709,-0.07739478349685663,-0.16117867920547727
7147,7.2,216,LEFT_INDEX,0.027941107749938965,-0.2179248034954071,-0.04870080295950175
7148,7.2,216,RIGHT_INDEX,-0.0006837248802185059,-0.06842210888862604,-0.14093816373497245
7149,7.2,216,LEFT_THUMB,0.028328657150268555,-0.2101021707057953,-0.031908505596220445
7150,7.2,216,RIGHT_THUMB,-0.0037454962730407715,-0.06127160787582392,-0.13354246411472556
7151,7.2,216,LEFT_HIP,0.018559515476226807,-0.2535320222377777,0.03160963502159573
7152,7.2,216,RIGHT_HIP,-0.0418667197227478,-0.23898836970329285,0.03180090482055673
7153,7.2,216,LEFT_KNEE,0.03427809476852417,-0.376441091299057,-0.024034430272877154
7154,7.2,216,RIGHT_KNEE,-0.05269506573677063,-0.3837733566761017,0.02935706148855395
7155,7.2,216,LEFT_ANKLE,0.017168521881103516,-0.5414552390575409,0.06686814781278365
7156,7.2,216,RIGHT_ANKLE,-0.06539514660835272,-0.541723757982254,0.13803546037524936
7157,7.2,216,LEFT_HEEL,0.021445512771606445,-0.5672346651554107,0.07269945275038475
7158,7.2,216,RIGHT_HEEL,-0.06303209066390991,-0.5598820745944978,0.14781025703996414
7159,7.2,216,LEFT_FOOT_INDEX,0.018320977687835693,-0.6228950321674346,0.01424040924757725
7160,7.2,216,RIGHT_FOOT_INDEX,-0.08097761869430542,-0.616289585828781,0.09312593843787906
7161,7.233333333333333,217,NOSE,0.00045821070671081543,0.07404242455959326,-0.1103427018970251
7162,7.233333333333333,217,LEFT_EYE_INNER,0.009006410837173462,0.09331612288951874,-0.1030456479638815
7163,7.233333333333333,217,LEFT_EYE,0.013001292943954468,0.09254761040210724,-0.1030537690967321
7164,7.233333333333333,217,LEFT_EYE_OUTER,0.016842156648635864,0.09153012931346893,-0.10310164652764799
7165,7.233333333333333,217,RIGHT_EYE_INNER,-0.005931168794631958,0.09623737633228302,-0.10223292373120789
7166,7.233333333333333,217,RIGHT_EYE,-0.010379940271377563,0.09768459200859073,-0.1022269483655691
7167,7.233333333333333,217,RIGHT_EYE_OUTER,-0.014736443758010864,0.09904041886329654,-0.10228233598172669
7168,7.233333333333333,217,LEFT_EAR,0.024501055479049683,0.08614094555377966,-0.0354247000068426
7169,7.233333333333333,217,RIGHT_EAR,-0.018676668405532892,0.09483696520328522,-0.035452267155051204
7170,7.233333333333333,217,MOUTH_LEFT,0.009797781705856323,0.05208818614482885,-0.0832594688981771
7171,7.233333333333333,217,MOUTH_RIGHT,-0.008016377687454224,0.05826906859874725,-0.0830735918134451
7172,7.233333333333333,217,LEFT_SHOULDER,0.05025121569633484,-0.013669714331626892,0.0012835543602705002
7173,7.233333333333333,217,RIGHT_SHOULDER,-0.050251215696334894,0.013669714331626948,-0.0012835543602705002
7174,7.233333333333333,217,LEFT_ELBOW,0.06785771250724792,-0.15088431537151337,0.0175756132230163
7175,7.233333333333333,217,RIGHT_ELBOW,-0.09688478708267212,-0.08705498278141016,-0.05183666758239269
7176,7.233333333333333,217,LEFT_WRIST,0.044084399938583374,-0.21497537195682526,-0.0332413073629141
7177,7.233333333333333,217,RIGHT_WRIST,-0.02821570634841919,-0.06263168156146998,-0.1344135906547308
7178,7.233333333333333,217,LEFT_PINKY,0.034816473722457886,-0.24286051094532013,-0.047088211402297006
7179,7.233333333333333,217,RIGHT_PINKY,-0.009585410356521606,-0.08291061222553248,-0.15247941575944418
7180,7.233333333333333,217,LEFT_INDEX,0.02798488736152649,-0.21719034016132355,-0.0493693929165602
7181,7.233333333333333,217,RIGHT_INDEX,0.00047394633293151855,-0.07443033158779144,-0.133560648187995
7182,7.233333333333333,217,LEFT_THUMB,0.028342336416244507,-0.20919455587863922,-0.0322515349835157
7183,7.233333333333333,217,RIGHT_THUMB,-0.0025015175342559814,-0.06748364865779877,-0.12570605240762228
7184,7.233333333333333,217,LEFT_HIP,0.018569499254226685,-0.25276829302310944,0.0310975664178841
7185,7.233333333333333,217,RIGHT_HIP,-0.04186350107192993,-0.23785103857517242,0.0319335075037087
7186,7.233333333333333,217,LEFT_KNEE,0.03417244553565979,-0.3770175725221634,-0.0225442741066217
7187,7.233333333333333,217,RIGHT_KNEE,-0.05494546890258789,-0.38083483278751373,0.0267102471552789
7188,7.233333333333333,217,LEFT_ANKLE,0.016290754079818726,-0.5388245731592178,0.0666759554296731
7189,7.233333333333333,217,RIGHT_ANKLE,-0.06624054908752441,-0.5381994992494583,0.1370093543082475
7190,7.233333333333333,217,LEFT_HEEL,0.019365519285202026,-0.5648183375597,0.0729756671935319
7191,7.233333333333333,217,RIGHT_HEEL,-0.06374460458755493,-0.5564868599176406,0.14695235528051842
7192,7.233333333333333,217,LEFT_FOOT_INDEX,0.01722690463066101,-0.6207589060068129,0.0183539241552353
7193,7.233333333333333,217,RIGHT_FOOT_INDEX,-0.08092957735061651,-0.6143792420625686,0.0936669800430535
7194,7.266666666666667,218,NOSE,0.00014503300189971924,0.0742713212966919,-0.11009678523987529
7195,7.266666666666667,218,LEFT_EYE_INNER,0.00875265896320343,0.09374848008155828,-0.1025509117171168
7196,7.266666666666667,218,LEFT_EYE,0.012810304760932922,0.09297901391983038,-0.10256120841950181
7197,7.266666666666667,218,LEFT_EYE_OUTER,0.016599908471107483,0.09201046824455267,-0.1026112465187907
7198,7.266666666666667,218,RIGHT_EYE_INNER,-0.006216689944267273,0.09657421708106995,-0.1016223011538386
7199,7.266666666666667,218,RIGHT_EYE,-0.010645076632499695,0.09800691902637487,-0.1016133008524775
7200,7.266666666666667,218,RIGHT_EYE_OUTER,-0.014975056052207947,0.09927119314670568,-0.10167037229984999
7201,7.266666666666667,218,LEFT_EAR,0.024253442883491516,0.08671644330024719,-0.0351869044825435
7202,7.266666666666667,218,RIGHT_EAR,-0.018748179078102167,0.09504145383834839,-0.03462703060358761
7203,7.266666666666667,218,MOUTH_LEFT,0.009553149342536926,0.05234435200691229,-0.0832509873434901
7204,7.266666666666667,218,MOUTH_RIGHT,-0.008230134844779968,0.05832287669181829,-0.08290125709027049
7205,7.266666666666667,218,LEFT_SHOULDER,0.05025239288806915,-0.013590961694717407,0.0015774583443998978
7206,7.266666666666667,218,RIGHT_SHOULDER,-0.05025239288806921,0.013590961694717463,-0.0015774583443999013
7207,7.266666666666667,218,LEFT_ELBOW,0.06784839928150177,-0.15083718299865723,0.017038871534168696
7208,7.266666666666667,218,RIGHT_ELBOW,-0.09652857482433319,-0.09059494733810425,-0.0541048003360629
7209,7.266666666666667,218,LEFT_WRIST,0.04380179941654205,-0.21455919742584229,-0.034681255929172004
7210,7.266666666666667,218,RIGHT_WRIST,-0.028475329279899597,-0.06832972168922424,-0.1415960667654872
7211,7.266666666666667,218,LEFT_PINKY,0.034904077649116516,-0.2422025203704834,-0.0491353226825595
7212,7.266666666666667,218,RIGHT_PINKY,-0.009617909789085388,-0.08844798803329462,-0.16051584761589768
7213,7.266666666666667,218,LEFT_INDEX,0.02800615131855011,-0.21654236316680908,-0.051569166593253606
7214,7.266666666666667,218,RIGHT_INDEX,0.0003735572099685669,-0.07721474766731262,-0.1416878281161189
7215,7.266666666666667,218,LEFT_THUMB,0.028222933411598206,-0.2083088755607605,-0.033774579875171205
7216,7.266666666666667,218,RIGHT_THUMB,-0.0027745217084884644,-0.07079535722732544,-0.1330279884859919
7217,7.266666666666667,218,LEFT_HIP,0.01840825378894806,-0.2519225478172302,0.030636443669209295
7218,7.266666666666667,218,RIGHT_HIP,-0.042208865284919794,-0.23760318756103516,0.031037787135573997
7219,7.266666666666667,218,LEFT_KNEE,0.03360922634601593,-0.3806556463241577,-0.0207101618871093
7220,7.266666666666667,218,RIGHT_KNEE,-0.05470152199268341,-0.38373053073883057,0.0322827728232368
7221,7.266666666666667,218,LEFT_ANKLE,0.022126510739326477,-0.542721688747406,0.06857252586632959
7222,7.266666666666667,218,RIGHT_ANKLE,-0.06324334442615509,-0.543507993221283,0.1457062782719731
7223,7.266666666666667,218,LEFT_HEEL,0.018485859036445618,-0.5628058314323425,0.0764421271160244
7224,7.266666666666667,218,RIGHT_HEEL,-0.0597008615732193,-0.5569705963134766,0.1558364303782582
7225,7.266666666666667,218,LEFT_FOOT_INDEX,0.01730187237262726,-0.6215713620185853,0.027245529927313297
7226,7.266666666666667,218,RIGHT_FOOT_INDEX,-0.08096404373645788,-0.61582350730896,0.0996590079739689
7227,7.3,219,NOSE,-0.00010210275650024414,0.07510007917881012,-0.10662112850695851
7228,7.3,219,LEFT_EYE_INNER,0.008596062660217285,0.09505195915699005,-0.09841382224112752
7229,7.3,219,LEFT_EYE,0.012713491916656494,0.09424741566181183,-0.0984199168160558
7230,7.3,219,LEFT_EYE_OUTER,0.01650327444076538,0.09339942038059235,-0.0984687032178044
7231,7.3,219,RIGHT_EYE_INNER,-0.006409645080566406,0.09776607155799874,-0.0975273223593831
7232,7.3,219,RIGHT_EYE,-0.010865986347198486,0.09920139610767373,-0.09750991780310872
7233,7.3,219,RIGHT_EYE_OUTER,-0.015155911445617676,0.10028922557830813,-0.0975746186450124
7234,7.3,219,LEFT_EAR,0.0241813063621521,0.08782412111759191,-0.030609880574047503
7235,7.3,219,RIGHT_EAR,-0.018785983324050903,0.09581540524959564,-0.0303846718743443
7236,7.3,219,MOUTH_LEFT,0.009396970272064209,0.0530715137720108,-0.08011807221919301
7237,7.3,219,MOUTH_RIGHT,-0.008458197116851807,0.058654323220253046,-0.0798614593222737
7238,7.3,219,LEFT_SHOULDER,0.050255000591278076,-0.013415351510047857,0.0011262269690632994
7239,7.3,219,RIGHT_SHOULDER,-0.050255000591278076,0.013415351510047913,-0.0011262269690632994
7240,7.3,219,LEFT_ELBOW,0.06785964965820312,-0.15058763325214386,0.0095375934615732
7241,7.3,219,RIGHT_ELBOW,-0.09559473395347601,-0.09183983504772186,-0.0563872726634145
7242,7.3,219,LEFT_WRIST,0.04375380277633667,-0.21426226198673248,-0.0575989158824086
7243,7.3,219,RIGHT_WRIST,-0.028354525566101074,-0.07340909540653229,-0.1435683788731694
7244,7.3,219,LEFT_PINKY,0.03502923250198364,-0.24091942608356476,-0.0737212048843503
7245,7.3,219,RIGHT_PINKY,-0.009281933307647705,-0.09504647552967066,-0.1610295893624425
7246,7.3,219,LEFT_INDEX,0.0280570387840271,-0.21522648632526398,-0.0735025079920888
7247,7.3,219,RIGHT_INDEX,0.0006563067436218262,-0.08281393349170685,-0.1425407500937581
7248,7.3,219,LEFT_THUMB,0.028224527835845947,-0.20708896219730377,-0.055951093323528704
7249,7.3,219,RIGHT_THUMB,-0.002489924430847168,-0.07597516477107996,-0.13486548978835342
7250,7.3,219,LEFT_HIP,0.018297553062438965,-0.2514349967241287,0.0277212292421609
7251,7.3,219,RIGHT_HIP,-0.04228019714355469,-0.2369150072336197,0.028943455137778
7252,7.3,219,LEFT_KNEE,0.03706401586532593,-0.3472854048013687,-0.051022139377892
7253,7.3,219,RIGHT_KNEE,-0.05982664227485657,-0.3581979423761368,-0.0002394700422882999
7254,7.3,219,LEFT_ANKLE,0.012089908123016357,-0.5050882250070572,0.06370926927775139
7255,7.3,219,RIGHT_ANKLE,-0.06425026059150696,-0.5225454717874527,0.1081276563927531
7256,7.3,219,LEFT_HEEL,0.009363412857055664,-0.5383761674165726,0.07328561972826711
7257,7.3,219,RIGHT_HEEL,-0.06082680821418768,-0.5403294712305069,0.1184595776721834
7258,7.3,219,LEFT_FOOT_INDEX,0.010757148265838623,-0.5859236866235732,0.033018197864294
7259,7.3,219,RIGHT_FOOT_INDEX,-0.07974374294281006,-0.5981083065271378,0.07214127760380501
7260,7.333333333333333,220,NOSE,-0.0001010894775390625,0.07599259912967682,-0.10906188841909165
7261,7.333333333333333,220,LEFT_EYE_INNER,0.008633852005004883,0.09621675312519073,-0.10099071916192764
7262,7.333333333333333,220,LEFT_EYE,0.012770771980285645,0.0953606516122818,-0.10100153740495443
7263,7.333333333333333,220,LEFT_EYE_OUTER,0.016567230224609375,0.0945545881986618,-0.10105333384126425
7264,7.333333333333333,220,RIGHT_EYE_INNER,-0.006356477737426758,0.09901478886604312,-0.10022421833127734
7265,7.333333333333333,220,RIGHT_EYE,-0.01084226369857788,0.10048386454582223,-0.10021290834993124
7266,7.333333333333333,220,RIGHT_EYE_OUTER,-0.01511847972869873,0.10150183737277993,-0.10027479287236923
7267,7.333333333333333,220,LEFT_EAR,0.024205327033996582,0.08878575265407562,-0.03296239580959085
7268,7.333333333333333,220,RIGHT_EAR,-0.018718838691711426,0.09677250683307653,-0.03331335913389915
7269,7.333333333333333,220,MOUTH_LEFT,0.009380519390106201,0.05373631417751312,-0.08229202684015036
7270,7.333333333333333,220,MOUTH_RIGHT,-0.008520185947418213,0.05919207632541662,-0.08220934029668564
7271,7.333333333333333,220,LEFT_SHOULDER,0.050350964069366455,-0.012962237000465393,0.0005221841856837481
7272,7.333333333333333,220,RIGHT_SHOULDER,-0.05035096406936651,0.012962237000465393,-0.0005221841856837516
7273,7.333333333333333,220,LEFT_ELBOW,0.06797432899475098,-0.1500998586416244,0.00975178461521865
7274,7.333333333333333,220,RIGHT_ELBOW,-0.09488272666931152,-0.09554068744182587,-0.05810635443776845
7275,7.333333333333333,220,LEFT_WRIST,0.04356032609939575,-0.21416567265987396,-0.052499196492135546
7276,7.333333333333333,220,RIGHT_WRIST,-0.02745109796524048,-0.07818157970905298,-0.14489603694528344
7277,7.333333333333333,220,LEFT_PINKY,0.03513258695602417,-0.24046103656291962,-0.06838829722255466
7278,7.333333333333333,220,RIGHT_PINKY,-0.00730133056640625,-0.10013978183269501,-0.16266337689012283
7279,7.333333333333333,220,LEFT_INDEX,0.028167724609375,-0.21505479514598846,-0.06917186733335254
7280,7.333333333333333,220,RIGHT_INDEX,0.001053154468536377,-0.08640028536319727,-0.14465502556413415
7281,7.333333333333333,220,LEFT_THUMB,0.02831202745437622,-0.20693950355052948,-0.051233387552201755
7282,7.333333333333333,220,RIGHT_THUMB,-0.002318084239959717,-0.0797257274389267,-0.13647446688264606
7283,7.333333333333333,220,LEFT_HIP,0.018413543701171875,-0.2511615604162216,0.027976353769190648
7284,7.333333333333333,220,RIGHT_HIP,-0.04182159900665289,-0.2370385378599167,0.030117197660729247
7285,7.333333333333333,220,LEFT_KNEE,0.037444472312927246,-0.36242471635341644,-0.038325003348290955
7286,7.333333333333333,220,RIGHT_KNEE,-0.059595972299575806,-0.3621470779180527,0.011328897438943449
7287,7.333333333333333,220,LEFT_ANKLE,0.023683130741119385,-0.5151282995939255,0.06465354282408944
7288,7.333333333333333,220,RIGHT_ANKLE,-0.058451294898986816,-0.5390758365392685,0.11812073830515135
7289,7.333333333333333,220,LEFT_HEEL,0.01827561855316162,-0.5425606220960617,0.07464188802987325
7290,7.333333333333333,220,RIGHT_HEEL,-0.06071901321411133,-0.544799730181694,0.12755432073026884
7291,7.333333333333333,220,LEFT_FOOT_INDEX,0.01358252763748169,-0.6007357686758041,0.033290371298789846
7292,7.333333333333333,220,RIGHT_FOOT_INDEX,-0.07871007919311529,-0.6020027250051498,0.07413441408425564
7293,7.366666666666666,221,NOSE,-0.0002802163362503052,0.07674704492092133,-0.1079555004835129
7294,7.366666666666666,221,LEFT_EYE_INNER,0.008455738425254822,0.097293570637703,-0.09880171716213229
7295,7.366666666666666,221,LEFT_EYE,0.01267300546169281,0.09647761285305023,-0.09881334006786349
7296,7.366666666666666,221,LEFT_EYE_OUTER,0.016474172472953796,0.09579558670520782,-0.09885743260383612
7297,7.366666666666666,221,RIGHT_EYE_INNER,-0.00657828152179718,0.09995262324810031,-0.0982073396444321
7298,7.366666666666666,221,RIGHT_EYE,-0.011084571480751038,0.10138104856014252,-0.0981860756874085
7299,7.366666666666666,221,RIGHT_EYE_OUTER,-0.01529933512210846,0.10230529308319092,-0.098265290260315
7300,7.366666666666666,221,LEFT_EAR,0.02415381371974945,0.09005732834339142,-0.0312042906880379
7301,7.366666666666666,221,RIGHT_EAR,-0.01875622570514679,0.09748043119907379,-0.0311402156949043
7302,7.366666666666666,221,MOUTH_LEFT,0.009258672595024109,0.0543342679738999,-0.08135624229907991
7303,7.366666666666666,221,MOUTH_RIGHT,-0.008749142289161682,0.059583440423011835,-0.0814904496073723
7304,7.366666666666666,221,LEFT_SHOULDER,0.05042468011379242,-0.01223431527614588,0.0025762431323527943
7305,7.366666666666666,221,RIGHT_SHOULDER,-0.050424680113792475,0.012234315276145935,-0.0025762431323528012
7306,7.366666666666666,221,LEFT_ELBOW,0.06835190951824188,-0.14959032833576197,0.006062820553779595
7307,7.366666666666666,221,RIGHT_ELBOW,-0.0947575718164444,-0.1022072285413742,-0.059445530176162706
7308,7.366666666666666,221,LEFT_WRIST,0.04323898255825043,-0.2138732522726059,-0.0612100213766098
7309,7.366666666666666,221,RIGHT_WRIST,-0.027269616723060663,-0.08560152351856226,-0.1451021730899811
7310,7.366666666666666,221,LEFT_PINKY,0.03500829637050629,-0.23966626822948456,-0.0779095441102982
7311,7.366666666666666,221,RIGHT_PINKY,-0.007278993725776672,-0.10558630526065826,-0.1634162962436676
7312,7.366666666666666,221,LEFT_INDEX,0.028180286288261414,-0.21456412971019745,-0.0753623619675636
7313,7.366666666666666,221,RIGHT_INDEX,0.0009025782346725464,-0.08977781236171717,-0.1451151221990585
7314,7.366666666666666,221,LEFT_THUMB,0.028336629271507263,-0.20645670592784882,-0.0590690225362778
7315,7.366666666666666,221,RIGHT_THUMB,-0.002719298005104065,-0.0840772539377212,-0.1366136074066162
7316,7.366666666666666,221,LEFT_HIP,0.01846085488796234,-0.2504734843969345,0.030317384051158996
7317,7.366666666666666,221,RIGHT_HIP,-0.04150672256946569,-0.23669390380382538,0.0330343685345723
7318,7.366666666666666,221,LEFT_KNEE,0.03846101462841034,-0.3565247505903244,-0.04614442586898801
7319,7.366666666666666,221,RIGHT_KNEE,-0.05870957672595978,-0.36759112775325775,-0.018838785588741302
7320,7.366666666666666,221,LEFT_ANKLE,0.019127413630485535,-0.5205095261335373,0.0626579374074935
7321,7.366666666666666,221,RIGHT_ANKLE,-0.05860193073749548,-0.5395980924367905,0.0747634284198283
7322,7.366666666666666,221,LEFT_HEEL,0.017872676253318787,-0.5458985418081284,0.0717704668641089
7323,7.366666666666666,221,RIGHT_HEEL,-0.06056968867778778,-0.5488945096731186,0.0827387049794196
7324,7.366666666666666,221,LEFT_FOOT_INDEX,0.014969691634178162,-0.6027381867170334,0.029086633119732096
7325,7.366666666666666,221,RIGHT_FOOT_INDEX,-0.0772263258695603,-0.6044089645147324,0.026218310929834794
7326,7.4,222,NOSE,-0.00041803717613220215,0.07787871360778814,-0.10615924373269085
7327,7.4,222,LEFT_EYE_INNER,0.008322566747665405,0.09870247542858124,-0.09639907255768775
7328,7.4,222,LEFT_EYE,0.012602776288986206,0.09792628884315496,-0.09641091898083685
7329,7.4,222,LEFT_EYE_OUTER,0.016425997018814087,0.09732630848884583,-0.09644453600049015
7330,7.4,222,RIGHT_EYE_INNER,-0.006770282983779907,0.10118928551673895,-0.09601845219731335
7331,7.4,222,RIGHT_EYE,-0.011303573846817017,0.10251870751380923,-0.09599185362458225
7332,7.4,222,RIGHT_EYE_OUTER,-0.01546582579612732,0.10330809652805334,-0.09608443453907965
7333,7.4,222,LEFT_EAR,0.024125367403030396,0.09165412187576294,-0.02872811630368234
7334,7.4,222,RIGHT_EAR,-0.018806010484695435,0.09836462140083313,-0.02923483774065974
7335,7.4,222,MOUTH_LEFT,0.009194403886795044,0.055291533470153864,-0.07992875948548314
7336,7.4,222,MOUTH_RIGHT,-0.008860737085342407,0.06027424335479736,-0.08021562919020654
7337,7.4,222,LEFT_SHOULDER,0.05047556757926941,-0.011403083801269531,0.004640188068151453
7338,7.4,222,RIGHT_SHOULDER,-0.050475567579269465,0.011403083801269531,-0.004640188068151446
7339,7.4,222,LEFT_ELBOW,0.06859436631202698,-0.14887925982475275,0.008404847234487551
7340,7.4,222,RIGHT_ELBOW,-0.09404617547988897,-0.10667514801025385,-0.057221625000238446
7341,7.4,222,LEFT_WRIST,0.04309263825416565,-0.2133844494819641,-0.05956402793526645
7342,7.4,222,RIGHT_WRIST,-0.026046544313430786,-0.08825200796127314,-0.13998701050877577
7343,7.4,222,LEFT_PINKY,0.03489306569099426,-0.2386797070503235,-0.07682083174586295
7344,7.4,222,RIGHT_PINKY,-0.006037861108779907,-0.10685577988624567,-0.15756939724087715
7345,7.4,222,LEFT_INDEX,0.028165966272354126,-0.2137342095375061,-0.07489355280995365
7346,7.4,222,RIGHT_INDEX,0.0008925497531890869,-0.09127205610275263,-0.14051989093422895
7347,7.4,222,LEFT_THUMB,0.028340190649032593,-0.20567095279693604,-0.05784628912806515
7348,7.4,222,RIGHT_THUMB,-0.0027525126934051514,-0.08568009734153748,-0.13191777840256697
7349,7.4,222,LEFT_HIP,0.01835569739341736,-0.24948358535766602,0.032960835727863055
7350,7.4,222,RIGHT_HIP,-0.041631847620010376,-0.2361089587211609,0.035722157219424754
7351,7.4,222,LEFT_KNEE,0.03801193833351135,-0.3492888808250427,-0.03762439265847205
7352,7.4,222,RIGHT_KNEE,-0.05815127491950994,-0.3679671883583069,-0.012309309095144251
7353,7.4,222,LEFT_ANKLE,0.014128237962722778,-0.5183770060539246,0.06577511504292474
7354,7.4,222,RIGHT_ANKLE,-0.06066915392875677,-0.5384026765823364,0.07941550388932214
7355,7.4,222,LEFT_HEEL,0.017036885023117065,-0.5468236207962036,0.07405030354857435
7356,7.4,222,RIGHT_HEEL,-0.06116181612014776,-0.5500571131706238,0.08720443025231356
7357,7.4,222,LEFT_FOOT_INDEX,0.013595134019851685,-0.5993741154670716,0.030582818668335652
7358,7.4,222,RIGHT_FOOT_INDEX,-0.07713416218757635,-0.6064853668212891,0.03073988668620585
7359,7.433333333333334,223,NOSE,-0.0004959255456924438,0.07815086841583246,-0.1231748228892684
7360,7.433333333333334,223,LEFT_EYE_INNER,0.00823943316936493,0.09919477999210358,-0.1111403023824096
7361,7.433333333333334,223,LEFT_EYE,0.012526437640190125,0.0984669029712677,-0.11112605687230831
7362,7.433333333333334,223,LEFT_EYE_OUTER,0.016356036067008972,0.09792312979698176,-0.1111449068412185
7363,7.433333333333334,223,RIGHT_EYE_INNER,-0.0068421512842178345,0.10158699750900269,-0.1114666676148772
7364,7.433333333333334,223,RIGHT_EYE,-0.011378541588783264,0.10288986563682559,-0.1114545529708266
7365,7.433333333333334,223,RIGHT_EYE_OUTER,-0.01554037630558014,0.10363359749317169,-0.1115103727206588
7366,7.433333333333334,223,LEFT_EAR,0.024045512080192566,0.0924508273601532,-0.030701695941388607
7367,7.433333333333334,223,RIGHT_EAR,-0.018882647156715393,0.09863615036010737,-0.035213618539273794
7368,7.433333333333334,223,MOUTH_LEFT,0.009106680750846863,0.05543112754821777,-0.0922857588157058
7369,7.433333333333334,223,MOUTH_RIGHT,-0.008936896920204163,0.06031268835067749,-0.0934519832953811
7370,7.433333333333334,223,LEFT_SHOULDER,0.05053643882274628,-0.010543346405029297,0.006956472061574501
7371,7.433333333333334,223,RIGHT_SHOULDER,-0.05053643882274633,0.010543346405029297,-0.006956472061574501
7372,7.433333333333334,223,LEFT_ELBOW,0.06884180009365082,-0.1476784348487854,0.0064984587952495
7373,7.433333333333334,223,RIGHT_ELBOW,-0.09301073849201202,-0.10869032144546514,-0.061756438575684997
7374,7.433333333333334,223,LEFT_WRIST,0.04296581447124481,-0.21316099166870123,-0.0701263984665275
7375,7.433333333333334,223,RIGHT_WRIST,-0.024655327200889587,-0.0909377932548523,-0.1440905695781112
7376,7.433333333333334,223,LEFT_PINKY,0.03474758565425873,-0.23735296726226812,-0.08936481829732659
7377,7.433333333333334,223,RIGHT_PINKY,-0.0051740556955337524,-0.10780206322669983,-0.1647417759522796
7378,7.433333333333334,223,LEFT_INDEX,0.02815006673336029,-0.21314066648483282,-0.0876409253105521
7379,7.433333333333334,223,RIGHT_INDEX,0.0008575767278671265,-0.09210586547851562,-0.1508342390879989
7380,7.433333333333334,223,LEFT_THUMB,0.028390631079673767,-0.20471817255020147,-0.0687657883390784
7381,7.433333333333334,223,RIGHT_THUMB,-0.002819851040840149,-0.08679047226905823,-0.137673175893724
7382,7.433333333333334,223,LEFT_HIP,0.018374189734458923,-0.24869811534881597,0.0355948942014947
7383,7.433333333333334,223,RIGHT_HIP,-0.041073039174079895,-0.23604065179824835,0.0385466401930897
7384,7.433333333333334,223,LEFT_KNEE,0.04239581525325775,-0.28370499610900884,-0.0755642494186759
7385,7.433333333333334,223,RIGHT_KNEE,-0.05961544811725622,-0.3042832016944886,-0.0863772844895721
7386,7.433333333333334,223,LEFT_ANKLE,0.006883308291435242,-0.4564116001129151,0.0529493270441889
7387,7.433333333333334,223,RIGHT_ANKLE,-0.05952365696430212,-0.4893540740013123,0.029403337277472
7388,7.433333333333334,223,LEFT_HEEL,0.0006317943334579468,-0.47515577077865606,0.064392109401524
7389,7.433333333333334,223,RIGHT_HEEL,-0.05747704207897192,-0.5092006921768188,0.0409161397255956
7390,7.433333333333334,223,LEFT_FOOT_INDEX,0.0036220401525497437,-0.5360872745513916,0.026037748903036097
7391,7.433333333333334,223,RIGHT_FOOT_INDEX,-0.07244415581226349,-0.5705885887145996,-0.009745194576680702
7392,7.466666666666667,224,NOSE,-0.000589028000831604,0.0785540640354157,-0.114065463654697
7393,7.466666666666667,224,LEFT_EYE_INNER,0.008164986968040466,0.09980793297290808,-0.1044372571632266
7394,7.466666666666667,224,LEFT_EYE,0.012476369738578796,0.0990511029958725,-0.1044429047033191
7395,7.466666666666667,224,LEFT_EYE_OUTER,0.016317471861839294,0.09845003485679626,-0.1044855965301395
7396,7.466666666666667,224,RIGHT_EYE_INNER,-0.006909266114234924,0.10220788419246679,-0.1046673757955432
7397,7.466666666666667,224,RIGHT_EYE,-0.011453762650489807,0.1034690886735917,-0.1046434445306659
7398,7.466666666666667,224,RIGHT_EYE_OUTER,-0.015600040555000305,0.10416869819164279,-0.1047077579423785
7399,7.466666666666667,224,LEFT_EAR,0.023990795016288757,0.09297949075698858,-0.0304315118119121
7400,7.466666666666667,224,RIGHT_EAR,-0.01892395317554474,0.09915032982826238,-0.0343738598749042
7401,7.466666666666667,224,MOUTH_LEFT,0.008949920535087585,0.055510461330413874,-0.085878293029964
7402,7.466666666666667,224,MOUTH_RIGHT,-0.009008064866065979,0.06032133102416998,-0.08685792516916989
7403,7.466666666666667,224,LEFT_SHOULDER,0.05059133470058441,-0.009550362825393621,0.006567145697772503
7404,7.466666666666667,224,RIGHT_SHOULDER,-0.05059133470058447,0.009550362825393677,-0.006567145697772496
7405,7.466666666666667,224,LEFT_ELBOW,0.06885717809200287,-0.14673221111297602,0.006505801342427703
7406,7.466666666666667,224,RIGHT_ELBOW,-0.09173013269901276,-0.11169561743736262,-0.05201117228716609
7407,7.466666666666667,224,LEFT_WRIST,0.04295991361141205,-0.21315014362335205,-0.0618450744077563
7408,7.466666666666667,224,RIGHT_WRIST,-0.023240193724632263,-0.0969095230102539,-0.1290878159925342
7409,7.466666666666667,224,LEFT_PINKY,0.03474442660808563,-0.236566424369812,-0.08003925066441299
7410,7.466666666666667,224,RIGHT_PINKY,-0.00425894558429718,-0.11067363619804382,-0.1465355856344104
7411,7.466666666666667,224,LEFT_INDEX,0.028663083910942078,-0.21261066198349,-0.0797585053369403
7412,7.466666666666667,224,RIGHT_INDEX,0.0009619444608688354,-0.09448549151420593,-0.1329379631206393
7413,7.466666666666667,224,LEFT_THUMB,0.029099151492118835,-0.20397931337356567,-0.06072324793785809
7414,7.466666666666667,224,RIGHT_THUMB,-0.002805545926094055,-0.08979696035385132,-0.1223286343738437
7415,7.466666666666667,224,LEFT_HIP,0.018464431166648865,-0.24871236085891724,0.035091658704914104
7416,7.466666666666667,224,RIGHT_HIP,-0.04017077386379242,-0.23803198337554932,0.038803363800980005
7417,7.466666666666667,224,LEFT_KNEE,0.04167012870311737,-0.318581759929657,-0.0539832068607211
7418,7.466666666666667,224,RIGHT_KNEE,-0.05455322563648224,-0.36017608642578125,-0.06568370293825869
7419,7.466666666666667,224,LEFT_ANKLE,0.009464606642723083,-0.4849410057067871,0.055130823515355504
7420,7.466666666666667,224,RIGHT_ANKLE,-0.056382194161415156,-0.5303807854652405,0.0784551026299595
7421,7.466666666666667,224,LEFT_HEEL,0.002877935767173767,-0.49440115690231323,0.0651084585115312
7422,7.466666666666667,224,RIGHT_HEEL,-0.05320565402507782,-0.5510586500167847,0.0884259017184376
7423,7.466666666666667,224,LEFT_FOOT_INDEX,0.006729111075401306,-0.5617792010307311,0.032158969901502105
7424,7.466666666666667,224,RIGHT_FOOT_INDEX,-0.06989099085330963,-0.6078394055366515,0.0327281039208174
7425,7.5,225,NOSE,-0.0007611364126205444,0.07888470590114594,-0.10645140521228308
7426,7.5,225,LEFT_EYE_INNER,0.008018270134925842,0.10025364160537723,-0.09888569824397558
7427,7.5,225,LEFT_EYE,0.01235838234424591,0.09945032000541693,-0.0989076625555754
7428,7.5,225,LEFT_EYE_OUTER,0.016211405396461487,0.09878562390804291,-0.09896188788115978
7429,7.5,225,RIGHT_EYE_INNER,-0.007052704691886902,0.10274137556552893,-0.0991322826594114
7430,7.5,225,RIGHT_EYE,-0.011598333716392517,0.10400247573852542,-0.09911083988845348
7431,7.5,225,RIGHT_EYE_OUTER,-0.01572839915752411,0.10469640791416174,-0.09917992167174819
7432,7.5,225,LEFT_EAR,0.023875251412391663,0.09341891109943395,-0.0306480210274458
7433,7.5,225,RIGHT_EAR,-0.019028469920158442,0.09976485371589663,-0.03452816419303419
7434,7.5,225,MOUTH_LEFT,0.008745327591896057,0.05573911964893341,-0.08041915856301779
7435,7.5,225,MOUTH_RIGHT,-0.009171172976493835,0.06050999462604523,-0.08142260275781149
7436,7.5,225,LEFT_SHOULDER,0.050744011998176575,-0.00893343985080719,0.006301036104559902
7437,7.5,225,RIGHT_SHOULDER,-0.05074401199817663,0.008933439850807245,-0.006301036104559898
7438,7.5,225,LEFT_ELBOW,0.0687294751405716,-0.14642442762851715,0.018618550151586505
7439,7.5,225,RIGHT_ELBOW,-0.08998034894466406,-0.11283545196056366,-0.0377295594662428
7440,7.5,225,LEFT_WRIST,0.042866483330726624,-0.21289916336536407,-0.0458523835986853
7441,7.5,225,RIGHT_WRIST,-0.022438332438468933,-0.10394836962223047,-0.10379768721759319
7442,7.5,225,LEFT_PINKY,0.034705713391304016,-0.23586507141590118,-0.06438361667096609
7443,7.5,225,RIGHT_PINKY,-0.004079267382621765,-0.11618812382221216,-0.11984388343989849
7444,7.5,225,LEFT_INDEX,0.029178455471992493,-0.21198870241641998,-0.0679149981588125
7445,7.5,225,RIGHT_INDEX,0.0009001046419143677,-0.09807108342647547,-0.1071998309344053
7446,7.5,225,LEFT_THUMB,0.029693379998207092,-0.2030819207429886,-0.046456603333354
7447,7.5,225,RIGHT_THUMB,-0.002911016345024109,-0.09338165819644928,-0.09712810628116128
7448,7.5,225,LEFT_HIP,0.018725112080574036,-0.2494349628686905,0.0351362489163876
7449,7.5,225,RIGHT_HIP,-0.03845377266407013,-0.24159575998783112,0.038448494626209105
7450,7.5,225,LEFT_KNEE,0.035907164216041565,-0.3494122177362442,0.010299054905772202
7451,7.5,225,RIGHT_KNEE,-0.04225124418735504,-0.399113729596138,0.030899641104042502
7452,7.5,225,LEFT_ANKLE,0.011486366391181946,-0.5155676156282425,0.1011587474495172
7453,7.5,225,RIGHT_ANKLE,-0.05322881042957306,-0.5544300824403762,0.1027139145880937
7454,7.5,225,LEFT_HEEL,0.003461495041847229,-0.5222431570291519,0.10777688957750789
7455,7.5,225,RIGHT_HEEL,-0.05157719552516943,-0.5812809020280838,0.10529554076492781
7456,7.5,225,LEFT_FOOT_INDEX,0.00804091989994049,-0.5936648398637772,0.0681202467530965
7457,7.5,225,RIGHT_FOOT_INDEX,-0.06709389388561254,-0.6342734843492508,0.0395772994961589
7458,7.533333333333333,226,NOSE,-0.0012598037719726562,0.07925821840763092,-0.10512053966522218
7459,7.533333333333333,226,LEFT_EYE_INNER,0.007656276226043701,0.10073995590209961,-0.0983486026525497
7460,7.533333333333333,226,LEFT_EYE,0.012118339538574219,0.09989374876022342,-0.09837575256824489
7461,7.533333333333333,226,LEFT_EYE_OUTER,0.01601165533065796,0.09916560351848602,-0.0984364748001098
7462,7.533333333333333,226,RIGHT_EYE_INNER,-0.007497549057006836,0.10329955816268924,-0.09814372658729549
7463,7.533333333333333,226,RIGHT_EYE,-0.012048125267028809,0.10454617440700531,-0.0981125980615616
7464,7.533333333333333,226,RIGHT_EYE_OUTER,-0.016027987003326416,0.10522487759590152,-0.09818023443222039
7465,7.533333333333333,226,LEFT_EAR,0.02370351552963257,0.09387342631816864,-0.03312426805496209
7466,7.533333333333333,226,RIGHT_EAR,-0.019194960594177246,0.10040043294429782,-0.0339128896594047
7467,7.533333333333333,226,MOUTH_LEFT,0.008235692977905273,0.05606378614902502,-0.07977217435836789
7468,7.533333333333333,226,MOUTH_RIGHT,-0.009716272354125977,0.06067879498004913,-0.0801414549350738
7469,7.533333333333333,226,LEFT_SHOULDER,0.05092442035675049,-0.008568540215492193,0.006553314626216902
7470,7.533333333333333,226,RIGHT_SHOULDER,-0.05092442035675049,0.008568540215492249,-0.006553314626216895
7471,7.533333333333333,226,LEFT_ELBOW,0.06855469942092896,-0.14583711326122278,0.022520150989294104
7472,7.533333333333333,226,RIGHT_ELBOW,-0.08828833699226385,-0.11575905978679657,-0.040129542350769
7473,7.533333333333333,226,LEFT_WRIST,0.04270058870315552,-0.21255390346050262,-0.0398464500904083
7474,7.533333333333333,226,RIGHT_WRIST,-0.021035969257354792,-0.10997827351093287,-0.11181384325027459
7475,7.533333333333333,226,LEFT_PINKY,0.03468334674835205,-0.23544566333293915,-0.0600316822528839
7476,7.533333333333333,226,RIGHT_PINKY,-0.0035567879676818848,-0.12071333825588226,-0.1298601776361465
7477,7.533333333333333,226,LEFT_INDEX,0.029395103454589844,-0.211634561419487,-0.0652739554643631
7478,7.533333333333333,226,RIGHT_INDEX,0.0008311271667480469,-0.10197298228740687,-0.1171247214078903
7479,7.533333333333333,226,LEFT_THUMB,0.029762566089630127,-0.20273374021053314,-0.041177324950694996
7480,7.533333333333333,226,RIGHT_THUMB,-0.0030211210250854492,-0.0975872129201889,-0.1056177467107773
7481,7.533333333333333,226,LEFT_HIP,0.019098639488220215,-0.25019775331020355,0.038210669754334944
7482,7.533333333333333,226,RIGHT_HIP,-0.03725907206535345,-0.24411378800868988,0.03827481412008636
7483,7.533333333333333,226,LEFT_KNEE,0.03303265571594238,-0.375553235411644,0.024284286424517704
7484,7.533333333333333,226,RIGHT_KNEE,-0.041738092899322565,-0.4125068038702011,0.0475964238867163
7485,7.533333333333333,226,LEFT_ANKLE,0.025910139083862305,-0.5387021750211716,0.1143243387341499
7486,7.533333333333333,226,RIGHT_ANKLE,-0.053221046924591064,-0.5668319910764693,0.12565208226442331
7487,7.533333333333333,226,LEFT_HEEL,0.01641368865966797,-0.5454557985067368,0.12058400362730021
7488,7.533333333333333,226,RIGHT_HEEL,-0.05203539133071905,-0.5785885304212569,0.13069716840982432
7489,7.533333333333333,226,LEFT_FOOT_INDEX,0.015475928783416748,-0.6199750155210495,0.0724726617336273
7490,7.533333333333333,226,RIGHT_FOOT_INDEX,-0.06814831495285034,-0.6454123705625533,0.056356374174356405
7491,7.566666666666666,227,NOSE,-0.0023141205310821533,0.07999692857265478,-0.1066540367901325
7492,7.566666666666666,227,LEFT_EYE_INNER,0.006752878427505493,0.10173538327217108,-0.0997747369110584
7493,7.566666666666666,227,LEFT_EYE,0.011496633291244507,0.10095314681529999,-0.099808219820261
7494,7.566666666666666,227,LEFT_EYE_OUTER,0.015482038259506226,0.10020117461681369,-0.0998730696737766
7495,7.566666666666666,227,RIGHT_EYE_INNER,-0.008392125368118286,0.10408231616020208,-0.098693061619997
7496,7.566666666666666,227,RIGHT_EYE,-0.012900322675704956,0.10521313548088079,-0.098661694675684
7497,7.566666666666666,227,RIGHT_EYE_OUTER,-0.016558676958084106,0.1058322042226792,-0.0987319834530353
7498,7.566666666666666,227,LEFT_EAR,0.023363560438156128,0.09491823613643646,-0.0349912829697132
7499,7.566666666666666,227,RIGHT_EAR,-0.01944461464881897,0.10097935795784,-0.0325877927243709
7500,7.566666666666666,227,MOUTH_LEFT,0.007453471422195435,0.0566259771585465,-0.081297691911459
7501,7.566666666666666,227,MOUTH_RIGHT,-0.010602027177810669,0.061101034283638,-0.0803233571350574
7502,7.566666666666666,227,LEFT_SHOULDER,0.05115458369255066,-0.008152469992637634,0.006369289010763203
7503,7.566666666666666,227,RIGHT_SHOULDER,-0.05115458369255066,0.00815246999263769,-0.006369289010763196
7504,7.566666666666666,227,LEFT_ELBOW,0.06831523776054382,-0.1454110592603683,0.021859757602214803
7505,7.566666666666666,227,RIGHT_ELBOW,-0.08657422661781317,-0.11972765624523163,-0.03856341168284419
7506,7.566666666666666,227,LEFT_WRIST,0.04242703318595886,-0.21213863790035248,-0.0459739305078983
7507,7.566666666666666,227,RIGHT_WRIST,-0.018838852643966675,-0.111944630742073,-0.1154842562973499
7508,7.566666666666666,227,LEFT_PINKY,0.03453138470649719,-0.23491327464580536,-0.06789484992623329
7509,7.566666666666666,227,RIGHT_PINKY,-0.0021591484546661377,-0.1210927814245224,-0.1305892057716846
7510,7.566666666666666,227,LEFT_INDEX,0.029565662145614624,-0.21095888316631317,-0.0728084482252598
7511,7.566666666666666,227,RIGHT_INDEX,0.0016378462314605713,-0.10221724212169642,-0.1194038.133333333333333,244,LEFT_HIP,0.550622820854187,0.6098862290382385,0.002257382730022073
8.133333333333333,244,RIGHT_HIP,0.49310511350631714,0.6107997298240662,-0.0021427178289741278
8.133333333333333,244,LEFT_KNEE,0.5656816959381104,0.7947752475738525,0.02403341606259346
8.133333333333333,244,RIGHT_KNEE,0.48071742057800293,0.7893502116203308,0.04215602949261665
8.133333333333333,244,LEFT_ANKLE,0.5706783533096313,0.9157090187072754,0.17151299118995667
8.133333333333333,244,RIGHT_ANKLE,0.47056350111961365,0.9052597880363464,0.17573042213916779
8.133333333333333,244,LEFT_HEEL,0.5600877404212952,0.9232221841812134,0.18222051858901978
8.133333333333333,244,RIGHT_HEEL,0.4722207486629486,0.9149499535560608,0.18836529552936554
8.133333333333333,244,LEFT_FOOT_INDEX,0.5703614950180054,1.0083222389221191,0.1271127313375473
8.133333333333333,244,RIGHT_FOOT_INDEX,0.4597334861755371,0.977019190788269,0.12436076253652573
8.166666666666666,245,NOSE,0.5186325907707214,0.25729432702064514,-0.1972326934337616
8.166666666666666,245,LEFT_EYE_INNER,0.5279306173324585,0.23425693809986115,-0.18751782178878784
8.166666666666666,245,LEFT_EYE,0.5322563052177429,0.23455138504505157,-0.18755167722702026
8.166666666666666,245,LEFT_EYE_OUTER,0.5366509556770325,0.23528775572776794,-0.18758483231067657
8.166666666666666,245,RIGHT_EYE_INNER,0.5139586329460144,0.23368598520755768,-0.18532241880893707
8.166666666666666,245,RIGHT_EYE,0.5098760724067688,0.23286649584770203,-0.185324028134346
8.166666666666666,245,RIGHT_EYE_OUTER,0.5061410665512085,0.2323409765958786,-0.18533433973789215
8.166666666666666,245,LEFT_EAR,0.546049952507019,0.24502146244049072,-0.10684721171855927
8.166666666666666,245,RIGHT_EAR,0.5026161074638367,0.2392813116312027,-0.10115408897399902
8.166666666666666,245,MOUTH_LEFT,0.5274176001548767,0.27812302112579346,-0.16638319194316864
8.166666666666666,245,MOUTH_RIGHT,0.5105610489845276,0.27753889560699463,-0.1639164686203003
8.166666666666666,245,LEFT_SHOULDER,0.5786580443382263,0.3511808216571808,-0.06822585314512253
8.166666666666666,245,RIGHT_SHOULDER,0.4702841639518738,0.3431539833545685,-0.06353291869163513
8.166666666666666,245,LEFT_ELBOW,0.6105189323425293,0.4728391766548157,-0.054988496005535126
8.166666666666666,245,RIGHT_ELBOW,0.4393325448036194,0.4598124921321869,-0.08922196924686432
8.166666666666666,245,LEFT_WRIST,0.5840062499046326,0.5458630919456482,-0.15431009232997894
8.166666666666666,245,RIGHT_WRIST,0.43627357482910156,0.5382068753242493,-0.24383874237537384
8.166666666666666,245,LEFT_PINKY,0.58431077003479,0.576604962348938,-0.1897704303264618
8.166666666666666,245,RIGHT_PINKY,0.42968931794166565,0.5646576881408691,-0.280561625957489
8.166666666666666,245,LEFT_INDEX,0.5745264291763306,0.5607415437698364,-0.20524272322654724
8.166666666666666,245,RIGHT_INDEX,0.438556969165802,0.5554022192955017,-0.29918405413627625
8.166666666666666,245,LEFT_THUMB,0.5717592239379883,0.5476233959197998,-0.16142553091049194
8.166666666666666,245,RIGHT_THUMB,0.4441581666469574,0.5443516373634338,-0.25516876578330994
8.166666666666666,245,LEFT_HIP,0.5511800646781921,0.6097888946533203,0.006438679993152618
8.166666666666666,245,RIGHT_HIP,0.49296292662620544,0.6106885075569153,-0.006303880363702774
8.166666666666666,245,LEFT_KNEE,0.5666524767875671,0.794905424118042,0.02366212010383606
8.166666666666666,245,RIGHT_KNEE,0.48304086923599243,0.79103684425354,0.03693123534321785
8.166666666666666,245,LEFT_ANKLE,0.5713594555854797,0.9153330326080322,0.19308452308177948
8.166666666666666,245,RIGHT_ANKLE,0.47151970863342285,0.9058592319488525,0.19573210179805756
8.166666666666666,245,LEFT_HEEL,0.5633269548416138,0.9232067465782166,0.20729541778564453
8.166666666666666,245,RIGHT_HEEL,0.47309279441833496,0.9155447483062744,0.21053461730480194
8.166666666666666,245,LEFT_FOOT_INDEX,0.5721886157989502,1.0090136528015137,0.14350661635398865
8.166666666666666,245,RIGHT_FOOT_INDEX,0.46076661348342896,0.9818553328514099,0.13225190341472626
8.2,246,NOSE,0.5188066959381104,0.2544764280319214,-0.2519938349723816
8.2,246,LEFT_EYE_INNER,0.5281338691711426,0.2317042052745819,-0.24046620726585388
8.2,246,LEFT_EYE,0.5324618220329285,0.2320587933063507,-0.24050107598304749
8.2,246,LEFT_EYE_OUTER,0.5367902517318726,0.23285020887851715,-0.24052760004997253
8.2,246,RIGHT_EYE_INNER,0.514041006565094,0.23106369376182556,-0.23899361491203308
8.2,246,RIGHT_EYE,0.5099673271179199,0.230444997549057,-0.23900067806243896
8.2,246,RIGHT_EYE_OUTER,0.5062309503555298,0.23001210391521454,-0.23900353908538818
8.2,246,LEFT_EAR,0.5464267730712891,0.24334074556827545,-0.1459028124809265
8.2,246,RIGHT_EAR,0.502888560295105,0.23753537237644196,-0.1422964185476303
8.2,246,MOUTH_LEFT,0.5276538133621216,0.2755720913410187,-0.21555566787719727
8.2,246,MOUTH_RIGHT,0.510636031627655,0.2754267454147339,-0.21403393149375916
8.2,246,LEFT_SHOULDER,0.5797809362411499,0.35101521015167236,-0.08860622346401215
8.2,246,RIGHT_SHOULDER,0.470513254404068,0.3427458703517914,-0.08326620608568192
8.2,246,LEFT_ELBOW,0.612662672996521,0.4729430377483368,-0.0836014375090599
8.2,246,RIGHT_ELBOW,0.4401489794254303,0.4586831331253052,-0.11810193955898285
8.2,246,LEFT_WRIST,0.5855770111083984,0.5440031290054321,-0.21165522933006287
8.2,246,RIGHT_WRIST,0.43078312277793884,0.536048412322998,-0.30411645770072937
8.2,246,LEFT_PINKY,0.5847145318984985,0.5737673044204712,-0.2517438530921936
8.2,246,RIGHT_PINKY,0.4231734871864319,0.5617970824241638,-0.3467710614204407
8.2,246,LEFT_INDEX,0.5757958292961121,0.5547640323638916,-0.26948097348213196
8.2,246,RIGHT_INDEX,0.43293699622154236,0.5520321726799011,-0.3682393431663513
8.2,246,LEFT_THUMB,0.5734435319900513,0.5420074462890625,-0.22023501992225647
8.2,246,RIGHT_THUMB,0.4392528533935547,0.5424650311470032,-0.31732726097106934
8.2,246,LEFT_HIP,0.5517788529396057,0.6097165942192078,0.007878552190959454
8.2,246,RIGHT_HIP,0.49272435903549194,0.6106217503547668,-0.007730389479547739
8.2,246,LEFT_KNEE,0.5678366422653198,0.7943330407142639,0.02325446717441082
8.2,246,RIGHT_KNEE,0.4832846522331238,0.7915917038917542,0.040568701922893524
8.2,246,LEFT_ANKLE,0.572614312171936,0.914980411529541,0.2287704199552536
8.2,246,RIGHT_ANKLE,0.4723661541938782,0.9064775109291077,0.24692866206169128
8.2,246,LEFT_HEEL,0.5651732087135315,0.9226313233375549,0.2464788258075714
8.2,246,RIGHT_HEEL,0.47447139024734497,0.9158357381820679,0.26514291763305664
8.2,246,LEFT_FOOT_INDEX,0.5743039846420288,1.0087977647781372,0.17296859622001648
8.2,246,RIGHT_FOOT_INDEX,0.46143093705177307,0.9838005304336548,0.17514091730117798
8.233333333333333,247,NOSE,0.5190330743789673,0.25356608629226685,-0.2695765495300293
8.233333333333333,247,LEFT_EYE_INNER,0.5283697843551636,0.23093263804912567,-0.2577506899833679
8.233333333333333,247,LEFT_EYE,0.532748818397522,0.23127470910549164,-0.2577900290489197
8.233333333333333,247,LEFT_EYE_OUTER,0.5370853543281555,0.232046440243721,-0.25782692432403564
8.233333333333333,247,RIGHT_EYE_INNER,0.5141298174858093,0.23028630018234253,-0.2565574645996094
8.233333333333333,247,RIGHT_EYE,0.5100467801094055,0.22969305515289307,-0.25656574964523315
8.233333333333333,247,RIGHT_EYE_OUTER,0.5062928199768066,0.22928984463214874,-0.25656890869140625
8.233333333333333,247,LEFT_EAR,0.5467453002929688,0.24256210029125214,-0.15961754322052002
8.233333333333333,247,RIGHT_EAR,0.5030351877212524,0.23698295652866364,-0.1572219431400299
8.233333333333333,247,MOUTH_LEFT,0.5279935598373413,0.27478930354118347,-0.23152153193950653
8.233333333333333,247,MOUTH_RIGHT,0.5107599496841431,0.27450141310691833,-0.23040874302387238
8.233333333333333,247,LEFT_SHOULDER,0.580432653427124,0.35004350543022156,-0.09778274595737457
8.233333333333333,247,RIGHT_SHOULDER,0.4709332585334778,0.34251344203948975,-0.09280718863010406
8.233333333333333,247,LEFT_ELBOW,0.6137375831604004,0.4727880358695984,-0.09165040403604507
8.233333333333333,247,RIGHT_ELBOW,0.4408729672431946,0.45875558257102966,-0.12343273311853409
8.233333333333333,247,LEFT_WRIST,0.5859389901161194,0.541607677936554,-0.22008255124092102
8.233333333333333,247,RIGHT_WRIST,0.42825427651405334,0.5366928577423096,-0.30573752522468567
8.233333333333333,247,LEFT_PINKY,0.5846990346908569,0.5711673498153687,-0.26065781712532043
8.233333333333333,247,RIGHT_PINKY,0.42057839035987854,0.5643358826637268,-0.34855830669403076
8.233333333333333,247,LEFT_INDEX,0.5759032964706421,0.5512425899505615,-0.27866247296333313
8.233333333333333,247,RIGHT_INDEX,0.4298415184020996,0.5548606514930725,-0.37166935205459595
8.233333333333333,247,LEFT_THUMB,0.5736715197563171,0.5383780598640442,-0.22868721187114716
8.233333333333333,247,RIGHT_THUMB,0.4358232915401459,0.5439497232437134,-0.3195144534111023
8.233333333333333,247,LEFT_HIP,0.5522966980934143,0.6096709966659546,0.0085334787145257
8.233333333333333,247,RIGHT_HIP,0.49259012937545776,0.6103472113609314,-0.008380070328712463
8.233333333333333,247,LEFT_KNEE,0.5689777135848999,0.7938165664672852,0.02241022326052189
8.233333333333333,247,RIGHT_KNEE,0.4838748574256897,0.7918208837509155,0.04098379239439964
8.233333333333333,247,LEFT_ANKLE,0.5732563734054565,0.9147284626960754,0.23380187153816223
8.233333333333333,247,RIGHT_ANKLE,0.4732409119606018,0.9067400693893433,0.2513795793056488
8.233333333333333,247,LEFT_HEEL,0.5660116672515869,0.9225740432739258,0.2521122992038727
8.233333333333333,247,RIGHT_HEEL,0.47536641359329224,0.9159517884254456,0.2697686553001404
8.233333333333333,247,LEFT_FOOT_INDEX,0.5752303600311279,1.008509874343872,0.176456481218338
8.233333333333333,247,RIGHT_FOOT_INDEX,0.46234026551246643,0.984714925289154,0.1775915026664734
8.266666666666667,248,NOSE,0.5193988680839539,0.2531069815158844,-0.2664405107498169
8.266666666666667,248,LEFT_EYE_INNER,0.5287107229232788,0.23076088726520538,-0.2546650469303131
8.266666666666667,248,LEFT_EYE,0.5331009030342102,0.23113366961479187,-0.2547032833099365
8.266666666666667,248,LEFT_EYE_OUTER,0.5374497175216675,0.2319059818983078,-0.2547382712364197
8.266666666666667,248,RIGHT_EYE_INNER,0.5144892334938049,0.23004908859729767,-0.2534710764884949
8.266666666666667,248,RIGHT_EYE,0.5104026198387146,0.22943605482578278,-0.2534814476966858
8.266666666666667,248,RIGHT_EYE_OUTER,0.50666743516922,0.22903847694396973,-0.25348329544067383
8.266666666666667,248,LEFT_EAR,0.5471307635307312,0.24244821071624756,-0.15776284039020538
8.266666666666667,248,RIGHT_EAR,0.5035467743873596,0.23693063855171204,-0.15539416670799255
8.266666666666667,248,MOUTH_LEFT,0.5285177230834961,0.2744109630584717,-0.22876954078674316
8.266666666666667,248,MOUTH_RIGHT,0.5111674070358276,0.27386218309402466,-0.22766606509685516
8.266666666666667,248,LEFT_SHOULDER,0.5812005400657654,0.34965747594833374,-0.09864500910043716
8.266666666666667,248,RIGHT_SHOULDER,0.4717378616333008,0.3424791991710663,-0.09124822169542313
8.266666666666667,248,LEFT_ELBOW,0.6142452955245972,0.4721302092075348,-0.09048368781805038
8.266666666666667,248,RIGHT_ELBOW,0.44178563356399536,0.4592885375022888,-0.11595273017883301
8.266666666666667,248,LEFT_WRIST,0.5866823196411133,0.5404019951820374,-0.21437156200408936
8.266666666666667,248,RIGHT_WRIST,0.42667633295059204,0.5415807366371155,-0.2919253706932068
8.266666666666667,248,LEFT_PINKY,0.5848650336265564,0.5689913034439087,-0.25450390577316284
8.266666666666667,248,RIGHT_PINKY,0.42019185423851013,0.5699543356895447,-0.3340580463409424
8.266666666666667,248,LEFT_INDEX,0.575931191444397,0.5498900413513184,-0.2723004221916199
8.266666666666667,248,RIGHT_INDEX,0.42777886986732483,0.5580164790153503,-0.357918918132782
8.266666666666667,248,LEFT_THUMB,0.5739473700523376,0.5376346111297607,-0.22273817658424377
8.266666666666667,248,RIGHT_THUMB,0.43273234367370605,0.5491470098495483,-0.30587929487228394
8.266666666666667,248,LEFT_HIP,0.5529781579971313,0.6112624406814575,0.008008932694792747
8.266666666666667,248,RIGHT_HIP,0.49317893385887146,0.6116788983345032,-0.00785695482045412
8.266666666666667,248,LEFT_KNEE,0.5682559609413147,0.7963557839393616,0.02865011990070343
8.266666666666667,248,RIGHT_KNEE,0.48600783944129944,0.7938675880432129,0.04868214949965477
8.266666666666667,248,LEFT_ANKLE,0.5741345882415771,0.920681357383728,0.24070978164672852
8.266666666666667,248,RIGHT_ANKLE,0.47377005219459534,0.906828761100769,0.25707918405532837
8.266666666666667,248,LEFT_HEEL,0.5644360780715942,0.925811231136322,0.2585870921611786
8.266666666666667,248,RIGHT_HEEL,0.47583645582199097,0.9167457818984985,0.2753685414791107
8.266666666666667,248,LEFT_FOOT_INDEX,0.5737424492835999,1.010897159576416,0.1856808364391327
8.266666666666667,248,RIGHT_FOOT_INDEX,0.46375757455825806,0.9856111407279968,0.18766221404075623
844391822815,-0.24685454368591309,0.038260584929958
7648,7.7,231,LEFT_KNEE,0.03645472228527069,-0.40696364641189575,0.026946717873215703
7649,7.7,231,RIGHT_KNEE,-0.04277084767818451,-0.4295538663864136,0.0630358811467885
7650,7.7,231,LEFT_ANKLE,0.044043347239494324,-0.5636870861053468,0.11613634414970861
7651,7.7,231,RIGHT_ANKLE,-0.0542112141847611,-0.5752232670783995,0.15013139881193632
7652,7.7,231,LEFT_HEEL,0.03488187491893768,-0.5740377306938172,0.1218892727047204
7653,7.7,231,RIGHT_HEEL,-0.052063003182411194,-0.5819932222366332,0.15784485824406141
7654,7.7,231,LEFT_FOOT_INDEX,0.03513793647289276,-0.6557671427726746,0.0646121334284543
7655,7.7,231,RIGHT_FOOT_INDEX,-0.06819374859333038,-0.663580596446991,0.0881833713501691
7656,7.733333333333333,232,NOSE,-0.005438715219497681,0.08134943246841436,-0.11149533838033675
7657,7.733333333333333,232,LEFT_EYE_INNER,0.003770679235458374,0.10322168469429019,-0.10465586930513383
7658,7.733333333333333,232,LEFT_EYE,0.009049743413925171,0.10262733697891238,-0.10469412058591844
7659,7.733333333333333,232,LEFT_EYE_OUTER,0.013249784708023071,0.10185088217258459,-0.10476886481046675
7660,7.733333333333333,232,RIGHT_EYE_INNER,-0.010728031396865845,0.10548192262649539,-0.10205794125795366
7661,7.733333333333333,232,RIGHT_EYE,-0.01494547724723816,0.10651201009750369,-0.10202793031930925
7662,7.733333333333333,232,RIGHT_EYE_OUTER,-0.018022745847702026,0.10738161206245428,-0.10208787769079204
7663,7.733333333333333,232,LEFT_EAR,0.021723419427871704,0.09651544690132147,-0.04133819043636325
7664,7.733333333333333,232,RIGHT_EAR,-0.02019500732421875,0.10209663212299347,-0.031386494636535645
7665,7.733333333333333,232,MOUTH_LEFT,0.004974693059921265,0.0578840970993042,-0.08575407415628435
7666,7.733333333333333,232,MOUTH_RIGHT,-0.013035565614700317,0.06133612990379339,-0.08259307593107225
7667,7.733333333333333,232,LEFT_SHOULDER,0.05140659213066101,-0.007016658782958929,0.0036418363451957494
7668,7.733333333333333,232,RIGHT_SHOULDER,-0.051406592130661066,0.007016658782958984,-0.0036418363451957494
7669,7.733333333333333,232,LEFT_ELBOW,0.06814178824424744,-0.14125257730484003,0.035260820761322954
7670,7.733333333333333,232,RIGHT_ELBOW,-0.08175620436668396,-0.12879425287246704,-0.02903105318546295
7671,7.733333333333333,232,LEFT_WRIST,0.04365590214729309,-0.21133238077163696,-0.018399499356746646
7672,7.733333333333333,232,RIGHT_WRIST,-0.015550762414932251,-0.12363657355308533,-0.10148843377828594
7673,7.733333333333333,232,LEFT_PINKY,0.03657516837120056,-0.23571938276290894,-0.039776615798473344
7674,7.733333333333333,232,RIGHT_PINKY,0.0007629096508026123,-0.13046932220458984,-0.12276806682348256
7675,7.733333333333333,232,LEFT_INDEX,0.03244200348854065,-0.21146398782730103,-0.04917225986719134
7676,7.733333333333333,232,RIGHT_INDEX,0.003746598958969116,-0.11189079284667963,-0.11180492490530015
7677,7.733333333333333,232,LEFT_THUMB,0.0327586829662323,-0.20133739709854126,-0.020793922245502444
7678,7.733333333333333,232,RIGHT_THUMB,7.584691047668457e-05,-0.10776302218437195,-0.09617138653993605
7679,7.733333333333333,232,LEFT_HIP,0.022258490324020386,-0.25512582063674927,0.04545741877518585
7680,7.733333333333333,232,RIGHT_HIP,-0.0346473753452301,-0.24810796976089478,0.042535180808044956
7681,7.733333333333333,232,LEFT_KNEE,0.03620079159736633,-0.41708070039749146,0.037786069326102754
7682,7.733333333333333,232,RIGHT_KNEE,-0.042380899190902765,-0.4324687719345093,0.08260042592883104
7683,7.733333333333333,232,LEFT_ANKLE,0.044160157442092896,-0.5618797540664673,0.15523304045200337
7684,7.733333333333333,232,RIGHT_ANKLE,-0.053638756275177,-0.5719797015190123,0.20054464787244786
7685,7.733333333333333,232,LEFT_HEEL,0.035242050886154175,-0.5728154182434083,0.16435284912586207
7686,7.733333333333333,232,RIGHT_HEEL,-0.05111318826675415,-0.5805510878562927,0.21184568852186197
7687,7.733333333333333,232,LEFT_FOOT_INDEX,0.0348486602306366,-0.6558793783187866,0.11052966117858876
7688,7.733333333333333,232,RIGHT_FOOT_INDEX,-0.06532129645347595,-0.6612263917922974,0.14686458557844156
7689,7.766666666666667,233,NOSE,-0.005863875150680542,0.08178958296775818,-0.11172729916870595
7690,7.766666666666667,233,LEFT_EYE_INNER,0.0034267008304595947,0.10372063517570496,-0.10436672158539297
7691,7.766666666666667,233,LEFT_EYE,0.008708864450454712,0.10318323969841006,-0.10440974123775966
7692,7.766666666666667,233,LEFT_EYE_OUTER,0.012928992509841919,0.10245332121849066,-0.10448657162487505
7693,7.766666666666667,233,RIGHT_EYE_INNER,-0.011016994714736938,0.10587732493877416,-0.10197256691753866
7694,7.766666666666667,233,RIGHT_EYE,-0.015216678380966187,0.10688848793506625,-0.10193747468292715
7695,7.766666666666667,233,RIGHT_EYE_OUTER,-0.01829490065574646,0.10780599713325506,-0.10199807770550255
7696,7.766666666666667,233,LEFT_EAR,0.021450847387313843,0.09684357047080994,-0.040754484012722955
7697,7.766666666666667,233,RIGHT_EAR,-0.02025133371353155,0.10245841741561895,-0.03173377551138405
7698,7.766666666666667,233,MOUTH_LEFT,0.004493504762649536,0.05828577280044556,-0.08588411100208766
7699,7.766666666666667,233,MOUTH_RIGHT,-0.013372987508773804,0.06160825490951538,-0.08298278041183955
7700,7.766666666666667,233,LEFT_SHOULDER,0.05149760842323303,-0.0067924559116363525,0.001288754865527146
7701,7.766666666666667,233,RIGHT_SHOULDER,-0.05149760842323303,0.0067924559116363525,-0.001288754865527153
7702,7.766666666666667,233,LEFT_ELBOW,0.06902840733528137,-0.13819953799247742,0.030423069372773146
7703,7.766666666666667,233,RIGHT_ELBOW,-0.08100640773773193,-0.13047045469284052,-0.016885714605450658
7704,7.766666666666667,233,LEFT_WRIST,0.04575428366661072,-0.20860034227371216,-0.028790684416890158
7705,7.766666666666667,233,RIGHT_WRIST,-0.015798896551132202,-0.13424804806709284,-0.08119261451065544
7706,7.766666666666667,233,LEFT_PINKY,0.036943286657333374,-0.23541641235351562,-0.05338824726641185
7707,7.766666666666667,233,RIGHT_PINKY,0.0005330145359039307,-0.14020189642906183,-0.10285741277039055
7708,7.766666666666667,233,LEFT_INDEX,0.03297916054725647,-0.21140259504318237,-0.06039803661406046
7709,7.766666666666667,233,RIGHT_INDEX,0.0033653080463409424,-0.12120962142944336,-0.09549239464104174
7710,7.766666666666667,233,LEFT_THUMB,0.03396287560462952,-0.2010238766670227,-0.03140999563038356
7711,7.766666666666667,233,RIGHT_THUMB,-0.00022241473197937012,-0.11788401007652283,-0.07714560814201836
7712,7.766666666666667,233,LEFT_HIP,0.0220278799533844,-0.25668150186538696,0.045670635066926445
7713,7.766666666666667,233,RIGHT_HIP,-0.03408351540565496,-0.24939638376235962,0.05104881431907404
7714,7.766666666666667,233,LEFT_KNEE,0.03230014443397522,-0.417927086353302,0.06029338389635074
7715,7.766666666666667,233,RIGHT_KNEE,-0.04124966263771063,-0.43257254362106323,0.10199605487287035
7716,7.766666666666667,233,LEFT_ANKLE,0.04181221127510071,-0.5592031478881837,0.17404369823634613
7717,7.766666666666667,233,RIGHT_ANKLE,-0.05329468846321106,-0.5702619552612306,0.21267974190413946
7718,7.766666666666667,233,LEFT_HEEL,0.03383532166481018,-0.5713754892349243,0.18278825096786017
7719,7.766666666666667,233,RIGHT_HEEL,-0.050831764936447144,-0.5801737904548645,0.22327452711760987
7720,7.766666666666667,233,LEFT_FOOT_INDEX,0.03299859166145325,-0.6530958414077759,0.13395909033715714
7721,7.766666666666667,233,RIGHT_FOOT_INDEX,-0.06579244136810303,-0.6592733860015869,0.16303061507642252
7722,7.8,234,NOSE,-0.00632709264755249,0.08405634760856628,-0.1265055239200592
7723,7.8,234,LEFT_EYE_INNER,0.003071606159210205,0.10650931298732758,-0.1173020154237747
7724,7.8,234,LEFT_EYE,0.008357405662536621,0.10609352588653567,-0.1173335164785385
7725,7.8,234,LEFT_EYE_OUTER,0.012584984302520752,0.10539266467094427,-0.1173950284719467
7726,7.8,234,RIGHT_EYE_INNER,-0.011344373226165771,0.10800115764141088,-0.1143762916326523
7727,7.8,234,RIGHT_EYE,-0.015544414520263672,0.10888196527957916,-0.11433564126491551
7728,7.8,234,RIGHT_EYE_OUTER,-0.018603384494781494,0.10970331728458407,-0.11438788473606111
7729,7.8,234,LEFT_EAR,0.021163463592529297,0.09833535552024847,-0.04487475752830511
7730,7.8,234,RIGHT_EAR,-0.020342081785202082,0.10367861390113836,-0.03387039899826051
7731,7.8,234,MOUTH_LEFT,0.004034638404846191,0.061361789703369196,-0.0975960344076157
7732,7.8,234,MOUTH_RIGHT,-0.01375436782836914,0.06418323516845709,-0.09406518936157231
7733,7.8,234,LEFT_SHOULDER,0.05177652835845947,-0.0067102015018463135,0.0008829981088637959
7734,7.8,234,RIGHT_SHOULDER,-0.05177652835845947,0.006710201501846369,-0.0008829981088638028
7735,7.8,234,LEFT_ELBOW,0.06877326965332031,-0.13676834106445312,0.025661915540695194
7736,7.8,234,RIGHT_ELBOW,-0.0806830525398255,-0.12974289059638971,-0.0269691646099091
7737,7.8,234,LEFT_WRIST,0.04629737138748169,-0.20667487382888794,-0.04171556979417801
7738,7.8,234,RIGHT_WRIST,-0.01634383201599121,-0.14005827903747553,-0.1133377850055695
7739,7.8,234,LEFT_PINKY,0.03704577684402466,-0.2354331612586975,-0.0692541971802712
7740,7.8,234,RIGHT_PINKY,6.556510925292969e-05,-0.15107402205467224,-0.13983768224716192
7741,7.8,234,LEFT_INDEX,0.033442139625549316,-0.21176362037658691,-0.0764402002096176
7742,7.8,234,RIGHT_INDEX,0.0029501914978027344,-0.1303301453590393,-0.1338303983211518
7743,7.8,234,LEFT_THUMB,0.03459650278091431,-0.2009013295173645,-0.044515341520309504
7744,7.8,234,RIGHT_THUMB,-0.0005801916122436523,-0.1262246668338775,-0.1106782108545304
7745,7.8,234,LEFT_HIP,0.02164602279663086,-0.2584261894226074,0.051271163625642595
7746,7.8,234,RIGHT_HIP,-0.03450682759284979,-0.249356210231781,0.056508263573050395
7747,7.8,234,LEFT_KNEE,0.031557679176330566,-0.42128968238830566,0.05806158017367109
7748,7.8,234,RIGHT_KNEE,-0.041531205177307184,-0.44061195850372314,0.0913333296775817
7749,7.8,234,LEFT_ANKLE,0.04034525156021118,-0.5603881478309631,0.18552732467651362
7750,7.8,234,RIGHT_ANKLE,-0.053395569324493464,-0.5751445889472961,0.22060443460941298
7751,7.8,234,LEFT_HEEL,0.03249669075012207,-0.5716083645820618,0.19759564101695998
7752,7.8,234,RIGHT_HEEL,-0.05136439204216009,-0.583549439907074,0.23336035013198841
7753,7.8,234,LEFT_FOOT_INDEX,0.0316312313079834,-0.6562872529029846,0.13655650615692128
7754,7.8,234,RIGHT_FOOT_INDEX,-0.06152004003524786,-0.6714968085289001,0.1559884175658225
7755,7.833333333333333,235,NOSE,-0.006785839796066284,0.08400866389274597,-0.11590333841741089
7756,7.833333333333333,235,LEFT_EYE_INNER,0.0026476681232452393,0.10655584931373599,-0.1080724205821753
7757,7.833333333333333,235,LEFT_EYE,0.00792589783668518,0.10616284608840948,-0.10810404084622861
7758,7.833333333333333,235,LEFT_EYE_OUTER,0.01215103268623352,0.10549865663051608,-0.1081736888736486
7759,7.833333333333333,235,RIGHT_EYE_INNER,-0.01173904538154602,0.1081109493970871,-0.10539366863667969
7760,7.833333333333333,235,RIGHT_EYE,-0.015893667936325073,0.10905644297599798,-0.10536175034940241
7761,7.833333333333333,235,RIGHT_EYE_OUTER,-0.01893290877342224,0.1099357008934021,-0.10542655549943451
7762,7.833333333333333,235,LEFT_EAR,0.02080896496772766,0.0984087586402893,-0.0422106292098761
7763,7.833333333333333,235,RIGHT_EAR,-0.02040794491767889,0.1038364470005036,-0.031179843470454202
7764,7.833333333333333,235,MOUTH_LEFT,0.0035122931003570557,0.061420738697052,-0.08918701671063901
7765,7.833333333333333,235,MOUTH_RIGHT,-0.01418110728263855,0.06405824422836309,-0.0858957376331091
7766,7.833333333333333,235,LEFT_SHOULDER,0.05217751860618591,-0.006602942943572998,0.0007757339626551021
7767,7.833333333333333,235,RIGHT_SHOULDER,-0.05217751860618591,0.006602942943572998,-0.0007757339626551021
7768,7.833333333333333,235,LEFT_ELBOW,0.06879517436027527,-0.13651973009109492,0.027259124442935
7769,7.833333333333333,235,RIGHT_ELBOW,-0.08161085844039917,-0.1294922530651092,-0.0206853654235601
7770,7.833333333333333,235,LEFT_WRIST,0.0457741916179657,-0.20737475156784058,-0.0384172182530165
7771,7.833333333333333,235,RIGHT_WRIST,-0.01708391308784485,-0.1505257785320282,-0.0904313530772924
7772,7.833333333333333,235,LEFT_PINKY,0.036861032247543335,-0.23780471086502075,-0.0635855328291655
7773,7.833333333333333,235,RIGHT_PINKY,-0.00046202540397644043,-0.16394424438476562,-0.11386605165898801
7774,7.833333333333333,235,LEFT_INDEX,0.03309252858161926,-0.21719759702682495,-0.07061446271836759
7775,7.833333333333333,235,RIGHT_INDEX,0.002540081739425659,-0.1425122618675232,-0.10800466500222679
7776,7.833333333333333,235,LEFT_THUMB,0.03416904807090759,-0.20464873313903809,-0.0411976482719183
7777,7.833333333333333,235,RIGHT_THUMB,-0.0008408129215240479,-0.13834360241889954,-0.0867853667587042
7778,7.833333333333333,235,LEFT_HIP,0.021237820386886597,-0.258611798286438,0.0529478564858437
7779,7.833333333333333,235,RIGHT_HIP,-0.035084486007690485,-0.24953055381774902,0.0607692981138825
7780,7.833333333333333,235,LEFT_KNEE,0.0311872661113739,-0.420958936214447,0.0539811584167183
7781,7.833333333333333,235,RIGHT_KNEE,-0.04108279943466192,-0.4390289783477783,0.08833302743732921
7782,7.833333333333333,235,LEFT_ANKLE,0.03909823298454285,-0.5614528059959412,0.1686655227094888
7783,7.833333333333333,235,RIGHT_ANKLE,-0.053722530603408813,-0.5773690938949585,0.20649079419672478
7784,7.833333333333333,235,LEFT_HEEL,0.0319465696811676,-0.5717369914054871,0.1781041268259286
7785,7.833333333333333,235,RIGHT_HEEL,-0.0509800910949707,-0.5851492881774903,0.21791259385645378
7786,7.833333333333333,235,LEFT_FOOT_INDEX,0.030389338731765747,-0.6590856313705442,0.122120464220643
7787,7.833333333333333,235,RIGHT_FOOT_INDEX,-0.0618357658386231,-0.6719739437103271,0.14769375510513771
7788,7.866666666666666,236,NOSE,-0.006908297538757324,0.0836771428585053,-0.11478850804269311
7789,7.866666666666666,236,LEFT_EYE_INNER,0.002521812915802002,0.1061705350875855,-0.10783891938626769
7790,7.866666666666666,236,LEFT_EYE,0.007793545722961426,0.10576120018959051,-0.1078677084296942
7791,7.866666666666666,236,LEFT_EYE_OUTER,0.012017130851745605,0.10508817434310921,-0.1079379972070455
7792,7.866666666666666,236,RIGHT_EYE_INNER,-0.011782944202423096,0.10776939988136292,-0.10484272800385949
7793,7.866666666666666,236,RIGHT_EYE,-0.015876173973083496,0.10873100161552432,-0.1048078443855047
7794,7.866666666666666,236,RIGHT_EYE_OUTER,-0.01891624927520752,0.1096225827932358,-0.1048663761466741
7795,7.866666666666666,236,LEFT_EAR,0.02072221040725708,0.0981095433235169,-0.043779050931334496
7796,7.866666666666666,236,RIGHT_EAR,-0.02011996507644659,0.10359625518321991,-0.0316653978079557
7797,7.866666666666666,236,MOUTH_LEFT,0.0033549070358276367,0.061063021421432495,-0.0885955449193716
7798,7.866666666666666,236,MOUTH_RIGHT,-0.014278173446655273,0.0637244582176209,-0.0848787631839514
7799,7.866666666666666,236,LEFT_SHOULDER,0.05220073461532593,-0.006358057260513306,0.0002757627516985009
7800,7.866666666666666,236,RIGHT_SHOULDER,-0.05220073461532593,0.006358057260513306,-0.0002757627516985009
7801,7.866666666666666,236,LEFT_ELBOW,0.06924009323120117,-0.1339631974697113,0.0299741625785828
7802,7.866666666666666,236,RIGHT_ELBOW,-0.08204403519630432,-0.13011792302131647,-0.014724409207701697
7803,7.866666666666666,236,LEFT_WRIST,0.04764336347579956,-0.20766153931617737,-0.03454033099114891
7804,7.866666666666666,236,RIGHT_WRIST,-0.01836693286895752,-0.15936383605003357,-0.0812032725661993
7805,7.866666666666666,236,LEFT_PINKY,0.039216578006744385,-0.2385457456111908,-0.058544872328639
7806,7.866666666666666,236,RIGHT_PINKY,-0.0013424158096313477,-0.17481032013893127,-0.10476330481469631
7807,7.866666666666666,236,LEFT_INDEX,0.035362184047698975,-0.22026190161705017,-0.0660238694399595
7808,7.866666666666666,236,RIGHT_INDEX,0.0020282864570617676,-0.15345504879951477,-0.09982042573392391
7809,7.866666666666666,236,LEFT_THUMB,0.03633302450180054,-0.20736625790596008,-0.0368709322065115
7810,7.866666666666666,236,RIGHT_THUMB,-0.0015829205513000488,-0.1481716632843017,-0.0779665615409613
7811,7.866666666666666,236,LEFT_HIP,0.02108222246170044,-0.25888362526893616,0.053512275684624896
7812,7.866666666666666,236,RIGHT_HIP,-0.035344541072845514,-0.2502029836177826,0.0619716895744204
7813,7.866666666666666,236,LEFT_KNEE,0.030201613903045654,-0.4313127100467682,0.057522572547895896
7814,7.866666666666666,236,RIGHT_KNEE,-0.03924551606178289,-0.4429781138896942,0.0878466200083493
7815,7.866666666666666,236,LEFT_ANKLE,0.038156986236572266,-0.5616720020771027,0.1750394869595765
7816,7.866666666666666,236,RIGHT_ANKLE,-0.05349326133728033,-0.5782819092273713,0.2003681007772683
7817,7.866666666666666,236,LEFT_HEEL,0.03134810924530029,-0.5720153748989105,0.1840933952480554
7818,7.866666666666666,236,RIGHT_HEEL,-0.05056029558181763,-0.5856238305568695,0.2115661446005105
7819,7.866666666666666,236,LEFT_FOOT_INDEX,0.029747366905212402,-0.6633137166500094,0.1308607999235391
7820,7.866666666666666,236,RIGHT_FOOT_INDEX,-0.059727579355239924,-0.677361935377121,0.1451263520866632
7821,7.9,237,NOSE,-0.006624951958656311,0.08315566182136541,-0.11968682892620569
7822,7.9,237,LEFT_EYE_INNER,0.0027310699224472046,0.10560525953769692,-0.111879812553525
7823,7.9,237,LEFT_EYE,0.007881924510002136,0.10521088540554052,-0.11189867742359641
7824,7.9,237,LEFT_EYE_OUTER,0.012085899710655212,0.10453483462333682,-0.1119440514594317
7825,7.9,237,RIGHT_EYE_INNER,-0.011294916272163391,0.10720866918563851,-0.1096780169755221
7826,7.9,237,RIGHT_EYE,-0.015259876847267151,0.10809488594532021,-0.1096538919955492
7827,7.9,237,RIGHT_EYE_OUTER,-0.01852990686893463,0.10889849066734322,-0.10969960875809201
7828,7.9,237,LEFT_EAR,0.020889148116111755,0.09754993021488192,-0.0431429687887431
7829,7.9,237,RIGHT_EAR,-0.019978657364845276,0.10275964438915261,-0.0358221475034953
7830,7.9,237,MOUTH_LEFT,0.003476843237876892,0.060758113861083984,-0.091812925413251
7831,7.9,237,MOUTH_RIGHT,-0.013882413506507874,0.0632715523242951,-0.08928726799786099
7832,7.9,237,LEFT_SHOULDER,0.05217932164669037,-0.005660474300384466,0.003421241417527199
7833,7.9,237,RIGHT_SHOULDER,-0.05217932164669037,0.0056604743003845215,-0.003421241417527199
7834,7.9,237,LEFT_ELBOW,0.07059858739376068,-0.1274032592773437,0.0384696070104837
7835,7.9,237,RIGHT_ELBOW,-0.08230827748775488,-0.13093307614326477,-0.006533207371830996
7836,7.9,237,LEFT_WRIST,0.05068765580654144,-0.20732003450393677,-0.028360689058899907
7837,7.9,237,RIGHT_WRIST,-0.025523647665977478,-0.17302316427230835,-0.0700393784791232
7838,7.9,237,LEFT_PINKY,0.043842777609825134,-0.23961323499679565,-0.057315567508339896
7839,7.9,237,RIGHT_PINKY,-0.00844527781009674,-0.1934044361114502,-0.0954715926200152
7840,7.9,237,LEFT_INDEX,0.0386195033788681,-0.22223436832427979,-0.06893120892345911
7841,7.9,237,RIGHT_INDEX,-0.002264752984046936,-0.17422032356262207,-0.09269347973167899
7842,7.9,237,LEFT_THUMB,0.03884755074977875,-0.20905494689941406,-0.032968575134873404
7843,7.9,237,RIGHT_THUMB,-0.006064429879188538,-0.16694653034210205,-0.06885467655956751
7844,7.9,237,LEFT_HIP,0.0209493488073349,-0.2592903971672058,0.0611296547576785
7845,7.9,237,RIGHT_HIP,-0.03567428886890417,-0.25102341175079346,0.0692139258608221
7846,7.9,237,LEFT_KNEE,0.027174457907676697,-0.4349391460418701,0.0915833543986081
7847,7.9,237,RIGHT_KNEE,-0.04071719944477087,-0.44054561853408813,0.1080908719450234
7848,7.9,237,LEFT_ANKLE,0.03748510777950287,-0.5619330406188964,0.2087966632097958
7849,7.9,237,RIGHT_ANKLE,-0.05375932157039648,-0.575270175933838,0.223842991515994
7850,7.9,237,LEFT_HEEL,0.030762121081352234,-0.5725372433662416,0.2179978620260953
7851,7.9,237,RIGHT_HEEL,-0.050696745514869745,-0.58232319355011,0.2349113058298825
7852,7.9,237,LEFT_FOOT_INDEX,0.02922217547893524,-0.6611531972885132,0.1634890567511319
7853,7.9,237,RIGHT_FOOT_INDEX,-0.06628082692623138,-0.6762071847915649,0.1667411159723996
7854,7.933333333333334,238,NOSE,-0.006059437990188599,0.08267398178577418,-0.11633011326193811
7855,7.933333333333334,238,LEFT_EYE_INNER,0.0033415257930755615,0.10524047911167139,-0.10874068364501001
7856,7.933333333333334,238,LEFT_EYE,0.00833919644355774,0.10496927797794339,-0.10876343771815301
7857,7.933333333333334,238,LEFT_EYE_OUTER,0.012592107057571411,0.1043622940778732,-0.10881352052092551
7858,7.933333333333334,238,RIGHT_EYE_INNER,-0.010564953088760376,0.10667675733566279,-0.1069703660905361
7859,7.933333333333334,238,RIGHT_EYE,-0.014451473951339722,0.1075031161308288,-0.10694515332579611
7860,7.933333333333334,238,RIGHT_EYE_OUTER,-0.017986327409744263,0.1082481890916824,-0.10698744282126431
7861,7.933333333333334,238,LEFT_EAR,0.021582812070846558,0.0974767059087753,-0.0414442233741283
7862,7.933333333333334,238,RIGHT_EAR,-0.01984307169914251,0.1020814031362533,-0.0368003286421299
7863,7.933333333333334,238,MOUTH_LEFT,0.003741830587387085,0.06074081361293787,-0.08912771567702289
7864,7.933333333333334,238,MOUTH_RIGHT,-0.01334109902381897,0.06282328069210047,-0.0872858129441738
7865,7.933333333333334,238,LEFT_SHOULDER,0.05217382311820984,-0.00503171980381012,0.002543028444051701
7866,7.933333333333334,238,RIGHT_SHOULDER,-0.052173823118209894,0.00503171980381012,-0.002543028444051701
7867,7.933333333333334,238,LEFT_ELBOW,0.07182440161705017,-0.12464357912540441,0.039975566789507894
7868,7.933333333333334,238,RIGHT_ELBOW,-0.0827045738697052,-0.12989039719104772,-0.002041917294263798
7869,7.933333333333334,238,LEFT_WRIST,0.05205532908439636,-0.20712350308895117,-0.02724390104413031
7870,7.933333333333334,238,RIGHT_WRIST,-0.03460061550140381,-0.17794649302959448,-0.06785663589835171
7871,7.933333333333334,238,LEFT_PINKY,0.046176642179489136,-0.24035428464412695,-0.05723444744944571
7872,7.933333333333334,238,RIGHT_PINKY,-0.019222944974899292,-0.20074711740016943,-0.0931086800992489
7873,7.933333333333334,238,LEFT_INDEX,0.04047307372093201,-0.22293291985988622,-0.06881294772028922
7874,7.933333333333334,238,RIGHT_INDEX,-0.011248558759689331,-0.1828306764364243,-0.09194075688719751
7875,7.933333333333334,238,LEFT_THUMB,0.039968401193618774,-0.20986025035381323,-0.0320740751922131
7876,7.933333333333334,238,RIGHT_THUMB,-0.0151386559009552,-0.1736596673727036,-0.06758068129420282
7877,7.933333333333334,238,LEFT_HIP,0.020902901887893677,-0.25989936292171484,0.06322555616497989
7878,7.933333333333334,238,RIGHT_HIP,-0.035953462123870905,-0.25171117484569555,0.0711158281192183
7879,7.933333333333334,238,LEFT_KNEE,0.02314278483390808,-0.4405627697706223,0.1062707155942916
7880,7.933333333333334,238,RIGHT_KNEE,-0.04284089803695679,-0.4397175163030625,0.11859435215592379
7881,7.933333333333334,238,LEFT_ANKLE,0.03706267476081848,-0.56216661632061,0.2128953523933887
7882,7.933333333333334,238,RIGHT_ANKLE,-0.05404141545295721,-0.5728751868009567,0.22693094983696932
7883,7.933333333333334,238,LEFT_HEEL,0.03016403317451477,-0.5729985088109972,0.2211163975298404
7884,7.933333333333334,238,RIGHT_HEEL,-0.0510176420211792,-0.5801568478345871,0.2372465468943118
7885,7.933333333333334,238,LEFT_FOOT_INDEX,0.027384251356124878,-0.6601798385381699,0.1695241294801234
7886,7.933333333333334,238,RIGHT_FOOT_INDEX,-0.06667536497116089,-0.6461782306432724,0.1725032664835452
7887,7.966666666666667,239,NOSE,-0.005474895238876343,0.08104836940765381,-0.14087327569723135
7888,7.966666666666667,239,LEFT_EYE_INNER,0.0038221776485443115,0.10344178974628451,-0.13286117464303976
7889,7.966666666666667,239,LEFT_EYE,0.008651286363601685,0.1032999455928803,-0.13286785036325455
7890,7.966666666666667,239,LEFT_EYE_OUTER,0.012938350439071655,0.1029336750507355,-0.13291283696889886
7891,7.966666666666667,239,RIGHT_EYE_INNER,-0.009927183389663696,0.10472346842288971,-0.13121067732572564
7892,7.966666666666667,239,RIGHT_EYE,-0.013764649629592896,0.10571555793285373,-0.13119042664766314
7893,7.966666666666667,239,RIGHT_EYE_OUTER,-0.017450779676437378,0.10641843080520633,-0.13120698183774954
7894,7.966666666666667,239,LEFT_EAR,0.022025734186172485,0.09712687134742742,-0.05495881289243704
7895,7.966666666666667,239,RIGHT_EAR,-0.019815593957901,0.10121610760688782,-0.051157109439373044
7896,7.966666666666667,239,MOUTH_LEFT,0.0040475428104400635,0.059217363595962524,-0.10902138799428945
7897,7.966666666666667,239,MOUTH_RIGHT,-0.012798219919204712,0.06058821082115173,-0.10743097215890884
7898,7.966666666666667,239,LEFT_SHOULDER,0.05195048451423645,-0.004914373159408569,0.0023637786507606506
7899,7.966666666666667,239,RIGHT_SHOULDER,-0.05195048451423645,0.004914373159408625,-0.0023637786507606506
7900,7.966666666666667,239,LEFT_ELBOW,0.07353469729423523,-0.1248787641525268,0.04948688670992845
7901,7.966666666666667,239,RIGHT_ELBOW,-0.08324167132377625,-0.12808525562286377,0.006803207099437658
7902,7.966666666666667,239,LEFT_WRIST,0.051938265562057495,-0.20796751976013184,-0.02106458693742755
7903,7.966666666666667,239,RIGHT_WRIST,-0.04185521602630615,-0.18576061725616455,-0.06651137024164205
7904,7.966666666666667,239,LEFT_PINKY,0.04846790432929993,-0.24303793907165527,-0.054512210190296256
7905,7.966666666666667,239,RIGHT_PINKY,-0.02996510267257696,-0.2072538137435913,-0.09553258866071704
7906,7.966666666666667,239,LEFT_INDEX,0.041183799505233765,-0.22772246599197388,-0.06965451687574395
7907,7.966666666666667,239,RIGHT_INDEX,-0.021910518407821655,-0.19271600246429443,-0.10256803780794144
7908,7.966666666666667,239,LEFT_THUMB,0.03986576199531555,-0.2146170735359192,-0.027707979083061246
7909,7.966666666666667,239,RIGHT_THUMB,-0.024439066648483276,-0.18290555477142334,-0.06960017234086996
7910,7.966666666666667,239,LEFT_HIP,0.020999759435653687,-0.2599216103553772,0.08844245783984656
7911,7.966666666666667,239,RIGHT_HIP,-0.036306232213974055,-0.25154584646224976,0.09489922737702715
7912,7.966666666666667,239,LEFT_KNEE,0.022106319665908813,-0.44373011589050293,0.12971454486250866
7913,7.966666666666667,239,RIGHT_KNEE,-0.04653537273406988,-0.4385359287261963,0.14556194096803654
7914,7.966666666666667,239,LEFT_ANKLE,0.036372989416122437,-0.5622717142105104,0.259886510670185
7915,7.966666666666667,239,RIGHT_ANKLE,-0.05460116267204285,-0.5709525346755981,0.28372003883123387
7916,7.966666666666667,239,LEFT_HEEL,0.02942618727684021,-0.5731959342956544,0.2700495049357413
7917,7.966666666666667,239,RIGHT_HEEL,-0.05212491750717163,-0.5784177184104919,0.29668081551790226
7918,7.966666666666667,239,LEFT_FOOT_INDEX,0.02764829993247986,-0.6592166423797607,0.20406720787286745
7919,7.966666666666667,239,RIGHT_FOOT_INDEX,-0.07108637690544134,-0.6477409601211548,0.21783084422349916
7920,8.0,240,NOSE,-0.004808112978935242,0.08032198250293732,-0.1462266966700554
7921,8.0,240,LEFT_EYE_INNER,0.004260256886482239,0.10283993184566498,-0.1384980753064156
7922,8.0,240,LEFT_EYE,0.00888468325138092,0.10286012291908259,-0.1385105773806572
7923,8.0,240,LEFT_EYE_OUTER,0.013246431946754456,0.10266424715518949,-0.1385617777705193
7924,8.0,240,RIGHT_EYE_INNER,-0.009368404746055603,0.1039675772190094,-0.136761985719204
7925,8.0,240,RIGHT_EYE,-0.013210579752922058,0.10504823923110959,-0.13674580305814749
7926,8.0,240,RIGHT_EYE_OUTER,-0.0169287770986557,0.1057963818311691,-0.13676191121339798
7927,8.0,240,LEFT_EAR,0.02234978973865509,0.09721498191356659,-0.0588422790169716
7928,8.0,240,RIGHT_EAR,-0.01980440318584442,0.1011577099561691,-0.05451761931180961
7929,8.0,240,MOUTH_LEFT,0.004496410489082336,0.05859939754009241,-0.11352150887250899
7930,8.0,240,MOUTH_RIGHT,-0.012156948447227478,0.05971516668796539,-0.1117839738726616
7931,8.0,240,LEFT_SHOULDER,0.05200411379337311,-0.004769459366798401,0.0011504217982292037
7932,8.0,240,RIGHT_SHOULDER,-0.05200411379337311,0.004769459366798401,-0.0011504217982292037
7933,8.0,240,LEFT_ELBOW,0.0758485347032547,-0.12489806115627289,0.0475905276834965
7934,8.0,240,RIGHT_ELBOW,-0.08436207473278051,-0.1258919090032578,0.005760453641414601
7935,8.0,240,LEFT_WRIST,0.05254872143268585,-0.20764328539371496,-0.025389857590198503
7936,8.0,240,RIGHT_WRIST,-0.051963433623313904,-0.1878876835107804,-0.07707347720861439
7937,8.0,240,LEFT_PINKY,0.051153913140296936,-0.2428553849458695,-0.05857401341199879
7938,8.0,240,RIGHT_PINKY,-0.042146459221839905,-0.2106496244668961,-0.1062599644064904
7939,8.0,240,LEFT_INDEX,0.04302658140659332,-0.2287312895059586,-0.0737776383757592
7940,8.0,240,RIGHT_INDEX,-0.03415976464748388,-0.19666053354740148,-0.1147514656186104
7941,8.0,240,LEFT_THUMB,0.040983930230140686,-0.21540196239948278,-0.0321038961410523
7942,8.0,240,RIGHT_THUMB,-0.035594567656517084,-0.18614299595355993,-0.0809480473399163
7943,8.0,240,LEFT_HIP,0.021849408745765686,-0.2597361952066422,0.0887391015421599
7944,8.0,240,RIGHT_HIP,-0.034907266497612,-0.25255061686038976,0.0934717536438255
7945,8.0,240,LEFT_KNEE,0.022069349884986877,-0.4487362056970597,0.129531119018793
7946,8.0,240,RIGHT_KNEE,-0.0465338677167893,-0.44121827185153967,0.1385343633592128
7947,8.0,240,LEFT_ANKLE,0.03964908421039581,-0.5638734251260757,0.2716727182269095
7948,8.0,240,RIGHT_ANKLE,-0.05468468368053436,-0.5695709735155106,0.2678257450461387
7949,8.0,240,LEFT_HEEL,0.028333738446235657,-0.573495402932167,0.2830627188086509
7950,8.0,240,RIGHT_HEEL,-0.05227561295032501,-0.576578214764595,0.2800527736544608
7951,8.0,240,LEFT_FOOT_INDEX,0.03134264051914215,-0.6586650162935257,0.21803478151559819
7952,8.0,240,RIGHT_FOOT_INDEX,-0.0698989480733872,-0.6570143252611162,0.2018404379487037
7953,8.033333333333333,241,NOSE,-0.004441872239112854,0.08054012060165405,-0.15585091710090637
7954,8.033333333333333,241,LEFT_EYE_INNER,0.0046754926443099976,0.10324031114578255,-0.14723950624465942
7955,8.033333333333333,241,LEFT_EYE,0.009189590811729431,0.10327465832233435,-0.14725813269615173
7956,8.033333333333333,241,LEFT_EYE_OUTER,0.013606354594230652,0.10307925939559937,-0.14730507135391235
7957,8.033333333333333,241,RIGHT_EYE_INNER,-0.009014025330543518,0.10436655580997475,-0.14597778022289276
7958,8.033333333333333,241,RIGHT_EYE,-0.012904301285743713,0.10544624924659735,-0.14596812427043915
7959,8.033333333333333,241,RIGHT_EYE_OUTER,-0.016622021794319153,0.10619473457336426,-0.14598071575164795
7960,8.033333333333333,241,LEFT_EAR,0.02267037332057953,0.09763361513614655,-0.06242652237415315
7961,8.033333333333333,241,RIGHT_EAR,-0.019884958863258362,0.10158261656761175,-0.06015451252460484
7962,8.033333333333333,241,MOUTH_LEFT,0.0046106427907943726,0.05866128206253057,-0.12130178511142735
7963,8.033333333333333,241,MOUTH_RIGHT,-0.012016430497169495,0.05972579121589666,-0.12018646299839024
7964,8.033333333333333,241,LEFT_SHOULDER,0.05240689218044281,-0.0043479204177856445,0.000456199049949646
7965,8.033333333333333,241,RIGHT_SHOULDER,-0.05240689218044281,0.0043479204177856445,-0.000456199049949646
7966,8.033333333333333,241,LEFT_ELBOW,0.07908754050731659,-0.12520727515220642,0.04798509925603865
7967,8.033333333333333,241,RIGHT_ELBOW,-0.08496253192424774,-0.12546822428703303,0.005673334002494854
7968,8.033333333333333,241,LEFT_WRIST,0.052254363894462585,-0.20718616247177124,-0.031022429466247545
7969,8.033333333333333,241,RIGHT_WRIST,-0.059115335345268305,-0.18939107656478882,-0.09792317450046543
7970,8.033333333333333,241,LEFT_PINKY,0.05242638289928436,-0.24207425117492676,-0.06489205360412593
7971,8.033333333333333,241,RIGHT_PINKY,-0.053286030888557434,-0.21493691205978394,-0.12978959083557123
7972,8.033333333333333,241,LEFT_INDEX,0.043796882033348083,-0.22833573818206787,-0.08160819113254546
7973,8.033333333333333,241,RIGHT_INDEX,-0.0448992401361466,-0.197678804397583,-0.14129115641117096
7974,8.033333333333333,241,LEFT_THUMB,0.041224464774131775,-0.21504122018814087,-0.03845560550689696
7975,8.033333333333333,241,RIGHT_THUMB,-0.04555292427539831,-0.18786251544952393,-0.10363063216209416
7976,8.033333333333333,241,LEFT_HIP,0.02328185737133026,-0.25944674015045166,0.09294172725640235
7977,8.033333333333333,241,RIGHT_HIP,-0.0327468067407608,-0.2565169334411621,0.09567869279999275
7978,8.033333333333333,241,LEFT_KNEE,0.024659499526023865,-0.4484100341796875,0.13839347660541526
7979,8.033333333333333,241,RIGHT_KNEE,-0.04383145272731781,-0.442463755607605,0.14254615455865854
7980,8.033333333333333,241,LEFT_ANKLE,0.042153939604759216,-0.5658353567123413,0.2967700362205504
7981,8.033333333333333,241,RIGHT_ANKLE,-0.05414028465747833,-0.5686646103858948,0.28663370013236994
7982,8.033333333333333,241,LEFT_HEEL,0.02818743884563446,-0.5744159817695618,0.30976410210132593
7983,8.033333333333333,241,RIGHT_HEEL,-0.052135780453682,-0.576122283935547,0.30021968483924855
7984,8.033333333333333,241,LEFT_FOOT_INDEX,0.03586016595363617,-0.6578991413116455,0.24586559832096094
7985,8.033333333333333,241,RIGHT_FOOT_INDEX,-0.06572763621807104,-0.6583251953125002,0.22153159976005543
7986,8.066666666666666,242,NOSE,-0.004013657569885254,0.08128595352172852,-0.13933098688721654
7987,8.066666666666666,242,LEFT_EYE_INNER,0.005237162113189697,0.10441851615905764,-0.13054998591542244
7988,8.066666666666666,242,LEFT_EYE,0.009590566158294678,0.10444074869155884,-0.13057858124375343
7989,8.066666666666666,242,LEFT_EYE_OUTER,0.014097273349761963,0.10413235425949105,-0.13063258305191994
7990,8.066666666666666,242,RIGHT_EYE_INNER,-0.008590638637542725,0.10549385845661163,-0.12916964665055275
7991,8.066666666666666,242,RIGHT_EYE,-0.012619435787200928,0.10655453801155093,-0.12915829196572304
7992,8.066666666666666,242,RIGHT_EYE_OUTER,-0.01636892557144165,0.10729824006557465,-0.12918313220143315
7993,8.066666666666666,242,LEFT_EAR,0.023006975650787354,0.09844018518924713,-0.05514175072312355
7994,8.066666666666666,242,RIGHT_EAR,-0.020174920558929443,0.10257616639137274,-0.04885959997773173
7995,8.066666666666666,242,MOUTH_LEFT,0.004712343215942383,0.059370517730712946,-0.10705754533410075
7996,8.066666666666666,242,MOUTH_RIGHT,-0.012058615684509277,0.06042486429214483,-0.10567236319184303
7997,8.066666666666666,242,LEFT_SHOULDER,0.05307871103286743,-0.003679215908050537,-0.00019099190831184387
7998,8.066666666666666,242,RIGHT_SHOULDER,-0.05307871103286743,0.003679215908050537,0.00019099190831185775
7999,8.066666666666666,242,LEFT_ELBOW,0.08150482177734375,-0.12489145994186396,0.042381841689348256
8000,8.066666666666666,242,RIGHT_ELBOW,-0.08576026558876043,-0.12487086653709406,0.0005503259599208554
8001,8.066666666666666,242,LEFT_WRIST,0.055232107639312744,-0.20433267951011658,-0.03332502767443654
8002,8.066666666666666,242,RIGHT_WRIST,-0.0647527277469635,-0.1902170479297638,-0.11010603979229924
8003,8.066666666666666,242,LEFT_PINKY,0.05641984939575195,-0.2380312979221344,-0.06725336983799934
8004,8.066666666666666,242,RIGHT_PINKY,-0.06252142786979681,-0.21628937125205994,-0.14309783652424815
8005,8.066666666666666,242,LEFT_INDEX,0.04651826620101929,-0.22750988602638245,-0.08357622101902965
8006,8.066666666666666,242,RIGHT_INDEX,-0.054111212491989136,-0.1998187005519867,-0.15424321964383125
8007,8.066666666666666,242,LEFT_THUMB,0.04370623826980591,-0.21429619193077087,-0.04054710641503334
8008,8.066666666666666,242,RIGHT_THUMB,-0.05330789089202881,-0.19067177176475525,-0.11617559567093844
8009,8.066666666666666,242,LEFT_HIP,0.024485230445861816,-0.26167091727256775,0.08730282942997286
8010,8.066666666666666,242,RIGHT_HIP,-0.031628817319869995,-0.26219645142555237,0.08677165667177175
8011,8.066666666666666,242,LEFT_KNEE,0.02982693910598755,-0.4536333978176117,0.12254873290657986
8012,8.066666666666666,242,RIGHT_KNEE,-0.043874263763427734,-0.4472523033618927,0.13030119985342015
8013,8.066666666666666,242,LEFT_ANKLE,0.043273746967315674,-0.5681793987751007,0.2896721325814724
8014,8.066666666666666,242,RIGHT_ANKLE,-0.05405646562576294,-0.5724680721759796,0.27077468857169146
8015,8.066666666666666,242,LEFT_HEEL,0.03304702043533325,-0.5767164528369902,0.3039977662265301
8016,8.066666666666666,242,RIGHT_HEEL,-0.052625805139541626,-0.5816068947315216,0.28437047824263567
8017,8.066666666666666,242,LEFT_FOOT_INDEX,0.042202115058898926,-0.6616013944149017,0.24197539314627645
8018,8.066666666666666,242,RIGHT_FOOT_INDEX,-0.06362119317054754,-0.663995236158371,0.20621186867356295
8019,8.1,243,NOSE,-0.003585249185562134,0.08339253067970276,-0.1164345927536487
8020,8.1,243,LEFT_EYE_INNER,0.005581110715866089,0.10687261819839483,-0.1072735227644443
8021,8.1,243,LEFT_EYE,0.009805828332901001,0.10665823519229894,-0.1073312200605869
8022,8.1,243,LEFT_EYE_OUTER,0.01434829831123352,0.10596263408660894,-0.10738836601376531
8023,8.1,243,RIGHT_EYE_INNER,-0.008233219385147095,0.10770070552825933,-0.1071964837610721
8024,8.1,243,RIGHT_EYE,-0.012372404336929321,0.10857471823692325,-0.1072238720953464
8025,8.1,243,RIGHT_EYE_OUTER,-0.01613423228263855,0.10919511318206793,-0.10725406184792521
8026,8.1,243,LEFT_EAR,0.023249000310897827,0.09907895326614383,-0.0350199900567531
8027,8.1,243,RIGHT_EAR,-0.02038714289665222,0.10344724357128143,-0.0372418276965618
8028,8.1,243,MOUTH_LEFT,0.004984050989151001,0.06174764037132263,-0.0881679989397526
8029,8.1,243,MOUTH_RIGHT,-0.011688679456710815,0.06316223740577703,-0.08851878717541692
8030,8.1,243,LEFT_SHOULDER,0.053519994020462036,-0.0035137832164764404,0.00047441199421879854
8031,8.1,243,RIGHT_SHOULDER,-0.05351999402046209,0.0035137832164764404,-0.00047441199421879854
8032,8.1,243,LEFT_ELBOW,0.08411803841590881,-0.12494581937789917,0.026759538799524293
8033,8.1,243,RIGHT_ELBOW,-0.08595091104507452,-0.12132194638252258,-0.012327600270509706
8034,8.1,243,LEFT_WRIST,0.057310909032821655,-0.20155712962150574,-0.05034533515572551
8035,8.1,243,RIGHT_WRIST,-0.07149520516395569,-0.19157835841178894,-0.1183244027197361
8036,8.1,243,LEFT_PINKY,0.06108185648918152,-0.23262318968772888,-0.08617377653717989
8037,8.1,243,RIGHT_PINKY,-0.07449391484260559,-0.21747419238090515,-0.1477188058197498
8038,8.1,243,LEFT_INDEX,0.04979321360588074,-0.22256043553352356,-0.10192099586129191
8039,8.1,243,RIGHT_INDEX,-0.06507241725921631,-0.20702233910560608,-0.1570865102112293
8040,8.1,243,LEFT_THUMB,0.04581710696220398,-0.21025052666664124,-0.05702888593077661
8041,8.1,243,RIGHT_THUMB,-0.061613202095031794,-0.19652757048606873,-0.1235836930572986
8042,8.1,243,LEFT_HIP,0.02731648087501526,-0.261581689119339,0.0697412055451422
8043,8.1,243,RIGHT_HIP,-0.030771851539611816,-0.26261231303215027,0.0656040129251778
8044,8.1,243,LEFT_KNEE,0.04314151406288147,-0.44898340106010437,0.09171962924301619
8045,8.1,243,RIGHT_KNEE,-0.043761223554611206,-0.44354185461997986,0.11046377196907989
8046,8.1,243,LEFT_ANKLE,0.049091488122940063,-0.5681653320789337,0.25101418420672406
8047,8.1,243,RIGHT_ANKLE,-0.05326703190803528,-0.5607943832874297,0.2468636743724346
8048,8.1,243,LEFT_HEEL,0.040496498346328735,-0.577348381280899,0.26090357825160015
8049,8.1,243,RIGHT_HEEL,-0.05195280909538269,-0.570484846830368,0.26010587438941
8050,8.1,243,LEFT_FOOT_INDEX,0.0515839159488678,-0.6616257131099701,0.1979441754519939
8051,8.1,243,RIGHT_FOOT_INDEX,-0.0641941130161286,-0.6377746164798737,0.1969967447221279
8052,8.133333333333333,244,NOSE,-0.004669785499572754,0.08699487149715429,-0.11827493086457261
8053,8.133333333333333,244,LEFT_EYE_INNER,0.004559993743896484,0.11058227717876437,-0.1094827540218831
8054,8.133333333333333,244,LEFT_EYE,0.008851766586303711,0.11029042303562167,-0.1095291711390019
8055,8.133333333333333,244,LEFT_EYE_OUTER,0.013319790363311768,0.10946220159530645,-0.10958764329552659
8056,8.133333333333333,244,RIGHT_EYE_INNER,-0.009325683116912842,0.11126752197742468,-0.1081806458532811
8057,8.133333333333333,244,RIGHT_EYE,-0.013449907302856445,0.11219233274459847,-0.10819332674145701
8058,8.133333333333333,244,RIGHT_EYE_OUTER,-0.01718771457672119,0.11280013620853427,-0.1082261092960835
8059,8.133333333333333,244,LEFT_EAR,0.022483766078948975,0.10080020129680636,-0.0378028713166714
8060,8.133333333333333,244,RIGHT_EAR,-0.02103710174560547,0.10645774006843567,-0.035234812647104305
8061,8.133333333333333,244,MOUTH_LEFT,0.003989577293395996,0.06617702543735504,-0.09036893025040629
8062,8.133333333333333,244,MOUTH_RIGHT,-0.012712657451629639,0.06718914210796356,-0.08921048417687419
8063,8.133333333333333,244,LEFT_SHOULDER,0.053813040256500244,-0.0034789294004440308,-0.0021124742925166945
8064,8.133333333333333,244,RIGHT_SHOULDER,-0.053813040256500244,0.0034789294004440863,0.0021124742925166945
8065,8.133333333333333,244,LEFT_ELBOW,0.08561939001083374,-0.12519310414791102,0.022893629968166303
8066,8.133333333333333,244,RIGHT_ELBOW,-0.08575657010078436,-0.11932097375392914,-0.0110179819166661
8067,8.133333333333333,244,LEFT_WRIST,0.05866116285324097,-0.20112939178943634,-0.0491749234497548
8068,8.133333333333333,244,RIGHT_WRIST,-0.07835695147514349,-0.1930968314409256,-0.11725449934601789
8069,8.133333333333333,244,LEFT_PINKY,0.0599977970123291,-0.23230840265750885,-0.0827949233353138
8070,8.133333333333333,244,RIGHT_PINKY,-0.08246728777885437,-0.21804220974445343,-0.145806197077036
8071,8.133333333333333,244,LEFT_INDEX,0.04969489574432373,-0.22018010914325714,-0.096868071705103
8072,8.133333333333333,244,RIGHT_INDEX,-0.07454764842987066,-0.20770414173603058,-0.1570102311670781
8073,8.133333333333333,244,LEFT_THUMB,0.046512603759765625,-0.20744992792606354,-0.0551870279014111
8074,8.133333333333333,244,RIGHT_THUMB,-0.06962987780570984,-0.19683177769184113,-0.1235336996614933
